Price,date,adj_close,close,high,low,open,volume
Ticker,,AAPL,AAPL,AAPL,AAPL,AAPL,AAPL
0,2016-01-04,23.860578536987305,26.337499618530273,26.342500686645508,25.5,25.65250015258789,270597600
1,2016-01-05,23.26264762878418,25.677499771118164,26.462499618530273,25.602500915527344,26.4375,223164000
2,2016-01-06,22.807411193847656,25.174999237060547,25.592500686645508,24.967500686645508,25.139999389648438,273829600
3,2016-01-07,21.844825744628906,24.112499237060547,25.032499313354492,24.107500076293945,24.670000076293945,324377600
4,2016-01-08,21.960338592529297,24.239999771118164,24.77750015258789,24.190000534057617,24.637500762939453,283192000
5,2016-01-11,22.3159236907959,24.63249969482422,24.764999389648438,24.334999084472656,24.74250030517578,198957600
6,2016-01-12,22.63981056213379,24.989999771118164,25.172500610351562,24.709999084472656,25.137500762939453,196616800
7,2016-01-13,22.05773162841797,24.34749984741211,25.297500610351562,24.325000762939453,25.079999923706055,249758400
8,2016-01-14,22.54015350341797,24.8799991607666,25.1200008392334,23.934999465942383,24.489999771118164,252680400
9,2016-01-15,21.99884033203125,24.282499313354492,24.427499771118164,23.84000015258789,24.049999237060547,319335600
10,2016-01-19,21.892396926879883,24.165000915527344,24.662500381469727,23.875,24.602500915527344,212350800
11,2016-01-20,21.921836853027344,24.197500228881836,24.547500610351562,23.354999542236328,23.774999618530273,289337600
12,2016-01-21,21.810863494873047,24.075000762939453,24.469999313354492,23.735000610351562,24.264999389648438,208646000
13,2016-01-22,22.970483779907227,25.354999542236328,25.364999771118164,24.592500686645508,24.657499313354492,263202000
14,2016-01-25,22.522031784057617,24.860000610351562,25.38249969482422,24.802499771118164,25.3799991607666,207178000
15,2016-01-26,22.646604537963867,24.997499465942383,25.219999313354492,24.517499923706055,24.982500076293945,300308000
16,2016-01-27,21.158567428588867,23.354999542236328,24.157499313354492,23.334999084472656,24.010000228881836,533478800
17,2016-01-28,21.310317993164062,23.522499084472656,23.6299991607666,23.09749984741211,23.447500228881836,222715200
18,2016-01-29,22.046411514282227,24.334999084472656,24.334999084472656,23.587499618530273,23.697500228881836,257666000
19,2016-02-01,21.840303421020508,24.107500076293945,24.177499771118164,23.850000381469727,24.11750030517578,163774000
20,2016-02-02,21.398653030395508,23.6200008392334,24.010000228881836,23.56999969482422,23.854999542236328,149428800
21,2016-02-03,21.822181701660156,24.087499618530273,24.209999084472656,23.520000457763672,23.75,183857200
22,2016-02-04,21.99752426147461,24.149999618530273,24.332500457763672,23.797500610351562,23.96500015258789,185886800
23,2016-02-05,21.410017013549805,23.5049991607666,24.229999542236328,23.422500610351562,24.1299991607666,185672400
24,2016-02-08,21.63545799255371,23.752500534057617,23.924999237060547,23.260000228881836,23.282499313354492,216085600
25,2016-02-09,21.630903244018555,23.747499465942383,23.985000610351562,23.482500076293945,23.572500228881836,177324800
26,2016-02-10,21.46693992614746,23.5674991607666,24.087499618530273,23.524999618530273,23.979999542236328,169374400
27,2016-02-11,21.337142944335938,23.424999237060547,23.68000030517578,23.147499084472656,23.447500228881836,200298800
28,2016-02-12,21.403179168701172,23.497499465942383,23.625,23.252500534057617,23.547500610351562,161405600
29,2016-02-16,22.006635665893555,24.15999984741211,24.212499618530273,23.65250015258789,23.7549991607666,196231600
30,2016-02-17,22.343658447265625,24.530000686645508,24.552499771118164,24.037500381469727,24.167499542236328,179452800
31,2016-02-18,21.920103073120117,24.065000534057617,24.72249984741211,24.022499084472656,24.709999084472656,156084000
32,2016-02-19,21.870006561279297,24.010000228881836,24.190000534057617,23.950000762939453,24.0,141496800
33,2016-02-22,22.06128692626953,24.219999313354492,24.225000381469727,23.979999542236328,24.077499389648438,137123200
34,2016-02-23,21.562583923339844,23.672500610351562,24.125,23.637500762939453,24.100000381469727,127770400
35,2016-02-24,21.883668899536133,24.024999618530273,24.094999313354492,23.329999923706055,23.4950008392334,145022800
36,2016-02-25,22.033964157104492,24.190000534057617,24.190000534057617,23.8125,24.012500762939453,110330800
37,2016-02-26,22.068117141723633,24.227500915527344,24.5049991607666,24.145000457763672,24.299999237060547,115964400
38,2016-02-29,22.018022537231445,24.172500610351562,24.5575008392334,24.162500381469727,24.21500015258789,140865200
39,2016-03-01,22.8924560546875,25.13249969482422,25.1924991607666,24.354999542236328,24.412500381469727,201628400
40,2016-03-02,22.942554473876953,25.1875,25.22249984741211,24.90999984741211,25.127500534057617,132678400
41,2016-03-03,23.113340377807617,25.375,25.427499771118164,25.112499237060547,25.145000457763672,147822800
42,2016-03-04,23.457195281982422,25.752500534057617,25.9375,25.342500686645508,25.592500686645508,184220400
43,2016-03-07,23.197595596313477,25.467500686645508,25.707500457763672,25.239999771118164,25.59749984741211,143315600
44,2016-03-08,23.006311416625977,25.25749969482422,25.440000534057617,25.100000381469727,25.19499969482422,126247600
45,2016-03-09,23.026809692382812,25.280000686645508,25.395000457763672,25.0674991607666,25.327499389648438,108806800
46,2016-03-10,23.038196563720703,25.292499542236328,25.559999465942383,25.037500381469727,25.352500915527344,134054400
47,2016-03-11,23.286409378051758,25.565000534057617,25.56999969482422,25.375,25.559999465942383,109632800
48,2016-03-14,23.345609664916992,25.6299991607666,25.727500915527344,25.44499969482422,25.477500915527344,100304400
49,2016-03-15,23.814714431762695,26.145000457763672,26.295000076293945,25.962499618530273,25.989999771118164,160270800
50,2016-03-16,24.13123893737793,26.49250030517578,26.577499389648438,26.147499084472656,26.15250015258789,153214000
51,2016-03-17,24.092531204223633,26.450000762939453,26.61750030517578,26.239999771118164,26.3799991607666,137682800
52,2016-03-18,24.119853973388672,26.479999542236328,26.625,26.297500610351562,26.584999084472656,176820800
53,2016-03-21,24.11758041381836,26.477500915527344,26.912500381469727,26.28499984741211,26.482500076293945,142010800
54,2016-03-22,24.302026748657227,26.68000030517578,26.822500228881836,26.302499771118164,26.3125,129777600
55,2016-03-23,24.167675018310547,26.532499313354492,26.767499923706055,26.475000381469727,26.6200008392334,102814000
56,2016-03-24,24.062929153442383,26.417499542236328,26.5625,26.22249984741211,26.36750030517578,104532000
57,2016-03-28,23.95362091064453,26.297500610351562,26.547500610351562,26.264999389648438,26.5,77645600
58,2016-03-29,24.520641326904297,26.920000076293945,26.947500228881836,26.219999313354492,26.22249984741211,124760400
59,2016-03-30,24.948747634887695,27.389999389648438,27.604999542236328,27.149999618530273,27.162500381469727,182404400
60,2016-03-31,24.818946838378906,27.247499465942383,27.475000381469727,27.219999313354492,27.43000030517578,103553600
61,2016-04-01,25.046663284301758,27.497499465942383,27.5,27.049999237060547,27.19499969482422,103496000
62,2016-04-04,25.303987503051758,27.780000686645508,28.047500610351562,27.5674991607666,27.604999542236328,149424800
63,2016-04-05,25.005678176879883,27.452499389648438,27.6825008392334,27.354999542236328,27.377500534057617,106314800
64,2016-04-06,25.267553329467773,27.739999771118164,27.7450008392334,27.299999237060547,27.5575008392334,105616400
65,2016-04-07,24.716476440429688,27.135000228881836,27.604999542236328,27.030000686645508,27.487499237060547,127207600
66,2016-04-08,24.743804931640625,27.165000915527344,27.4424991607666,27.042499542236328,27.227500915527344,94326800
67,2016-04-11,24.825777053833008,27.2549991607666,27.65250015258789,27.207500457763672,27.24250030517578,117630000
68,2016-04-12,25.149139404296875,27.610000610351562,27.625,27.165000915527344,27.334999084472656,108929200
69,2016-04-13,25.513486862182617,28.010000228881836,28.084999084472656,27.700000762939453,27.700000762939453,133029200
70,2016-04-14,25.527145385742188,28.024999618530273,28.09749984741211,27.832500457763672,27.905000686645508,101895600
71,2016-04-15,25.01478385925293,27.462499618530273,28.075000762939453,27.4325008392334,28.02750015258789,187756000
72,2016-04-18,24.47509765625,26.8700008392334,27.237499237060547,26.735000610351562,27.22249984741211,243286000
73,2016-04-19,24.34529685974121,26.727500915527344,27.0,26.5575008392334,26.969999313354492,129539600
74,2016-04-20,24.39539337158203,26.782499313354492,27.022499084472656,26.514999389648438,26.65999984741211,122444000
75,2016-04-21,24.13123893737793,26.49250030517578,26.732500076293945,26.3799991607666,26.732500076293945,126210000
76,2016-04-22,24.065200805664062,26.420000076293945,26.6200008392334,26.155000686645508,26.252500534057617,134732400
77,2016-04-25,23.92857551574707,26.270000457763672,26.412500381469727,26.127500534057617,26.25,112126400
78,2016-04-26,23.762338638305664,26.087499618530273,26.325000762939453,25.977500915527344,25.977500915527344,224064800
79,2016-04-27,22.275344848632812,24.454999923706055,24.677499771118164,23.920000076293945,24.0,458408400
80,2016-04-28,21.59446907043457,23.707500457763672,24.469999313354492,23.5625,24.40250015258789,328970800
81,2016-04-29,21.34625244140625,23.434999465942383,23.68000030517578,23.127500534057617,23.497499465942383,274126000
82,2016-05-02,21.323486328125,23.40999984741211,23.520000457763672,23.100000381469727,23.49250030517578,192640400
83,2016-05-03,21.67416763305664,23.795000076293945,23.934999465942383,23.420000076293945,23.549999237060547,227325200
84,2016-05-04,21.448719024658203,23.547500610351562,23.975000381469727,23.454999923706055,23.799999237060547,164102000
85,2016-05-05,21.361665725708008,23.309999465942383,23.517499923706055,23.170000076293945,23.5,143562000
86,2016-05-06,21.242530822753906,23.18000030517578,23.362499237060547,22.962499618530273,23.342500686645508,174799600
87,2016-05-09,21.258569717407227,23.197500228881836,23.4424991607666,23.147499084472656,23.25,131745600
88,2016-05-10,21.40290069580078,23.354999542236328,23.392499923706055,23.02750015258789,23.332500457763672,134747200
89,2016-05-11,21.19442367553711,23.127500534057617,23.392499923706055,23.114999771118164,23.3700008392334,114876400
90,2016-05-12,20.6972713470459,22.584999084472656,23.19499969482422,22.36750030517578,23.18000030517578,305258800
91,2016-05-13,20.738502502441406,22.6299991607666,22.917499542236328,22.5,22.5,177571200
92,2016-05-16,21.508291244506836,23.469999313354492,23.59749984741211,22.912500381469727,23.09749984741211,245039200
93,2016-05-17,21.41893768310547,23.372499465942383,23.674999237060547,23.252500534057617,23.637500762939453,187667600
94,2016-05-18,21.664085388183594,23.639999389648438,23.802499771118164,23.47249984741211,23.540000915527344,168249600
95,2016-05-19,21.58160972595215,23.549999237060547,23.65999984741211,23.392499923706055,23.65999984741211,121768400
96,2016-05-20,21.81529426574707,23.80500030517578,23.857500076293945,23.6299991607666,23.65999984741211,128104000
97,2016-05-23,22.09250831604004,24.107500076293945,24.297500610351562,23.917499542236328,23.967500686645508,152074400
98,2016-05-24,22.42929458618164,24.475000381469727,24.522499084472656,24.209999084472656,24.30500030517578,140560800
99,2016-05-25,22.823352813720703,24.905000686645508,24.934999465942383,24.52750015258789,24.667499542236328,152675200
100,2016-05-26,23.004348754882812,25.102500915527344,25.1825008392334,24.65999984741211,24.920000076293945,225324800
101,2016-05-27,22.990604400634766,25.087499618530273,25.11750030517578,24.8125,24.860000610351562,145364800
102,2016-05-31,22.87834358215332,24.96500015258789,25.100000381469727,24.704999923706055,24.899999618530273,169228800
103,2016-06-01,22.55759048461914,24.614999771118164,24.885000228881836,24.582500457763672,24.7549991607666,116693200
104,2016-06-02,22.388057708740234,24.43000030517578,24.459999084472656,24.157499313354492,24.399999618530273,160766400
105,2016-06-03,22.433870315551758,24.479999542236328,24.5674991607666,24.362499237060547,24.447500228881836,114019600
106,2016-06-06,22.596538543701172,24.657499313354492,25.47249984741211,24.387500762939453,24.497499465942383,93170000
107,2016-06-07,22.688180923461914,24.75749969482422,24.967500686645508,24.739999771118164,24.8125,89638000
108,2016-06-08,22.667564392089844,24.735000610351562,24.889999389648438,24.670000076293945,24.7549991607666,83392400
109,2016-06-09,22.83022689819336,24.912500381469727,24.997499465942383,24.614999771118164,24.625,106405600
110,2016-06-10,22.642362594604492,24.707500457763672,24.837499618530273,24.6200008392334,24.63249969482422,126851600
111,2016-06-13,22.300996780395508,24.334999084472656,24.780000686645508,24.274999618530273,24.672500610351562,152082000
112,2016-06-14,22.3284854888916,24.364999771118164,24.6200008392334,24.1875,24.329999923706055,127727600
113,2016-06-15,22.255172729492188,24.28499984741211,24.602500915527344,24.25749969482422,24.454999923706055,117780800
114,2016-06-16,22.349109649658203,24.387500762939453,24.4375,24.017499923706055,24.112499237060547,125307200
115,2016-06-17,21.84049415588379,23.832500457763672,24.162500381469727,23.825000762939453,24.155000686645508,244032800
116,2016-06-20,21.787799835205078,23.774999618530273,24.142499923706055,23.75749969482422,24.0,137647600
117,2016-06-21,21.973377227783203,23.977500915527344,24.087499618530273,23.670000076293945,23.735000610351562,142185600
118,2016-06-22,21.890899658203125,23.887500762939453,24.22249984741211,23.837499618530273,24.0625,116876400
119,2016-06-23,22.016904830932617,24.024999618530273,24.072500228881836,23.8125,23.985000610351562,128960800
120,2016-06-24,21.398317337036133,23.350000381469727,23.665000915527344,23.162500381469727,23.227500915527344,301245600
121,2016-06-27,21.086742401123047,23.010000228881836,23.262500762939453,22.875,23.25,181958400
122,2016-06-28,21.441850662231445,23.397499084472656,23.415000915527344,23.03499984741211,23.225000381469727,161779600
123,2016-06-29,21.627422332763672,23.600000381469727,23.637500762939453,23.407499313354492,23.49250030517578,146124000
124,2016-06-30,21.90235137939453,23.899999618530273,23.9424991607666,23.575000762939453,23.610000610351562,143345600
125,2016-07-01,21.968793869018555,23.97249984741211,24.11750030517578,23.832500457763672,23.872499465942383,104106000
126,2016-07-05,21.762603759765625,23.747499465942383,23.850000381469727,23.614999771118164,23.84749984741211,110820800
127,2016-07-06,21.886316299438477,23.88249969482422,23.915000915527344,23.592500686645508,23.649999618530273,123796400
128,2016-07-07,21.980247497558594,23.985000610351562,24.125,23.905000686645508,23.924999237060547,100558400
129,2016-07-08,22.149782180786133,24.170000076293945,24.22249984741211,24.012500762939453,24.122499465942383,115648400
130,2016-07-11,22.218517303466797,24.2450008392334,24.412500381469727,24.1825008392334,24.1875,95179600
131,2016-07-12,22.319324493408203,24.354999542236328,24.424999237060547,24.280000686645508,24.292499542236328,96670000
132,2016-07-13,22.193313598632812,24.217500686645508,24.417499542236328,24.209999084472656,24.352500915527344,103568800
133,2016-07-14,22.63319206237793,24.697500228881836,24.747499465942383,24.329999923706055,24.34749984741211,155676000
134,2016-07-15,22.630901336669922,24.69499969482422,24.825000762939453,24.625,24.729999542236328,120548000
135,2016-07-18,22.87146759033203,24.957500457763672,25.032499313354492,24.649999618530273,24.674999237060547,145975600
136,2016-07-19,22.880624771118164,24.967500686645508,25.0,24.834999084472656,24.889999389648438,95119600
137,2016-07-20,22.901248931884766,24.989999771118164,25.114999771118164,24.934999465942383,25.0,105104000
138,2016-07-21,22.77981948852539,24.857500076293945,25.25,24.782499313354492,24.957500457763672,130808000
139,2016-07-22,22.603412628173828,24.665000915527344,24.825000762939453,24.577499389648438,24.815000534057617,113254800
140,2016-07-25,22.300996780395508,24.334999084472656,24.709999084472656,24.229999542236328,24.5625,161531600
141,2016-07-26,22.147489547729492,24.167499542236328,24.49250030517578,24.104999542236328,24.204999923706055,224959200
142,2016-07-27,23.586265563964844,25.737499237060547,26.087499618530273,25.6875,26.0674991607666,369379200
143,2016-07-28,23.904720306396484,26.084999084472656,26.112499237060547,25.704999923706055,25.707500457763672,159479200
144,2016-07-29,23.874940872192383,26.052499771118164,26.137500762939453,25.920000076293945,26.047500610351562,110934800
145,2016-08-01,24.296497344970703,26.512500762939453,26.537500381469727,26.102500915527344,26.102500915527344,152671600
146,2016-08-02,23.936798095703125,26.1200008392334,26.517499923706055,26.0,26.512500762939453,135266400
147,2016-08-03,24.236927032470703,26.447500228881836,26.459999084472656,26.1924991607666,26.202499389648438,120810400
148,2016-08-04,24.386648178100586,26.467500686645508,26.5,26.31999969482422,26.395000457763672,109634800
149,2016-08-05,24.757505416870117,26.8700008392334,26.912500381469727,26.545000076293945,26.5674991607666,162213600
150,2016-08-08,24.96250343322754,27.092500686645508,27.092500686645508,26.790000915527344,26.8799991607666,112148800
151,2016-08-09,25.063861846923828,27.202499389648438,27.235000610351562,27.002500534057617,27.0575008392334,105260800
152,2016-08-10,24.877286911010742,27.0,27.225000381469727,26.940000534057617,27.177499771118164,96034000
153,2016-08-11,24.861156463623047,26.982500076293945,27.232500076293945,26.962499618530273,27.1299991607666,109938000
154,2016-08-12,24.918743133544922,27.045000076293945,27.110000610351562,26.94499969482422,26.94499969482422,74641600
155,2016-08-15,25.21819496154785,27.3700008392334,27.385000228881836,27.020000457763672,27.03499984741211,103472800
156,2016-08-16,25.19515609741211,27.344999313354492,27.5575008392334,27.302499771118164,27.407499313354492,135177600
157,2016-08-17,25.15830421447754,27.30500030517578,27.342500686645508,27.084999084472656,27.274999618530273,101424000
158,2016-08-18,25.126056671142578,27.270000457763672,27.399999618530273,27.2549991607666,27.3075008392334,87938800
159,2016-08-19,25.190555572509766,27.34000015258789,27.422500610351562,27.09000015258789,27.1924991607666,101472400
160,2016-08-22,24.9947566986084,27.127500534057617,27.274999618530273,26.962499618530273,27.21500015258789,103280800
161,2016-08-23,25.073076248168945,27.212499618530273,27.329999923706055,27.13249969482422,27.147499084472656,85030800
162,2016-08-24,24.884193420410156,27.00749969482422,27.1875,26.920000076293945,27.142499923706055,94700400
163,2016-08-25,24.77823257446289,26.892499923706055,26.969999313354492,26.670000076293945,26.84749984741211,100344800
164,2016-08-26,24.63311767578125,26.735000610351562,26.987499237060547,26.577499389648438,26.852500915527344,111065200
165,2016-08-29,24.6054744720459,26.704999923706055,26.860000610351562,26.572500228881836,26.655000686645508,99881200
166,2016-08-30,24.416589736938477,26.5,26.625,26.375,26.450000762939453,99455600
167,2016-08-31,24.439626693725586,26.524999618530273,26.642499923706055,26.40999984741211,26.415000915527344,118649600
168,2016-09-01,24.584745407104492,26.6825008392334,26.700000762939453,26.405000686645508,26.53499984741211,106806000
169,2016-09-02,24.81509017944336,26.9325008392334,27.0,26.704999923706055,26.924999237060547,107210000
170,2016-09-06,24.808181762695312,26.924999237060547,27.075000762939453,26.877500534057617,26.975000381469727,107521600
171,2016-09-07,24.960203170776367,27.09000015258789,27.190000534057617,26.767499923706055,26.957500457763672,169457200
172,2016-09-08,24.30602264404297,26.3799991607666,26.8174991607666,26.309999465942383,26.8125,212008000
173,2016-09-09,23.755502700805664,25.782499313354492,26.43000030517578,25.782499313354492,26.15999984741211,186228000
174,2016-09-12,24.287607192993164,26.360000610351562,26.43000030517578,25.63249969482422,25.662500381469727,181171200
175,2016-09-13,24.865766525268555,26.987499237060547,27.197500228881836,26.809999465942383,26.877500534057617,248704800
176,2016-09-14,25.74568748474121,27.9424991607666,28.25749969482422,27.149999618530273,27.1825008392334,443554800
177,2016-09-15,26.620996475219727,28.892499923706055,28.9325008392334,28.372499465942383,28.46500015258789,359934400
178,2016-09-16,26.471269607543945,28.729999542236328,29.032499313354492,28.510000228881836,28.780000686645508,319547600
179,2016-09-19,26.16260528564453,28.395000457763672,29.045000076293945,28.3125,28.797500610351562,188092000
180,2016-09-20,26.160310745239258,28.392499923706055,28.530000686645508,28.127500534057617,28.262500762939453,138057200
181,2016-09-21,26.155696868896484,28.387500762939453,28.497499465942383,28.110000610351562,28.462499618530273,144012800
182,2016-09-22,26.40216827392578,28.655000686645508,28.735000610351562,28.5,28.587499618530273,124296000
183,2016-09-23,25.962209701538086,28.177499771118164,28.697500228881836,27.887500762939453,28.604999542236328,209924800
184,2016-09-26,26.00136947631836,28.219999313354492,28.34749984741211,27.887500762939453,27.90999984741211,119477600
185,2016-09-27,26.049739837646484,28.272499084472656,28.295000076293945,28.084999084472656,28.25,98429600
186,2016-09-28,26.24783706665039,28.487499237060547,28.65999984741211,28.357500076293945,28.422500610351562,118564400
187,2016-09-29,25.840120315551758,28.045000076293945,28.450000762939453,27.950000762939453,28.290000915527344,143548000
188,2016-09-30,26.040531158447266,28.262500762939453,28.342500686645508,27.950000762939453,28.114999771118164,145516400
189,2016-10-03,25.91844367980957,28.1299991607666,28.262500762939453,28.06999969482422,28.177499771118164,86807200
190,2016-10-04,26.029016494750977,28.25,28.577499389648438,28.157499313354492,28.264999389648438,118947200
191,2016-10-05,26.040531158447266,28.262500762939453,28.415000915527344,28.172500610351562,28.350000381469727,85812400
192,2016-10-06,26.234012603759766,28.47249984741211,28.584999084472656,28.282499313354492,28.424999237060547,115117200
193,2016-10-07,26.273168563842773,28.514999389648438,28.639999389648438,28.377500534057617,28.577499389648438,97433600
194,2016-10-10,26.7315616607666,29.012500762939453,29.1875,28.68000030517578,28.7549991607666,144944000
195,2016-10-11,26.78915023803711,29.075000762939453,29.672500610351562,29.049999237060547,29.424999237060547,256164000
196,2016-10-12,27.028703689575195,29.334999084472656,29.4950008392334,29.1875,29.337499618530273,150347200
197,2016-10-13,26.945785522460938,29.2450008392334,29.360000610351562,28.93000030517578,29.197500228881836,140769600
198,2016-10-14,27.09550666809082,29.407499313354492,29.542499542236328,29.282499313354492,29.469999313354492,142608800
199,2016-10-17,27.07708168029785,29.387500762939453,29.459999084472656,29.19499969482422,29.332500457763672,94499600
200,2016-10-18,27.058650970458984,29.36750030517578,29.552499771118164,29.362499237060547,29.545000076293945,98214000
201,2016-10-19,26.978029251098633,29.280000686645508,29.440000534057617,28.450000762939453,29.3125,80138400
202,2016-10-20,26.964214324951172,29.264999389648438,29.344999313354492,29.082500457763672,29.21500015258789,96503200
203,2016-10-21,26.858245849609375,29.149999618530273,29.227500915527344,29.06999969482422,29.202499389648438,92770800
204,2016-10-24,27.10011100769043,29.412500381469727,29.434999465942383,29.25,29.274999618530273,94154800
205,2016-10-25,27.238319396972656,29.5625,29.59000015258789,29.327499389648438,29.487499237060547,192516000
206,2016-10-26,26.625598907470703,28.897499084472656,28.924999237060547,28.327499389648438,28.577499389648438,264536800
207,2016-10-27,26.369922637939453,28.6200008392334,28.96500015258789,28.524999618530273,28.84749984741211,138248000
208,2016-10-28,26.19485855102539,28.43000030517578,28.802499771118164,28.362499237060547,28.467500686645508,151446800
209,2016-10-31,26.153400421142578,28.385000228881836,28.5575008392334,28.299999237060547,28.412500381469727,105677600
210,2016-11-01,25.68118667602539,27.872499465942383,28.4424991607666,27.63249969482422,28.364999771118164,175303200
211,2016-11-02,25.704221725463867,27.897499084472656,28.087499618530273,27.8075008392334,27.850000381469727,113326800
212,2016-11-03,25.4287052154541,27.457500457763672,27.864999771118164,27.387500762939453,27.7450008392334,107730400
213,2016-11-04,25.19948959350586,27.209999084472656,27.5625,27.02750015258789,27.13249969482422,123348000
214,2016-11-07,25.5629940032959,27.602500915527344,27.627500534057617,27.364999771118164,27.520000457763672,130240000
215,2016-11-08,25.713485717773438,27.764999389648438,27.93000030517578,27.424999237060547,27.577499389648438,97016800
216,2016-11-09,25.671810150146484,27.719999313354492,27.829999923706055,27.012500762939453,27.469999313354492,236705600
217,2016-11-10,24.956388473510742,26.947500228881836,27.772499084472656,26.457500457763672,27.772499084472656,228538000
218,2016-11-11,25.104568481445312,27.107500076293945,27.217500686645508,26.637500762939453,26.780000686645508,136575600
219,2016-11-14,24.474811553955078,26.427499771118164,26.952499389648438,26.020000457763672,26.927499771118164,204702000
220,2016-11-15,24.798952102661133,26.77750015258789,26.920000076293945,26.540000915527344,26.642499923706055,129058000
221,2016-11-16,25.465744018554688,27.497499465942383,27.5575008392334,26.649999618530273,26.674999237060547,235362000
222,2016-11-17,25.45649528503418,27.487499237060547,27.587499618530273,27.207500457763672,27.452499389648438,110528000
223,2016-11-18,25.48195457458496,27.514999389648438,27.635000228881836,27.415000915527344,27.43000030517578,113715600
224,2016-11-21,25.868608474731445,27.9325008392334,27.997499465942383,27.502500534057617,27.530000686645508,117058400
225,2016-11-22,25.88481330871582,27.950000762939453,28.104999542236328,27.850000381469727,27.987499237060547,103862000
226,2016-11-23,25.752845764160156,27.8075008392334,27.877500534057617,27.582500457763672,27.84000015258789,109705600
227,2016-11-25,25.882495880126953,27.947500228881836,27.967500686645508,27.737499237060547,27.782499313354492,45903600
228,2016-11-28,25.83156394958496,27.892499923706055,28.11750030517578,27.84749984741211,27.857500076293945,108776000
229,2016-11-29,25.80609130859375,27.864999771118164,28.00749969482422,27.517499923706055,27.69499969482422,114115200
230,2016-11-30,25.58845329284668,27.6299991607666,28.049999237060547,27.5674991607666,27.899999618530273,144649200
231,2016-12-01,25.349979400634766,27.372499465942383,27.735000610351562,27.25749969482422,27.592500686645508,148347600
232,2016-12-02,25.444908142089844,27.475000381469727,27.522499084472656,27.212499618530273,27.292499542236328,106112000
233,2016-12-05,25.26200294494629,27.27750015258789,27.50749969482422,27.0625,27.5,137298000
234,2016-12-06,25.45649528503418,27.487499237060547,27.59000015258789,27.297500610351562,27.375,104782000
235,2016-12-07,25.70653533935547,27.75749969482422,27.797500610351562,27.290000915527344,27.315000534057617,119994800
236,2016-12-08,25.958904266357422,28.030000686645508,28.107500076293945,27.649999618530273,27.71500015258789,108273200
237,2016-12-09,26.382600784301758,28.487499237060547,28.674999237060547,28.077499389648438,28.077499389648438,137610400
238,2016-12-12,26.23210906982422,28.325000762939453,28.75,28.122499465942383,28.322500228881836,105497600
239,2016-12-13,26.669692993164062,28.797500610351562,28.979999542236328,28.4375,28.459999084472656,174935200
240,2016-12-14,26.669692993164062,28.797500610351562,29.049999237060547,28.7450008392334,28.760000228881836,136127200
241,2016-12-15,26.8155574798584,28.954999923706055,29.1825008392334,28.8075008392334,28.844999313354492,186098000
242,2016-12-16,26.85028648376465,28.99250030517578,29.125,28.912500381469727,29.11750030517578,177404400
243,2016-12-19,27.005409240722656,29.15999984741211,29.344999313354492,28.9375,28.950000762939453,111117600
244,2016-12-20,27.077184677124023,29.237499237060547,29.375,29.170000076293945,29.184999465942383,85700000
245,2016-12-21,27.102649688720703,29.264999389648438,29.350000381469727,29.19499969482422,29.200000762939453,95132800
246,2016-12-22,26.92437171936035,29.072500228881836,29.127500534057617,28.90999984741211,29.087499618530273,104343600
247,2016-12-23,26.977624893188477,29.1299991607666,29.1299991607666,28.897499084472656,28.897499084472656,56998000
248,2016-12-27,27.14896011352539,29.315000534057617,29.450000762939453,29.122499465942383,29.1299991607666,73187600
249,2016-12-28,27.03319549560547,29.190000534057617,29.5049991607666,29.049999237060547,29.3799991607666,83623600
250,2016-12-29,27.0262508392334,29.1825008392334,29.27750015258789,29.100000381469727,29.112499237060547,60158000
251,2016-12-30,26.8155574798584,28.954999923706055,29.299999237060547,28.857500076293945,29.162500381469727,122345200
252,2017-01-03,26.891963958740234,29.037500381469727,29.082500457763672,28.690000534057617,28.950000762939453,115127600
253,2017-01-04,26.861862182617188,29.0049991607666,29.127500534057617,28.9375,28.962499618530273,84472400
254,2017-01-05,26.998462677001953,29.15250015258789,29.21500015258789,28.952499389648438,28.979999542236328,88774400
255,2017-01-06,27.299448013305664,29.477500915527344,29.540000915527344,29.11750030517578,29.19499969482422,127007600
256,2017-01-09,27.549497604370117,29.747499465942383,29.857500076293945,29.485000610351562,29.487499237060547,134247600
257,2017-01-10,27.577287673950195,29.77750015258789,29.844999313354492,29.575000762939453,29.6924991607666,97848400
258,2017-01-11,27.725460052490234,29.9375,29.982500076293945,29.649999618530273,29.684999465942383,110354400
259,2017-01-12,27.609691619873047,29.8125,29.825000762939453,29.552499771118164,29.725000381469727,108344800
260,2017-01-13,27.56107521057129,29.760000228881836,29.905000686645508,29.702499389648438,29.77750015258789,104447600
261,2017-01-17,27.783342361450195,30.0,30.059999465942383,29.55500030517578,29.584999084472656,137759200
262,2017-01-18,27.781024932861328,29.997499465942383,30.125,29.927499771118164,30.0,94852000
263,2017-01-19,27.732404708862305,29.94499969482422,30.022499084472656,29.842500686645508,29.850000381469727,102389200
264,2017-01-20,27.783342361450195,30.0,30.112499237060547,29.9325008392334,30.112499237060547,130391600
265,2017-01-23,27.801864624023438,30.020000457763672,30.202499389648438,29.9424991607666,30.0,88200800
266,2017-01-24,27.776397705078125,29.99250030517578,30.024999618530273,29.875,29.887500762939453,92844000
267,2017-01-25,28.218610763549805,30.469999313354492,30.524999618530273,30.06999969482422,30.104999542236328,129510400
268,2017-01-26,28.232507705688477,30.485000610351562,30.610000610351562,30.399999618530273,30.417499542236328,105350400
269,2017-01-27,28.234821319580078,30.487499237060547,30.587499618530273,30.399999618530273,30.53499984741211,82251600
270,2017-01-30,28.16073226928711,30.407499313354492,30.407499313354492,30.165000915527344,30.232500076293945,121510000
271,2017-01-31,28.095901489257812,30.337499618530273,30.34749984741211,30.155000686645508,30.287500381469727,196804000
272,2017-02-01,29.80921173095703,32.1875,32.622501373291016,31.752500534057617,31.75749969482422,447940000
273,2017-02-02,29.758272171020508,32.13249969482422,32.34749984741211,31.94499969482422,31.9950008392334,134841600
274,2017-02-03,29.8856201171875,32.27000045776367,32.29750061035156,32.040000915527344,32.07749938964844,98029200
275,2017-02-06,30.16575813293457,32.5724983215332,32.625,32.224998474121094,32.282501220703125,107383600
276,2017-02-07,30.452848434448242,32.88249969482422,33.022499084472656,32.61249923706055,32.6349983215332,152735200
277,2017-02-08,30.570940017700195,33.0099983215332,33.05500030517578,32.80500030517578,32.837501525878906,92016400
278,2017-02-09,30.791839599609375,33.10499954223633,33.11249923706055,32.779998779296875,32.912498474121094,113399600
279,2017-02-10,30.722082138061523,33.029998779296875,33.23500061035156,33.01250076293945,33.1150016784668,80262000
280,2017-02-13,30.9941463470459,33.3224983215332,33.45500183105469,33.1875,33.27000045776367,92141600
281,2017-02-14,31.39642906188965,33.755001068115234,33.772499084472656,33.3125,33.36750030517578,132904800
282,2017-02-15,31.510366439819336,33.877498626708984,34.067501068115234,33.654998779296875,33.880001068115234,142492400
283,2017-02-16,31.473173141479492,33.837501525878906,33.974998474121094,33.709999084472656,33.91749954223633,90338400
284,2017-02-17,31.559200286865234,33.93000030517578,33.95750045776367,33.775001525878906,33.775001525878906,88792800
285,2017-02-21,31.787073135375977,34.17499923706055,34.1875,33.994998931884766,34.057498931884766,98028800
286,2017-02-22,31.88241195678711,34.27750015258789,34.279998779296875,34.02750015258789,34.10749816894531,83347600
287,2017-02-23,31.747556686401367,34.13249969482422,34.369998931884766,34.07500076293945,34.345001220703125,83152800
288,2017-02-24,31.777769088745117,34.165000915527344,34.165000915527344,33.81999969482422,33.977500915527344,87106400
289,2017-02-27,31.84054946899414,34.23249816894531,34.36000061035156,34.06999969482422,34.28499984741211,81029600
290,2017-02-28,31.854511260986328,34.247501373291016,34.36000061035156,34.17499923706055,34.27000045776367,93931600
291,2017-03-01,32.50559997558594,34.9474983215332,35.037498474121094,34.400001525878906,34.47249984741211,145658400
292,2017-03-02,32.31260681152344,34.7400016784668,35.06999969482422,34.689998626708984,35.0,104844000
293,2017-03-03,32.5032844543457,34.94499969482422,34.95750045776367,34.647499084472656,34.69499969482422,84432400
294,2017-03-06,32.40095901489258,34.834999084472656,34.942501068115234,34.650001525878906,34.842498779296875,87000000
295,2017-03-07,32.44282150268555,34.880001068115234,34.994998931884766,34.6974983215332,34.76499938964844,69785200
296,2017-03-08,32.32190704345703,34.75,34.95000076293945,34.70500183105469,34.73749923706055,74828800
297,2017-03-09,32.247493743896484,34.66999816894531,34.6974983215332,34.26250076293945,34.685001373291016,88623600
298,2017-03-10,32.354461669921875,34.78499984741211,34.84000015258789,34.65999984741211,34.8125,78451200
299,2017-03-13,32.368408203125,34.79999923706055,34.85749816894531,34.70500183105469,34.712501525878906,69686800
300,2017-03-14,32.31958770751953,34.747501373291016,34.912498474121094,34.709999084472656,34.82500076293945,61236400
301,2017-03-15,32.66140365600586,35.1150016784668,35.1875,34.75749969482422,34.852500915527344,102767200
302,2017-03-16,32.714881896972656,35.17250061035156,35.255001068115234,35.064998626708984,35.18000030517578,76928000
303,2017-03-17,32.5521125793457,34.997501373291016,35.25,34.97249984741211,35.25,175540000
304,2017-03-20,32.89393615722656,35.3650016784668,35.375,35.057498931884766,35.099998474121094,86168000
305,2017-03-21,32.51722717285156,34.959999084472656,35.70000076293945,34.932498931884766,35.52750015258789,158119600
306,2017-03-22,32.8846321105957,35.35499954223633,35.400001525878906,34.939998626708984,34.962501525878906,103440800
307,2017-03-23,32.76835250854492,35.22999954223633,35.39500045776367,35.15250015258789,35.314998626708984,81385200
308,2017-03-24,32.7032585144043,35.15999984741211,35.435001373291016,35.087501525878906,35.375,89582400
309,2017-03-27,32.759063720703125,35.220001220703125,35.30500030517578,34.654998779296875,34.84749984741211,94300400
310,2017-03-28,33.43805694580078,35.95000076293945,36.0099983215332,35.154998779296875,35.227500915527344,133499200
311,2017-03-29,33.51246643066406,36.029998779296875,36.122501373291016,35.79750061035156,35.91999816894531,116760000
312,2017-03-30,33.46828079223633,35.98249816894531,36.125,35.875,36.04750061035156,84829200
313,2017-03-31,33.405487060546875,35.915000915527344,36.067501068115234,35.752498626708984,35.93000030517578,78646800
314,2017-04-03,33.41480255126953,35.92499923706055,36.029998779296875,35.76250076293945,35.9275016784668,79942800
315,2017-04-04,33.66361618041992,36.192501068115234,36.22249984741211,35.79249954223633,35.8125,79565600
316,2017-04-05,33.48920822143555,36.005001068115234,36.3650016784668,35.95249938964844,36.05500030517578,110871600
317,2017-04-06,33.405487060546875,35.915000915527344,36.130001068115234,35.86249923706055,36.0724983215332,84596000
318,2017-04-07,33.33109664916992,35.834999084472656,36.04499816894531,35.817501068115234,35.932498931884766,66688800
319,2017-04-10,33.29155731201172,35.79249954223633,35.970001220703125,35.724998474121094,35.900001525878906,75733600
320,2017-04-11,32.93345260620117,35.407501220703125,35.837501525878906,35.01499938964844,35.73500061035156,121517600
321,2017-04-12,32.97299575805664,35.45000076293945,35.537498474121094,35.252498626708984,35.400001525878906,81400000
322,2017-04-13,32.798587799072266,35.26250076293945,35.595001220703125,35.26250076293945,35.477500915527344,71291600
323,2017-04-17,32.9799690246582,35.45750045776367,35.470001220703125,35.217498779296875,35.369998931884766,66328400
324,2017-04-18,32.833457946777344,35.29999923706055,35.5099983215332,35.27750015258789,35.352500915527344,58790000
325,2017-04-19,32.71255874633789,35.16999816894531,35.5,35.11249923706055,35.470001220703125,69313600
326,2017-04-20,33.121822357177734,35.61000061035156,35.72999954223633,35.290000915527344,35.30500030517578,93278400
327,2017-04-21,33.082279205322266,35.567501068115234,35.66999816894531,35.462501525878906,35.61000061035156,69283600
328,2017-04-24,33.40085220336914,35.90999984741211,35.98749923706055,35.79499816894531,35.875,68537200
329,2017-04-25,33.60779571533203,36.13249969482422,36.224998474121094,35.967498779296875,35.977500915527344,75486000
330,2017-04-26,33.4101448059082,35.91999816894531,36.150001525878906,35.845001220703125,36.11750030517578,80164800
331,2017-04-27,33.435726165771484,35.9474983215332,36.040000915527344,35.82749938964844,35.97999954223633,56985200
332,2017-04-28,33.403175354003906,35.912498474121094,36.07500076293945,35.817501068115234,36.022499084472656,83441600
333,2017-05-01,34.0844841003418,36.64500045776367,36.79999923706055,36.2400016784668,36.275001525878906,134411600
334,2017-05-02,34.300750732421875,36.877498626708984,37.022499084472656,36.709999084472656,36.8849983215332,181408800
335,2017-05-03,34.19609832763672,36.76499938964844,36.872501373291016,36.067501068115234,36.397499084472656,182788000
336,2017-05-04,34.07286834716797,36.63249969482422,36.78499984741211,36.45249938964844,36.630001068115234,93487600
337,2017-05-05,34.637916564941406,37.2400016784668,37.244998931884766,36.689998626708984,36.689998626708984,109310800
338,2017-05-08,35.57966613769531,38.252498626708984,38.42499923706055,37.25749969482422,37.25749969482422,195009600
339,2017-05-09,35.80754089355469,38.497501373291016,38.720001220703125,38.36249923706055,38.467498779296875,156521600
340,2017-05-10,35.637794494628906,38.314998626708984,38.48500061035156,38.02750015258789,38.407501220703125,103222800
341,2017-05-11,35.94600296020508,38.48749923706055,38.51750183105469,38.07749938964844,38.11249923706055,109020400
342,2017-05-12,36.448020935058594,39.025001525878906,39.10499954223633,38.66749954223633,38.67499923706055,130108000
343,2017-05-15,36.3546142578125,38.92499923706055,39.162498474121094,38.76250076293945,39.002498626708984,104038800
344,2017-05-16,36.30092239379883,38.86750030517578,39.01499938964844,38.68000030517578,38.98500061035156,80194000
345,2017-05-17,35.082096099853516,37.5625,38.64250183105469,37.4275016784668,38.400001525878906,203070800
346,2017-05-18,35.61678695678711,38.1349983215332,38.334999084472656,37.782501220703125,37.817501068115234,134272800
347,2017-05-19,35.73820877075195,38.26499938964844,38.494998931884766,38.157501220703125,38.345001220703125,107843200
348,2017-05-22,35.955345153808594,38.497501373291016,38.64500045776367,38.227500915527344,38.5,91865600
349,2017-05-23,35.910980224609375,38.45000076293945,38.724998474121094,38.32749938964844,38.724998474121094,79675600
350,2017-05-24,35.8035888671875,38.334999084472656,38.54249954223633,38.16749954223633,38.459999084472656,76712000
351,2017-05-25,35.927330017089844,38.467498779296875,38.587501525878906,38.25749969482422,38.432498931884766,76942400
352,2017-05-26,35.866607666015625,38.40250015258789,38.560001373291016,38.32749938964844,38.5,87710400
353,2017-05-30,35.88063430786133,38.41749954223633,38.60749816894531,38.33250045776367,38.35499954223633,80507600
354,2017-05-31,35.66815185546875,38.189998626708984,38.54249954223633,38.095001220703125,38.49250030517578,97804800
355,2017-06-01,35.7662239074707,38.29499816894531,38.33250045776367,38.05500030517578,38.29249954223633,65616400
356,2017-06-02,36.29624938964844,38.86249923706055,38.86249923706055,38.22249984741211,38.39500045776367,111082800
357,2017-06-05,35.941341400146484,38.48249816894531,38.61249923706055,38.3650016784668,38.584999084472656,101326800
358,2017-06-06,36.06275939941406,38.61249923706055,38.95249938964844,38.44499969482422,38.474998474121094,106499600
359,2017-06-07,36.27756881713867,38.842498779296875,38.994998931884766,38.619998931884766,38.755001068115234,84278400
360,2017-06-08,36.1888427734375,38.747501373291016,38.8849983215332,38.599998474121094,38.8125,85003200
361,2017-06-09,34.785552978515625,37.244998931884766,38.79750061035156,36.505001068115234,38.79750061035156,259530800
362,2017-06-12,33.95433807373047,36.35499954223633,36.522499084472656,35.627498626708984,36.435001373291016,289229200
363,2017-06-13,34.22751235961914,36.647499084472656,36.86249923706055,36.287498474121094,36.790000915527344,136661600
364,2017-06-14,33.893611907958984,36.290000915527344,36.875,35.959999084472656,36.875,126124800
365,2017-06-15,33.690486907958984,36.0724983215332,36.119998931884766,35.5525016784668,35.83000183105469,128661600
366,2017-06-16,33.218833923339844,35.567501068115234,36.125,35.54999923706055,35.94499969482422,201444400
367,2017-06-19,34.16913604736328,36.584999084472656,36.685001373291016,35.915000915527344,35.915000915527344,130165600
368,2017-06-20,33.85859680175781,36.252498626708984,36.717498779296875,36.23500061035156,36.717498779296875,99600400
369,2017-06-21,34.05940246582031,36.467498779296875,36.51750183105469,36.15250015258789,36.380001068115234,85063200
370,2017-06-22,34.00336837768555,36.407501220703125,36.67499923706055,36.279998779296875,36.442501068115234,76425200
371,2017-06-23,34.155128479003906,36.56999969482422,36.790000915527344,36.27750015258789,36.282501220703125,141757600
372,2017-06-26,34.04772186279297,36.45500183105469,37.06999969482422,36.345001220703125,36.79249954223633,102769600
373,2017-06-27,33.55973815917969,35.932498931884766,36.540000915527344,35.904998779296875,36.252498626708984,99047600
374,2017-06-28,34.0500602722168,36.45750045776367,36.52750015258789,35.790000915527344,36.122501373291016,88329600
375,2017-06-29,33.54804611206055,35.91999816894531,36.282501220703125,35.56999969482422,36.1775016784668,125997600
376,2017-06-30,33.62744140625,36.005001068115234,36.2400016784668,35.94499969482422,36.11249923706055,92096400
377,2017-07-03,33.50602340698242,35.875,36.32500076293945,35.775001525878906,36.220001220703125,57111200
378,2017-07-05,33.64377975463867,36.022499084472656,36.1974983215332,35.68000030517578,35.92250061035156,86278400
379,2017-07-06,33.32624435424805,35.682498931884766,35.875,35.602500915527344,35.755001068115234,96515200
380,2017-07-07,33.664798736572266,36.04499816894531,36.1875,35.724998474121094,35.724998474121094,76806800
381,2017-07-10,33.870269775390625,36.26499938964844,36.48749923706055,35.842498779296875,36.02750015258789,84362400
382,2017-07-11,33.98000717163086,36.38249969482422,36.462501525878906,36.095001220703125,36.182498931884766,79127200
383,2017-07-12,34.02903747558594,36.435001373291016,36.54499816894531,36.20500183105469,36.467498779296875,99538000
384,2017-07-13,34.503028869628906,36.942501068115234,37.122501373291016,36.36000061035156,36.375,100797600
385,2017-07-14,34.799564361572266,37.2599983215332,37.33250045776367,36.83250045776367,36.99250030517578,80528400
386,2017-07-17,34.920989990234375,37.38999938964844,37.724998474121094,37.14250183105469,37.20500183105469,95174000
387,2017-07-18,35.04239273071289,37.52000045776367,37.532501220703125,37.16749954223633,37.29999923706055,71475200
388,2017-07-19,35.261878967285156,37.755001068115234,37.85499954223633,37.48749923706055,37.619998931884766,83692000
389,2017-07-20,35.10309982299805,37.584999084472656,37.935001373291016,37.54750061035156,37.875,68974800
390,2017-07-21,35.08675003051758,37.567501068115234,37.61000061035156,37.220001220703125,37.497501373291016,105010400
391,2017-07-24,35.5117073059082,38.022499084472656,38.11000061035156,37.474998474121094,37.64500045776367,85972800
392,2017-07-25,35.663490295410156,38.185001373291016,38.459999084472656,37.95000076293945,37.95000076293945,75415600
393,2017-07-26,35.83159255981445,38.3650016784668,38.48249816894531,38.26499938964844,38.337501525878906,63124000
394,2017-07-27,35.15447235107422,37.63999938964844,38.497501373291016,36.82500076293945,38.4375,129905200
395,2017-07-28,34.9069709777832,37.375,37.557498931884766,37.29750061035156,37.47249984741211,68854800
396,2017-07-31,34.72719192504883,37.182498931884766,37.58250045776367,37.032501220703125,37.474998474121094,79383600
397,2017-08-01,35.035396575927734,37.51250076293945,37.55500030517578,37.102500915527344,37.275001525878906,141474400
398,2017-08-02,36.690853118896484,39.28499984741211,39.9375,39.040000915527344,39.81999969482422,279747200
399,2017-08-03,36.32426452636719,38.89250183105469,39.3025016784668,38.755001068115234,39.26250076293945,108389200
400,2017-08-04,36.51572799682617,39.09749984741211,39.349998474121094,38.92250061035156,39.01750183105469,82239600
401,2017-08-07,37.08077621459961,39.70249938964844,39.72999954223633,39.16749954223633,39.26499938964844,87481200
402,2017-08-08,37.3773193359375,40.02000045776367,40.45750045776367,39.567501068115234,39.650001525878906,144823600
403,2017-08-09,37.60613250732422,40.26499938964844,40.317501068115234,39.77750015258789,39.814998626708984,104526000
404,2017-08-10,36.40831756591797,38.83000183105469,40.0,38.657501220703125,39.974998474121094,163217200
405,2017-08-11,36.914615631103516,39.369998931884766,39.64250183105469,39.01750183105469,39.150001525878906,105028400
406,2017-08-14,37.470176696777344,39.962501525878906,40.0525016784668,39.6875,39.83000183105469,88490800
407,2017-08-15,37.88039016723633,40.400001525878906,40.54999923706055,40.03499984741211,40.165000915527344,117862000
408,2017-08-16,37.728023529052734,40.23749923706055,40.627498626708984,40.037498474121094,40.48500061035156,110686400
409,2017-08-17,37.003700256347656,39.46500015258789,40.1775016784668,39.459999084472656,40.130001068115234,111762400
410,2017-08-18,36.91932678222656,39.375,39.875,39.18000030517578,39.46500015258789,109712400
411,2017-08-21,36.85134506225586,39.3025016784668,39.47249984741211,38.77750015258789,39.375,105474000
412,2017-08-22,37.45378112792969,39.94499969482422,40.0,39.505001068115234,39.557498931884766,86418400
413,2017-08-23,37.500640869140625,39.994998931884766,40.11750030517578,39.720001220703125,39.76750183105469,77596400
414,2017-08-24,37.33422088623047,39.817501068115234,40.185001373291016,39.63750076293945,40.10749816894531,79275600
415,2017-08-25,37.47251892089844,39.96500015258789,40.13999938964844,39.817501068115234,39.912498474121094,101920400
416,2017-08-28,37.84992599487305,40.36750030517578,40.5,39.98249816894531,40.03499984741211,103864000
417,2017-08-29,38.18746566772461,40.727500915527344,40.779998779296875,40.0,40.025001525878906,118067600
418,2017-08-30,38.29060363769531,40.837501525878906,40.97249984741211,40.65250015258789,40.95000076293945,109078400
419,2017-08-31,38.442962646484375,41.0,41.130001068115234,40.869998931884766,40.90999984741211,107140400
420,2017-09-01,38.45470428466797,41.01250076293945,41.23500061035156,40.907501220703125,41.20000076293945,66364400
421,2017-09-05,37.9929084777832,40.52000045776367,41.0625,40.13999938964844,40.9375,117874000
422,2017-09-06,37.953060150146484,40.477500915527344,40.747501373291016,40.130001068115234,40.6775016784668,86606800
423,2017-09-07,37.80070114135742,40.314998626708984,40.560001373291016,40.09000015258789,40.522499084472656,87714000
424,2017-09-08,37.18419647216797,39.657501220703125,40.287498474121094,39.63249969482422,40.21500015258789,114446000
425,2017-09-11,37.85695266723633,40.375,40.51250076293945,39.97249984741211,40.125,126323200
426,2017-09-12,37.706932067871094,40.21500015258789,40.9900016784668,39.692501068115234,40.65250015258789,286856000
427,2017-09-13,37.42329025268555,39.912498474121094,39.9900016784668,39.477500915527344,39.967498779296875,179629600
428,2017-09-14,37.10216522216797,39.56999969482422,39.849998474121094,39.522499084472656,39.747501373291016,95042800
429,2017-09-15,37.477210998535156,39.970001220703125,40.24250030517578,39.5,39.61750030517578,196458400
430,2017-09-18,37.193572998046875,39.66749954223633,40.125,39.5,40.02750015258789,113077600
431,2017-09-19,37.2076530456543,39.682498931884766,39.942501068115234,39.61000061035156,39.877498626708984,83242400
432,2017-09-20,36.5841178894043,39.01750183105469,39.564998626708984,38.45750045776367,39.474998474121094,211805600
433,2017-09-21,35.95589828491211,38.34749984741211,38.95000076293945,38.1875,38.95000076293945,150046800
434,2017-09-22,35.60428237915039,37.97249984741211,38.067501068115234,37.63999938964844,37.8849983215332,186581600
435,2017-09-25,35.29017639160156,37.63750076293945,37.95750045776367,37.290000915527344,37.497501373291016,177549200
436,2017-09-26,35.89729690551758,38.28499984741211,38.47999954223633,37.92250061035156,37.94499969482422,146640000
437,2017-09-27,36.152809143066406,38.557498931884766,38.68000030517578,38.3849983215332,38.45000076293945,102016800
438,2017-09-28,35.930110931396484,38.31999969482422,38.56999969482422,38.17499923706055,38.47249984741211,88022000
439,2017-09-29,36.127017974853516,38.529998779296875,38.532501220703125,38.0,38.3025016784668,105199200
440,2017-10-02,36.05434799194336,38.45249938964844,38.61249923706055,38.18000030517578,38.564998626708984,74795200
441,2017-10-03,36.21141052246094,38.619998931884766,38.772499084472656,38.477500915527344,38.502498626708984,64921200
442,2017-10-04,35.97699737548828,38.369998931884766,38.46500015258789,38.1150016784668,38.407501220703125,80655200
443,2017-10-05,36.424720764160156,38.84749984741211,38.86000061035156,38.51250076293945,38.54499816894531,85135200
444,2017-10-06,36.40361785888672,38.82500076293945,38.872501373291016,38.63999938964844,38.74250030517578,69630400
445,2017-10-09,36.53020095825195,38.959999084472656,39.182498931884766,38.872501373291016,38.95249938964844,65051600
446,2017-10-10,36.54426193237305,38.974998474121094,39.5,38.775001525878906,39.01499938964844,62468000
447,2017-10-11,36.6966438293457,39.13750076293945,39.244998931884766,38.9375,38.99250030517578,67622400
448,2017-10-12,36.567718505859375,39.0,39.342498779296875,38.932498931884766,39.087501525878906,64500400
449,2017-10-13,36.79977035522461,39.247501373291016,39.31999969482422,39.102500915527344,39.182498931884766,65576800
450,2017-10-16,37.477210998535156,39.970001220703125,40.0,39.412498474121094,39.474998474121094,96486000
451,2017-10-17,37.61552047729492,40.11750030517578,40.217498779296875,39.807498931884766,39.94499969482422,75989200
452,2017-10-18,37.44908905029297,39.939998626708984,40.1775016784668,39.900001525878906,40.10499954223633,65496800
453,2017-10-19,36.563011169433594,38.994998931884766,39.27000045776367,38.755001068115234,39.1875,170336800
454,2017-10-20,36.62629699707031,39.0625,39.4375,38.9900016784668,39.15250015258789,95896400
455,2017-10-23,36.607566833496094,39.04249954223633,39.42250061035156,38.875,39.22249984741211,87937200
456,2017-10-24,36.8255615234375,39.275001525878906,39.35499954223633,39.04999923706055,39.0724983215332,71028800
457,2017-10-25,36.663818359375,39.102500915527344,39.38750076293945,38.817501068115234,39.227500915527344,84828400
458,2017-10-26,36.898216247558594,39.352500915527344,39.45750045776367,39.19499969482422,39.307498931884766,68002000
459,2017-10-27,38.22028732299805,40.76250076293945,40.900001525878906,39.67499923706055,39.8224983215332,177816800
460,2017-10-30,39.08055877685547,41.68000030517578,42.01750183105469,40.93000030517578,40.97249984741211,178803200
461,2017-10-31,39.6243782043457,42.2599983215332,42.412498474121094,41.73500061035156,41.974998474121094,144187200
462,2017-11-01,39.12040710449219,41.72249984741211,42.48500061035156,41.40250015258789,42.467498779296875,134551200
463,2017-11-02,39.40639877319336,42.02750015258789,42.125,41.31999969482422,41.650001525878906,165573600
464,2017-11-03,40.43544006347656,43.125,43.564998626708984,42.779998779296875,43.5,237594400
465,2017-11-06,40.84566879272461,43.5625,43.747501373291016,42.93000030517578,43.092498779296875,140105200
466,2017-11-07,40.97693634033203,43.70249938964844,43.8125,43.400001525878906,43.477500915527344,97446000
467,2017-11-08,41.31212615966797,44.060001373291016,44.060001373291016,43.58250045776367,43.665000915527344,97638000
468,2017-11-09,41.227745056152344,43.970001220703125,44.025001525878906,43.28499984741211,43.77750015258789,117930400
469,2017-11-10,41.0912971496582,43.66749954223633,43.845001220703125,43.567501068115234,43.77750015258789,100582000
470,2017-11-13,40.9266242980957,43.49250030517578,43.625,43.349998474121094,43.375,67928400
471,2017-11-14,40.307918548583984,42.834999084472656,43.369998931884766,42.79499816894531,43.2599983215332,99130000
472,2017-11-15,39.776248931884766,42.27000045776367,42.58000183105469,42.095001220703125,42.49250030517578,116632400
473,2017-11-16,40.25144958496094,42.775001525878906,42.967498779296875,42.57500076293945,42.79499816894531,94550000
474,2017-11-17,40.0279655456543,42.537498474121094,42.84749984741211,42.40999984741211,42.7599983215332,87598000
475,2017-11-20,39.987972259521484,42.494998931884766,42.63999938964844,42.38999938964844,42.5724983215332,65049600
476,2017-11-21,40.731361389160156,43.28499984741211,43.42499923706055,42.69499969482422,42.69499969482422,100525200
477,2017-11-22,41.15953063964844,43.7400016784668,43.75,43.26250076293945,43.34000015258789,102355600
478,2017-11-24,41.1618766784668,43.74250030517578,43.875,43.662498474121094,43.775001525878906,56106800
479,2017-11-27,40.95485305786133,43.522499084472656,43.77000045776367,43.334999084472656,43.76250076293945,82867200
480,2017-11-28,40.71489715576172,43.26750183105469,43.717498779296875,42.96500015258789,43.57500076293945,105715200
481,2017-11-29,39.87035369873047,42.369998931884766,43.22999954223633,41.790000915527344,43.157501220703125,166665600
482,2017-11-30,40.42789077758789,42.962501525878906,43.03499984741211,42.11000061035156,42.60749816894531,166108800
483,2017-12-01,40.23969268798828,42.76250076293945,42.91749954223633,42.125,42.48749923706055,159037200
484,2017-12-04,39.94563293457031,42.45000076293945,43.154998779296875,42.407501220703125,43.119998931884766,130169600
485,2017-12-05,39.907989501953125,42.40999984741211,42.880001068115234,42.099998474121094,42.26499938964844,109400800
486,2017-12-06,39.75978469848633,42.252498626708984,42.54999923706055,41.6150016784668,41.875,114240000
487,2017-12-07,39.83272171020508,42.33000183105469,42.61000061035156,42.227500915527344,42.25749969482422,102693200
488,2017-12-08,39.84446334838867,42.342498779296875,42.75,42.20500183105469,42.622501373291016,93420800
489,2017-12-11,40.62079620361328,43.16749954223633,43.22249984741211,42.1974983215332,42.29999923706055,141095200
490,2017-12-12,40.39261245727539,42.92499923706055,43.09749984741211,42.8650016784668,43.037498474121094,77636800
491,2017-12-13,40.52669906616211,43.067501068115234,43.3849983215332,43.0,43.125,95273600
492,2017-12-14,40.51494216918945,43.05500030517578,43.282501220703125,42.912498474121094,43.099998474121094,81906000
493,2017-12-15,40.9266242980957,43.49250030517578,43.54249954223633,43.1150016784668,43.407501220703125,160677200
494,2017-12-18,41.502994537353516,44.10499954223633,44.29999923706055,43.71500015258789,43.720001220703125,117684400
495,2017-12-19,41.06072235107422,43.6349983215332,43.84749984741211,43.522499084472656,43.75749969482422,109745600
496,2017-12-20,41.01601791381836,43.587501525878906,43.85499954223633,43.3125,43.717498779296875,93902400
497,2017-12-21,41.17127990722656,43.752498626708984,44.005001068115234,43.525001525878906,43.54249954223633,83799600
498,2017-12-22,41.17127990722656,43.752498626708984,43.85499954223633,43.625,43.66999816894531,65397600
499,2017-12-26,40.126773834228516,42.64250183105469,42.86750030517578,42.41999816894531,42.70000076293945,132742000
500,2017-12-27,40.133827209472656,42.650001525878906,42.69499969482422,42.4275016784668,42.525001525878906,85992800
501,2017-12-28,40.24674987792969,42.77000045776367,42.962501525878906,42.619998931884766,42.75,65920800
502,2017-12-29,39.81153106689453,42.307498931884766,42.647499084472656,42.30500030517578,42.630001068115234,103999600
503,2018-01-02,40.52433395385742,43.064998626708984,43.07500076293945,42.314998626708984,42.540000915527344,102223600
504,2018-01-03,40.51728820800781,43.057498931884766,43.63750076293945,42.9900016784668,43.13249969482422,118071600
505,2018-01-04,40.70549011230469,43.25749969482422,43.36750030517578,43.02000045776367,43.1349983215332,89738400
506,2018-01-05,41.16893005371094,43.75,43.842498779296875,43.26250076293945,43.36000061035156,94640000
507,2018-01-08,41.01601791381836,43.587501525878906,43.90250015258789,43.48249816894531,43.587501525878906,82271200
508,2018-01-09,41.01130676269531,43.58250045776367,43.76499938964844,43.352500915527344,43.63750076293945,86336000
509,2018-01-10,41.00191116333008,43.5724983215332,43.57500076293945,43.25,43.290000915527344,95839600
510,2018-01-11,41.234798431396484,43.81999969482422,43.872501373291016,43.622501373291016,43.647499084472656,74670800
511,2018-01-12,41.660614013671875,44.272499084472656,44.34000015258789,43.912498474121094,44.04499816894531,101672400
512,2018-01-16,41.44887924194336,44.04750061035156,44.84749984741211,44.03499984741211,44.474998474121094,118263600
513,2018-01-17,42.133460998535156,44.775001525878906,44.8125,43.76750183105469,44.037498474121094,137547200
514,2018-01-18,42.17109680175781,44.814998626708984,45.025001525878906,44.5625,44.842498779296875,124773600
515,2018-01-19,41.982906341552734,44.6150016784668,44.89500045776367,44.352500915527344,44.65250015258789,129700400
516,2018-01-22,41.639434814453125,44.25,44.44499969482422,44.150001525878906,44.32500076293945,108434400
517,2018-01-23,41.64884567260742,44.2599983215332,44.86000061035156,44.20500183105469,44.32500076293945,130756400
518,2018-01-24,40.985435485839844,43.55500030517578,44.32500076293945,43.29999923706055,44.3125,204420400
519,2018-01-25,40.25381088256836,42.77750015258789,43.73749923706055,42.63249969482422,43.627498626708984,166116000
520,2018-01-26,40.3479118347168,42.877498626708984,43.0,42.51499938964844,43.0,156572000
521,2018-01-29,39.512760162353516,41.9900016784668,42.540000915527344,41.76750183105469,42.540000915527344,202561600
522,2018-01-30,39.27986526489258,41.74250030517578,41.842498779296875,41.17499923706055,41.38249969482422,184192800
523,2018-01-31,39.38808059692383,41.85749816894531,42.11000061035156,41.625,41.717498779296875,129915600
524,2018-02-01,39.47041702270508,41.94499969482422,42.154998779296875,41.689998626708984,41.79249954223633,188923200
525,2018-02-02,37.75778579711914,40.125,41.70000076293945,40.025001525878906,41.5,346375200
526,2018-02-05,36.81443405151367,39.122501373291016,40.970001220703125,39.0,39.775001525878906,290954000
527,2018-02-06,38.35297775268555,40.75749969482422,40.93000030517578,38.5,38.70750045776367,272975200
528,2018-02-07,37.531944274902344,39.8849983215332,40.849998474121094,39.76750183105469,40.772499084472656,206434400
529,2018-02-08,36.499202728271484,38.787498474121094,40.25,38.75749969482422,40.0724983215332,217562000
530,2018-02-09,36.94563674926758,39.102500915527344,39.47249984741211,37.560001373291016,39.26750183105469,282690400
531,2018-02-12,38.43376541137695,40.6775016784668,40.97249984741211,39.377498626708984,39.625,243278000
532,2018-02-13,38.81878662109375,41.084999084472656,41.1875,40.412498474121094,40.48749923706055,130196800
533,2018-02-14,39.53449630737305,41.842498779296875,41.8849983215332,40.720001220703125,40.7599983215332,162579600
534,2018-02-15,40.862003326416016,43.247501373291016,43.272499084472656,42.25,42.4474983215332,204588800
535,2018-02-16,40.7297248840332,43.10749816894531,43.70500183105469,42.942501068115234,43.09000015258789,160704400
536,2018-02-20,40.59272766113281,42.962501525878906,43.564998626708984,42.85499954223633,43.01250076293945,135722000
537,2018-02-21,40.40848159790039,42.76750183105469,43.529998779296875,42.752498626708984,43.20750045776367,149886400
538,2018-02-22,40.74626159667969,43.125,43.48749923706055,42.9275016784668,42.95000076293945,123967600
539,2018-02-23,41.45488739013672,43.875,43.912498474121094,43.3849983215332,43.41749954223633,135249600
540,2018-02-26,42.274539947509766,44.74250030517578,44.84749984741211,44.0525016784668,44.087501525878906,152648800
541,2018-02-27,42.13753128051758,44.59749984741211,45.119998931884766,44.540000915527344,44.775001525878906,155712400
542,2018-02-28,42.073760986328125,44.529998779296875,45.154998779296875,44.51250076293945,44.814998626708984,151128400
543,2018-03-01,41.33678436279297,43.75,44.94499969482422,43.165000915527344,44.6349983215332,195208000
544,2018-03-02,41.62261199951172,44.0525016784668,44.07500076293945,43.11249923706055,43.20000076293945,153816000
545,2018-03-05,41.766685485839844,44.20500183105469,44.435001373291016,43.630001068115234,43.8025016784668,113605600
546,2018-03-06,41.73126220703125,44.16749954223633,44.5625,44.032501220703125,44.477500915527344,95154000
547,2018-03-07,41.343868255615234,43.75749969482422,43.962501525878906,43.567501068115234,43.73500061035156,126814000
548,2018-03-08,41.79502868652344,44.23500061035156,44.279998779296875,43.76750183105469,43.869998931884766,95096400
549,2018-03-09,42.513118743896484,44.994998931884766,45.0,44.34749984741211,44.4900016784668,128740800
550,2018-03-12,42.92411804199219,45.43000030517578,45.59749984741211,45.0525016784668,45.0724983215332,128828400
551,2018-03-13,42.51074981689453,44.99250030517578,45.875,44.810001373291016,45.647499084472656,126774000
552,2018-03-14,42.14936447143555,44.61000061035156,45.130001068115234,44.45249938964844,45.08000183105469,117473600
553,2018-03-15,42.19894790649414,44.662498474121094,45.060001373291016,44.51750183105469,44.625,90975200
554,2018-03-16,42.05013656616211,44.505001068115234,44.779998779296875,44.404998779296875,44.662498474121094,157618800
555,2018-03-19,41.407657623291016,43.82500076293945,44.36750030517578,43.415000915527344,44.33000183105469,133787200
556,2018-03-20,41.39347839355469,43.810001373291016,44.20000076293945,43.73500061035156,43.810001373291016,78597600
557,2018-03-21,40.455726623535156,42.817501068115234,43.772499084472656,42.814998626708984,43.7599983215332,148219600
558,2018-03-22,39.88408660888672,42.212501525878906,43.16999816894531,42.150001525878906,42.5,165963200
559,2018-03-23,38.96051788330078,41.23500061035156,42.47999954223633,41.23500061035156,42.09749984741211,164115200
560,2018-03-26,40.81003189086914,43.192501068115234,43.275001525878906,41.61000061035156,42.01750183105469,150164800
561,2018-03-27,39.76361846923828,42.084999084472656,43.787498474121094,41.72999954223633,43.41999816894531,163690400
562,2018-03-28,39.324275970458984,41.619998931884766,42.505001068115234,41.29750061035156,41.8125,166674000
563,2018-03-29,39.631343841552734,41.94499969482422,42.9375,41.724998474121094,41.95249938964844,153594000
564,2018-04-02,39.37152862548828,41.66999816894531,42.23500061035156,41.11750030517578,41.65999984741211,150347200
565,2018-04-03,39.77544403076172,42.09749984741211,42.1875,41.220001220703125,41.90999984741211,121112000
566,2018-04-04,40.53602981567383,42.90250015258789,43.002498626708984,41.192501068115234,41.220001220703125,138422000
567,2018-04-05,40.81711959838867,43.20000076293945,43.557498931884766,43.02000045776367,43.14500045776367,107732800
568,2018-04-06,39.7730712890625,42.095001220703125,43.119998931884766,42.04999923706055,42.74250030517578,140021200
569,2018-04-09,40.167545318603516,42.51250076293945,43.272499084472656,42.462501525878906,42.470001220703125,116070800
570,2018-04-10,40.92341232299805,43.3125,43.5,42.88249969482422,43.25,113634400
571,2018-04-11,40.732086181640625,43.11000061035156,43.47999954223633,42.92499923706055,43.057498931884766,89726400
572,2018-04-12,41.13365173339844,43.53499984741211,43.75,43.2599983215332,43.352500915527344,91557200
573,2018-04-13,41.27301025390625,43.682498931884766,43.959999084472656,43.462501525878906,43.69499969482422,100497200
574,2018-04-16,41.530487060546875,43.95500183105469,44.04750061035156,43.70750045776367,43.75749969482422,86313600
575,2018-04-17,42.102108001708984,44.560001373291016,44.73500061035156,44.102500915527344,44.122501373291016,106421600
576,2018-04-18,42.00762176513672,44.459999084472656,44.70500183105469,44.220001220703125,44.45249938964844,83018000
577,2018-04-19,40.81711959838867,43.20000076293945,43.84749984741211,43.165000915527344,43.439998626708984,139235200
578,2018-04-20,39.14476013183594,41.43000030517578,42.80500030517578,41.35749816894531,42.650001525878906,261964400
579,2018-04-23,39.031368255615234,41.310001373291016,41.72999954223633,41.022499084472656,41.70750045776367,146062000
580,2018-04-24,38.48809814453125,40.73500061035156,41.58250045776367,40.30500030517578,41.41749954223633,134768000
581,2018-04-25,38.655799865722656,40.912498474121094,41.35499954223633,40.602500915527344,40.654998779296875,113528400
582,2018-04-26,38.790443420410156,41.05500030517578,41.432498931884766,40.842498779296875,41.029998779296875,111852000
583,2018-04-27,38.34164047241211,40.58000183105469,41.08250045776367,40.157501220703125,41.0,142623200
584,2018-04-30,39.03609848022461,41.314998626708984,41.814998626708984,40.459999084472656,40.532501220703125,169709600
585,2018-05-01,39.943145751953125,42.275001525878906,42.29999923706055,41.317501068115234,41.602500915527344,214277600
586,2018-05-02,41.70762634277344,44.14250183105469,44.4375,43.45000076293945,43.807498931884766,266157600
587,2018-05-03,41.78322219848633,44.22249984741211,44.375,43.61000061035156,43.970001220703125,136272800
588,2018-05-04,43.42253494262695,45.95750045776367,46.0625,44.54249954223633,44.5625,224805200
589,2018-05-07,43.736671447753906,46.290000915527344,46.91749954223633,46.1875,46.29499816894531,169805600
590,2018-05-08,43.9468994140625,46.51250076293945,46.55500030517578,45.91749954223633,46.247501373291016,113611200
591,2018-05-09,44.256343841552734,46.84000015258789,46.849998474121094,46.30500030517578,46.63750076293945,92844800
592,2018-05-10,44.88938903808594,47.5099983215332,47.592498779296875,46.912498474121094,46.935001373291016,111957200
593,2018-05-11,44.718650817871094,47.147499084472656,47.51499938964844,46.86249923706055,47.372501373291016,104848800
594,2018-05-14,44.61432647705078,47.037498474121094,47.38249969482422,46.96500015258789,47.252498626708984,83115200
595,2018-05-15,44.20884704589844,46.61000061035156,46.76750183105469,46.275001525878906,46.69499969482422,94780800
596,2018-05-16,44.62143325805664,47.04499816894531,47.1150016784668,46.5,46.51750183105469,76732400
597,2018-05-17,44.33926010131836,46.747501373291016,47.227500915527344,46.59000015258789,47.0,69176000
598,2018-05-18,44.17802047729492,46.57749938964844,46.95249938964844,46.532501220703125,46.79750061035156,73190800
599,2018-05-21,44.491024017333984,46.907501220703125,47.317501068115234,46.727500915527344,47.0,73603200
600,2018-05-22,44.379581451416016,46.790000915527344,47.220001220703125,46.69499969482422,47.095001220703125,60962800
601,2018-05-23,44.664119720458984,47.09000015258789,47.125,46.439998626708984,46.587501525878906,80233600
602,2018-05-24,44.61432647705078,47.037498474121094,47.209999084472656,46.5525016784668,47.192501068115234,92936000
603,2018-05-25,44.716278076171875,47.14500045776367,47.412498474121094,46.912498474121094,47.057498931884766,69844000
604,2018-05-29,44.5550537109375,46.974998474121094,47.1875,46.717498779296875,46.900001525878906,90056400
605,2018-05-30,44.460201263427734,46.875,47.0,46.69499969482422,46.93000030517578,74762000
606,2018-05-31,44.31080627441406,46.717498779296875,47.057498931884766,46.53499984741211,46.80500030517578,109931200
607,2018-06-01,45.10990905761719,47.560001373291016,47.564998626708984,46.9375,46.997501373291016,93770000
608,2018-06-04,45.48693084716797,47.95750045776367,48.35499954223633,47.837501525878906,47.90999984741211,105064800
609,2018-06-05,45.83786392211914,48.32749938964844,48.48500061035156,48.09000015258789,48.26750183105469,86264000
610,2018-06-06,45.99673843383789,48.494998931884766,48.52000045776367,47.97999954223633,48.407501220703125,83734400
611,2018-06-07,45.873443603515625,48.3650016784668,48.54999923706055,48.084999084472656,48.53499984741211,85388800
612,2018-06-08,45.45608901977539,47.92499923706055,48.0,47.442501068115234,47.79249954223633,106627200
613,2018-06-11,45.34465408325195,47.807498931884766,47.99250030517578,47.5525016784668,47.837501525878906,73234000
614,2018-06-12,45.59363555908203,48.06999969482422,48.15250015258789,47.787498474121094,47.84749984741211,67644400
615,2018-06-13,45.218990325927734,47.67499923706055,48.220001220703125,47.61000061035156,48.10499954223633,86553600
616,2018-06-14,45.24269104003906,47.70000076293945,47.89250183105469,47.55500030517578,47.88750076293945,86440400
617,2018-06-15,44.77793502807617,47.209999084472656,47.540000915527344,47.064998626708984,47.50749969482422,246876800
618,2018-06-18,44.75423049926758,47.185001373291016,47.30500030517578,46.79999923706055,46.970001220703125,73939600
619,2018-06-19,44.03101348876953,46.42250061035156,46.58250045776367,45.86249923706055,46.28499984741211,134314000
620,2018-06-20,44.22307205200195,46.625,46.79999923706055,46.432498931884766,46.587501525878906,82514800
621,2018-06-21,43.97646713256836,46.3650016784668,47.087501525878906,46.23500061035156,46.8125,102847600
622,2018-06-22,43.848426818847656,46.22999954223633,46.537498474121094,46.17499923706055,46.529998779296875,108801600
623,2018-06-25,43.19633865356445,45.54249954223633,46.22999954223633,45.182498931884766,45.849998474121094,126652400
624,2018-06-26,43.73222732543945,46.10749816894531,46.63249969482422,45.6349983215332,45.747501373291016,98276800
625,2018-06-27,43.668216705322266,46.040000915527344,46.81999969482422,46.00749969482422,46.307498931884766,101141200
626,2018-06-28,43.98595428466797,46.375,46.5525016784668,45.95000076293945,46.025001525878906,69460800
627,2018-06-29,43.89348602294922,46.27750015258789,46.79750061035156,45.727500915527344,46.5724983215332,90950800
628,2018-07-02,44.38431930541992,46.79499816894531,46.82500076293945,45.85499954223633,45.95500183105469,70925200
629,2018-07-03,43.61130142211914,45.97999954223633,46.98749923706055,45.8849983215332,46.9474983215332,55819200
630,2018-07-05,43.96223831176758,46.349998474121094,46.602500915527344,46.06999969482422,46.314998626708984,66416800
631,2018-07-06,44.5716438293457,46.99250030517578,47.10749816894531,46.29999923706055,46.35499954223633,69940800
632,2018-07-09,45.190528869628906,47.64500045776367,47.66999816894531,47.32500076293945,47.375,79026400
633,2018-07-10,45.13599395751953,47.587501525878906,47.81999969482422,47.54499816894531,47.6775016784668,63756400
634,2018-07-11,44.55030059814453,46.970001220703125,47.44499969482422,46.90250015258789,47.125,75326000
635,2018-07-12,45.29723358154297,47.75749969482422,47.852500915527344,47.32749938964844,47.38249969482422,72164400
636,2018-07-13,45.36836624145508,47.83250045776367,47.959999084472656,47.724998474121094,47.77000045776367,50055600
637,2018-07-16,45.26877212524414,47.727500915527344,48.162498474121094,47.60499954223633,47.880001068115234,60172400
638,2018-07-17,45.396820068359375,47.86249923706055,47.967498779296875,47.29999923706055,47.4375,62138000
639,2018-07-18,45.14784622192383,47.599998474121094,47.95000076293945,47.48249816894531,47.94499969482422,65573600
640,2018-07-19,45.4987907409668,47.970001220703125,48.13750076293945,47.42250061035156,47.42250061035156,81147200
641,2018-07-20,45.39445495605469,47.86000061035156,48.10749816894531,47.54249954223633,47.94499969482422,82704800
642,2018-07-23,45.43476104736328,47.90250015258789,47.9900016784668,47.38999938964844,47.66999816894531,63957600
643,2018-07-24,45.76436233520508,48.25,48.415000915527344,48.01250076293945,48.11249923706055,74791600
644,2018-07-25,46.1959228515625,48.70500183105469,48.712501525878906,48.10749816894531,48.26499938964844,66839600
645,2018-07-26,46.05127716064453,48.5525016784668,48.9900016784668,48.40250015258789,48.65250015258789,76304000
646,2018-07-27,45.285369873046875,47.744998931884766,48.79750061035156,47.525001525878906,48.747501373291016,96096000
647,2018-07-30,45.03166198730469,47.477500915527344,48.04999923706055,47.26750183105469,47.974998474121094,84118000
648,2018-07-31,45.121768951416016,47.5724983215332,48.03499984741211,47.334999084472656,47.57500076293945,157492000
649,2018-08-01,47.779884338378906,50.375,50.439998626708984,49.32749938964844,49.782501220703125,271742800
650,2018-08-02,49.176536560058594,51.84749984741211,52.095001220703125,50.087501525878906,50.14500045776367,249616000
651,2018-08-03,49.318817138671875,51.997501373291016,52.185001373291016,51.369998931884766,51.75749969482422,133789600
652,2018-08-06,49.574893951416016,52.26750183105469,52.3125,51.76750183105469,52.0,101701600
653,2018-08-07,49.11014175415039,51.77750015258789,52.375,51.689998626708984,52.33000183105469,102349600
654,2018-08-08,49.14333724975586,51.8125,51.95249938964844,51.130001068115234,51.51250076293945,90102000
655,2018-08-09,49.52985382080078,52.220001220703125,52.44499969482422,51.79999923706055,52.38249969482422,93970400
656,2018-08-10,49.3823127746582,51.88249969482422,52.275001525878906,51.66749954223633,51.84000015258789,98444800
657,2018-08-13,49.701168060302734,52.217498779296875,52.73749923706055,51.92499923706055,52.32749938964844,103563600
658,2018-08-14,49.91056823730469,52.4375,52.63999938964844,52.064998626708984,52.540000915527344,82992000
659,2018-08-15,50.02717208862305,52.560001373291016,52.685001373291016,52.08250045776367,52.30500030517578,115230400
660,2018-08-16,50.76005935668945,53.33000183105469,53.45249938964844,52.86750030517578,52.9375,114001600
661,2018-08-17,51.77373504638672,54.39500045776367,54.48749923706055,53.290000915527344,53.36000061035156,141708000
662,2018-08-20,51.26927185058594,53.8650016784668,54.79499816894531,53.77750015258789,54.525001525878906,121150800
663,2018-08-21,51.16933822631836,53.7599983215332,54.29750061035156,53.50749969482422,54.20000076293945,104639200
664,2018-08-22,51.17171096801758,53.76250076293945,54.09000015258789,53.459999084472656,53.525001525878906,76072400
665,2018-08-23,51.27642822265625,53.872501373291016,54.26250076293945,53.650001525878906,53.662498474121094,75532800
666,2018-08-24,51.435848236083984,54.040000915527344,54.224998474121094,53.77750015258789,54.150001525878906,73905600
667,2018-08-27,51.859397888183594,54.48500061035156,54.685001373291016,54.08250045776367,54.287498474121094,82100400
668,2018-08-28,52.2781867980957,54.92499923706055,55.1349983215332,54.72999954223633,54.752498626708984,91107200
669,2018-08-29,53.058677673339844,55.744998931884766,55.872501373291016,54.852500915527344,55.037498474121094,109019200
670,2018-08-30,53.5464973449707,56.25749969482422,57.064998626708984,55.599998474121094,55.8125,195175200
671,2018-08-31,54.1651611328125,56.907501220703125,57.217498779296875,56.5,56.627498626708984,173360400
672,2018-09-04,54.338863372802734,57.09000015258789,57.29499816894531,56.657501220703125,57.102500915527344,109560400
673,2018-09-05,53.98431396484375,56.717498779296875,57.41749954223633,56.275001525878906,57.247501373291016,133332000
674,2018-09-06,53.08723831176758,55.775001525878906,56.837501525878906,55.32500076293945,56.557498931884766,137160000
675,2018-09-07,52.65892791748047,55.32500076293945,56.342498779296875,55.1775016784668,55.462501525878906,150479200
676,2018-09-10,51.952205657958984,54.58250045776367,55.462501525878906,54.11750030517578,55.23749923706055,158066000
677,2018-09-11,53.26570129394531,55.962501525878906,56.07500076293945,54.13999938964844,54.502498626708984,142996000
678,2018-09-12,52.60419464111328,55.26750183105469,56.25,54.959999084472656,56.23500061035156,197114800
679,2018-09-13,53.87485885620117,56.602500915527344,57.087501525878906,55.64250183105469,55.880001068115234,166825600
680,2018-09-14,53.263328552246094,55.959999084472656,56.709999084472656,55.630001068115234,56.4375,127997200
681,2018-09-17,51.84513854980469,54.470001220703125,55.73749923706055,54.317501068115234,55.537498474121094,148780400
682,2018-09-18,51.93079376220703,54.560001373291016,55.462501525878906,54.279998779296875,54.4474983215332,126286800
683,2018-09-19,51.96171569824219,54.592498779296875,54.904998779296875,53.82500076293945,54.625,108495200
684,2018-09-20,52.356719970703125,55.00749969482422,55.56999969482422,54.787498474121094,55.060001373291016,106435200
685,2018-09-21,51.79277038574219,54.415000915527344,55.34000015258789,54.3224983215332,55.19499969482422,384986800
686,2018-09-24,52.537567138671875,55.1974983215332,55.314998626708984,54.157501220703125,54.20500183105469,110773600
687,2018-09-25,52.87070846557617,55.54750061035156,55.70500183105469,54.92499923706055,54.9375,98217600
688,2018-09-26,52.44952392578125,55.10499954223633,55.9375,54.939998626708984,55.25,95938800
689,2018-09-27,53.52745056152344,56.23749923706055,56.61000061035156,55.8849983215332,55.95500183105469,120724800
690,2018-09-28,53.71543884277344,56.435001373291016,56.459999084472656,56.005001068115234,56.1974983215332,91717600
691,2018-10-01,54.077117919921875,56.814998626708984,57.35499954223633,56.587501525878906,56.98749923706055,94403200
692,2018-10-02,54.55779266357422,57.31999969482422,57.5,56.657501220703125,56.8125,99152800
693,2018-10-03,55.221675872802734,58.01750183105469,58.36750030517578,57.44499969482422,57.51250076293945,114619200
694,2018-10-04,54.250831604003906,56.997501373291016,58.087501525878906,56.682498931884766,57.69499969482422,128168000
695,2018-10-05,53.370399475097656,56.0724983215332,57.102500915527344,55.14500045776367,56.9900016784668,134322000
696,2018-10-08,53.24665832519531,55.942501068115234,56.20000076293945,55.04999923706055,55.5525016784668,118655600
697,2018-10-09,53.98431396484375,56.717498779296875,56.817501068115234,55.5625,55.90999984741211,107564000
698,2018-10-10,51.48344039916992,54.09000015258789,56.587501525878906,54.01250076293945,56.3650016784668,167962400
699,2018-10-11,51.02894973754883,53.61249923706055,54.875,53.08000183105469,53.630001068115234,212497600
700,2018-10-12,52.851661682128906,55.52750015258789,55.720001220703125,54.209999084472656,55.10499954223633,161351600
701,2018-10-15,51.72138595581055,54.34000015258789,55.45750045776367,54.317501068115234,55.290000915527344,123164000
702,2018-10-16,52.86117172241211,55.537498474121094,55.747501373291016,54.189998626708984,54.73249816894531,116736000
703,2018-10-17,52.632755279541016,55.29750061035156,55.65999984741211,54.834999084472656,55.57500076293945,91541600
704,2018-10-18,51.40253448486328,54.005001068115234,54.935001373291016,53.25,54.46500015258789,130325200
705,2018-10-19,52.185394287109375,54.82749938964844,55.314998626708984,54.35749816894531,54.51499938964844,132314800
706,2018-10-22,52.50424575805664,55.162498474121094,55.84000015258789,54.73500061035156,54.9474983215332,115168400
707,2018-10-23,52.99919891357422,55.682498931884766,55.8125,53.67499923706055,53.95750045776367,155071200
708,2018-10-24,51.18123245239258,53.772499084472656,56.057498931884766,53.6349983215332,55.650001525878906,163702000
709,2018-10-25,52.302001953125,54.95000076293945,55.345001220703125,54.1875,54.4275016784668,119423200
710,2018-10-26,51.46916961669922,54.07500076293945,55.04750061035156,53.16749954223633,53.974998474121094,189033600
711,2018-10-29,50.50306701660156,53.060001373291016,54.92250061035156,51.522499084472656,54.79750061035156,183742000
712,2018-10-30,50.75529861450195,53.32500076293945,53.79499816894531,52.317501068115234,52.787498474121094,146640000
713,2018-10-31,52.07831954956055,54.71500015258789,55.11249923706055,54.154998779296875,54.220001220703125,153435600
714,2018-11-01,52.87784957885742,55.55500030517578,55.59000015258789,54.20249938964844,54.76250076293945,233292800
715,2018-11-02,49.37040328979492,51.869998931884766,53.412498474121094,51.35749816894531,52.38750076293945,365314800
716,2018-11-05,47.9688720703125,50.397499084472656,51.09749984741211,49.54249954223633,51.07500076293945,264654800
717,2018-11-06,48.487613677978516,50.942501068115234,51.18000030517578,50.42250061035156,50.47999954223633,127531600
718,2018-11-07,49.958152770996094,52.48749923706055,52.51499938964844,51.032501220703125,51.49250030517578,133697600
719,2018-11-08,49.783843994140625,52.122501373291016,52.529998779296875,51.6875,52.494998931884766,101450400
720,2018-11-09,48.823951721191406,51.11750030517578,51.502498626708984,50.5625,51.38750076293945,137463200
721,2018-11-12,46.36447525024414,48.54249954223633,49.962501525878906,48.4474983215332,49.75,204542000
722,2018-11-13,45.901241302490234,48.057498931884766,49.29499816894531,47.86249923706055,47.907501220703125,187531600
723,2018-11-14,44.60464859008789,46.70000076293945,48.619998931884766,46.48249816894531,48.474998474121094,243204000
724,2018-11-15,45.7054443359375,47.852500915527344,47.99250030517578,46.724998474121094,47.09749984741211,185915200
725,2018-11-16,46.21166229248047,48.38249969482422,48.74250030517578,47.3650016784668,47.625,147713200
726,2018-11-19,44.38020324707031,46.46500015258789,47.67499923706055,46.247501373291016,47.5,167701200
727,2018-11-20,42.259788513183594,44.244998931884766,45.36750030517578,43.877498626708984,44.592498779296875,271300800
728,2018-11-21,42.2120475769043,44.19499969482422,45.067501068115234,44.13750076293945,44.932498931884766,124496800
729,2018-11-23,41.1399040222168,43.0724983215332,44.150001525878906,43.025001525878906,43.73500061035156,94496000
730,2018-11-26,41.69627380371094,43.654998779296875,43.73749923706055,42.564998626708984,43.560001373291016,179994000
731,2018-11-27,41.60554122924805,43.560001373291016,43.692501068115234,42.720001220703125,42.877498626708984,165549600
732,2018-11-28,43.20539093017578,45.23500061035156,45.3224983215332,43.73249816894531,44.182498931884766,184250000
733,2018-11-29,42.87347412109375,44.88750076293945,45.70000076293945,44.42499923706055,45.665000915527344,167080000
734,2018-11-30,42.64186096191406,44.64500045776367,45.08250045776367,44.25749969482422,45.0724983215332,158126000
735,2018-12-03,44.13186264038086,46.20500183105469,46.23500061035156,45.3025016784668,46.1150016784668,163210000
736,2018-12-04,42.1905517578125,44.17250061035156,45.59749984741211,44.067501068115234,45.23749923706055,165377200
737,2018-12-06,41.72014617919922,43.68000030517578,43.69499969482422,42.60499954223633,42.939998626708984,172393600
738,2018-12-07,40.232540130615234,42.122501373291016,43.622501373291016,42.07500076293945,43.372501373291016,169126400
739,2018-12-10,40.497581481933594,42.400001525878906,42.522499084472656,40.83250045776367,41.25,248104000
740,2018-12-11,40.26597213745117,42.157501220703125,42.9474983215332,41.75,42.915000915527344,189126800
741,2018-12-12,40.37819290161133,42.275001525878906,42.97999954223633,42.255001068115234,42.599998474121094,142510800
742,2018-12-13,40.8199348449707,42.73749923706055,43.14250183105469,42.38750076293945,42.622501373291016,127594400
743,2018-12-14,39.5137939453125,41.369998931884766,42.27000045776367,41.31999969482422,42.25,162814800
744,2018-12-17,39.14607620239258,40.98500061035156,42.087501525878906,40.682498931884766,41.36249923706055,177151600
745,2018-12-18,39.6546745300293,41.51750183105469,41.88249969482422,41.09749984741211,41.345001220703125,135366000
746,2018-12-19,38.41777801513672,40.22249984741211,41.86249923706055,39.772499084472656,41.5,196189200
747,2018-12-20,37.448326110839844,39.20750045776367,40.52750015258789,38.82500076293945,40.099998474121094,259092000
748,2018-12-21,35.99174880981445,37.682498931884766,39.540000915527344,37.407501220703125,39.21500015258789,382978400
749,2018-12-24,35.06050491333008,36.70750045776367,37.88750076293945,36.647499084472656,37.037498474121094,148676800
750,2018-12-26,37.529510498046875,39.29249954223633,39.307498931884766,36.68000030517578,37.07500076293945,234330000
751,2018-12-27,37.28594207763672,39.037498474121094,39.192501068115234,37.51750183105469,38.959999084472656,212468400
752,2018-12-28,37.30504608154297,39.057498931884766,39.630001068115234,38.63750076293945,39.375,169165600
753,2018-12-31,37.66561508178711,39.435001373291016,39.84000015258789,39.119998931884766,39.63249969482422,140014000
754,2019-01-02,37.708595275878906,39.47999954223633,39.712501525878906,38.557498931884766,38.72249984741211,148158800
755,2019-01-03,33.95253372192383,35.54750061035156,36.43000030517578,35.5,35.994998931884766,365248800
756,2019-01-04,35.401954650878906,37.064998626708984,37.13750076293945,35.95000076293945,36.13249969482422,234428400
757,2019-01-07,35.32316589355469,36.98249816894531,37.20750045776367,36.474998474121094,37.17499923706055,219111200
758,2019-01-08,35.99652099609375,37.6875,37.95500183105469,37.130001068115234,37.38999938964844,164101200
759,2019-01-09,36.607810974121094,38.32749938964844,38.63249969482422,37.407501220703125,37.8224983215332,180396400
760,2019-01-10,36.72481155395508,38.45000076293945,38.49250030517578,37.71500015258789,38.125,143122800
761,2019-01-11,36.3642463684082,38.0724983215332,38.42499923706055,37.877498626708984,38.220001220703125,108092800
762,2019-01-14,35.81742477416992,37.5,37.817501068115234,37.30500030517578,37.712501525878906,129756800
763,2019-01-15,36.550506591796875,38.26750183105469,38.34749984741211,37.51250076293945,37.567501068115234,114843600
764,2019-01-16,36.99702453613281,38.73500061035156,38.970001220703125,38.25,38.27000045776367,122278800
765,2019-01-17,37.216697692871094,38.96500015258789,39.415000915527344,38.314998626708984,38.54999923706055,119284800
766,2019-01-18,37.4459342956543,39.20500183105469,39.470001220703125,38.994998931884766,39.375,135004000
767,2019-01-22,36.60541534423828,38.32500076293945,39.182498931884766,38.154998779296875,39.102500915527344,121576000
768,2019-01-23,36.753456115722656,38.47999954223633,38.78499984741211,37.92499923706055,38.537498474121094,92522400
769,2019-01-24,36.46214294433594,38.17499923706055,38.619998931884766,37.935001373291016,38.52750015258789,101766000
770,2019-01-25,37.670387268066406,39.439998626708984,39.532501220703125,38.58000183105469,38.869998931884766,134142000
771,2019-01-28,37.3217658996582,39.07500076293945,39.08250045776367,38.415000915527344,38.9474983215332,104768400
772,2019-01-29,36.9349365234375,38.66999816894531,39.532501220703125,38.52750015258789,39.0625,166348800
773,2019-01-30,39.45886993408203,41.3125,41.537498474121094,40.057498931884766,40.8125,244439200
774,2019-01-31,39.74303436279297,41.61000061035156,42.25,41.13999938964844,41.52750015258789,162958400
775,2019-02-01,39.76213836669922,41.630001068115234,42.244998931884766,41.48249816894531,41.7400016784668,130672400
776,2019-02-04,40.891571044921875,42.8125,42.915000915527344,41.81999969482422,41.852500915527344,125982000
777,2019-02-05,41.59120178222656,43.54499816894531,43.77000045776367,43.087501525878906,43.21500015258789,144406400
778,2019-02-06,41.60554122924805,43.560001373291016,43.89250183105469,43.212501525878906,43.662498474121094,112958400
779,2019-02-07,40.81755065917969,42.73500061035156,43.48500061035156,42.584999084472656,43.099998474121094,126966800
780,2019-02-08,40.865516662597656,42.602500915527344,42.665000915527344,42.10499954223633,42.247501373291016,95280000
781,2019-02-11,40.6305046081543,42.35749816894531,42.8025016784668,42.3125,42.76250076293945,83973600
782,2019-02-12,40.98061752319336,42.72249984741211,42.75,42.42499923706055,42.525001525878906,89134000
783,2019-02-13,40.81035232543945,42.54499816894531,43.119998931884766,42.47999954223633,42.84749984741211,89960800
784,2019-02-14,40.95903778076172,42.70000076293945,42.814998626708984,42.345001220703125,42.4275016784668,87342800
785,2019-02-15,40.86791229248047,42.60499954223633,42.92499923706055,42.4375,42.8125,98507200
786,2019-02-19,40.990211486816406,42.73249816894531,42.86000061035156,42.372501373291016,42.4275016784668,75891200
787,2019-02-20,41.253997802734375,43.00749969482422,43.33000183105469,42.747501373291016,42.79750061035156,104457600
788,2019-02-21,41.021385192871094,42.76499938964844,43.092498779296875,42.57500076293945,42.95000076293945,68998800
789,2019-02-22,41.47942352294922,43.24250030517578,43.25,42.845001220703125,42.89500045776367,75652800
790,2019-02-25,41.78157424926758,43.557498931884766,43.967498779296875,43.48749923706055,43.540000915527344,87493600
791,2019-02-26,41.805564880371094,43.58250045776367,43.82500076293945,43.29249954223633,43.4275016784668,68280800
792,2019-02-27,41.93505096435547,43.717498779296875,43.75,43.182498931884766,43.3025016784668,111341600
793,2019-02-28,41.5225830078125,43.287498474121094,43.727500915527344,43.22999954223633,43.58000183105469,112861600
794,2019-03-01,41.95903015136719,43.74250030517578,43.787498474121094,43.22249984741211,43.56999969482422,103544800
795,2019-03-04,42.17006301879883,43.962501525878906,44.4375,43.49250030517578,43.92250061035156,109744800
796,2019-03-05,42.09332275390625,43.88249969482422,44.0,43.6349983215332,43.98500061035156,78949600
797,2019-03-06,41.851112365722656,43.630001068115234,43.872501373291016,43.48500061035156,43.66749954223633,83241600
798,2019-03-07,41.36670684814453,43.125,43.61000061035156,43.005001068115234,43.467498779296875,99185600
799,2019-03-08,41.465030670166016,43.227500915527344,43.26750183105469,42.375,42.58000183105469,95997600
800,2019-03-11,42.90147018432617,44.724998474121094,44.779998779296875,43.837501525878906,43.872501373291016,128044000
801,2019-03-12,43.383480072021484,45.227500915527344,45.66749954223633,44.842498779296875,45.0,129870400
802,2019-03-13,43.57533264160156,45.4275016784668,45.82500076293945,45.22999954223633,45.5625,124130000
803,2019-03-14,44.059749603271484,45.932498931884766,46.025001525878906,45.63999938964844,45.974998474121094,94318000
804,2019-03-15,44.63286590576172,46.529998779296875,46.83250045776367,45.935001373291016,46.212501525878906,156171600
805,2019-03-18,45.08850860595703,47.005001068115234,47.09749984741211,46.4474983215332,46.45000076293945,104879200
806,2019-03-19,44.73118591308594,46.63249969482422,47.247501373291016,46.47999954223633,47.087501525878906,126585600
807,2019-03-20,45.12209701538086,47.040000915527344,47.372501373291016,46.182498931884766,46.557498931884766,124140800
808,2019-03-21,46.78395080566406,48.772499084472656,49.08250045776367,47.45249938964844,47.505001068115234,204136800
809,2019-03-22,45.81513214111328,47.76250076293945,49.42250061035156,47.69499969482422,48.834999084472656,169630800
810,2019-03-25,45.26118087768555,47.185001373291016,47.994998931884766,46.650001525878906,47.877498626708984,175381200
811,2019-03-26,44.79354476928711,46.6974983215332,48.220001220703125,46.14500045776367,47.915000915527344,199202000
812,2019-03-27,45.19642639160156,47.11750030517578,47.439998626708984,46.63750076293945,47.1875,119393600
813,2019-03-28,45.25638198852539,47.18000030517578,47.38999938964844,46.88249969482422,47.23749923706055,83121600
814,2019-03-29,45.55133819580078,47.48749923706055,47.52000045776367,47.1349983215332,47.45750045776367,94256000
815,2019-04-01,45.86069107055664,47.810001373291016,47.91999816894531,47.095001220703125,47.90999984741211,111448000
816,2019-04-02,46.5273551940918,48.505001068115234,48.6150016784668,47.76250076293945,47.772499084472656,91062800
817,2019-04-03,46.84630584716797,48.837501525878906,49.125,48.287498474121094,48.3125,93087200
818,2019-04-04,46.92782974243164,48.92250061035156,49.092498779296875,48.28499984741211,48.6974983215332,76457200
819,2019-04-05,47.24198532104492,49.25,49.275001525878906,48.98249816894531,49.11249923706055,74106400
820,2019-04-08,47.98539733886719,50.025001525878906,50.057498931884766,49.084999084472656,49.10499954223633,103526800
821,2019-04-09,47.84150314331055,49.875,50.712501525878906,49.807498931884766,50.08000183105469,143072800
822,2019-04-10,48.11008834838867,50.154998779296875,50.185001373291016,49.54499816894531,49.66999816894531,86781200
823,2019-04-11,47.7095947265625,49.73749923706055,50.25,49.61000061035156,50.212501525878906,83603200
824,2019-04-12,47.690406799316406,49.717498779296875,50.03499984741211,49.0525016784668,49.79999923706055,111042800
825,2019-04-15,47.77674865722656,49.807498931884766,49.962501525878906,49.502498626708984,49.64500045776367,70146400
826,2019-04-16,47.781551361083984,49.8125,50.342498779296875,49.63999938964844,49.8650016784668,102785600
827,2019-04-17,48.71199417114258,50.782501220703125,50.845001220703125,49.65250015258789,49.8849983215332,115627200
828,2019-04-18,48.887062072753906,50.96500015258789,51.037498474121094,50.630001068115234,50.779998779296875,96783200
829,2019-04-22,49.0477294921875,51.13249969482422,51.23500061035156,50.584999084472656,50.70750045776367,77758000
830,2019-04-23,49.75515365600586,51.869998931884766,51.9375,50.974998474121094,51.10749816894531,93292000
831,2019-04-24,49.67841720581055,51.790000915527344,52.119998931884766,51.76250076293945,51.84000015258789,70162400
832,2019-04-25,49.22758102416992,51.31999969482422,51.939998626708984,51.279998779296875,51.70750045776367,74172800
833,2019-04-26,48.99258041381836,51.07500076293945,51.25,50.529998779296875,51.224998474121094,74596400
834,2019-04-29,49.06690216064453,51.15250015258789,51.49250030517578,50.96500015258789,51.099998474121094,88818800
835,2019-04-30,48.12207794189453,50.16749954223633,50.849998474121094,49.77750015258789,50.76499938964844,186139600
836,2019-05-01,50.48417663574219,52.630001068115234,53.82749938964844,52.307498931884766,52.470001220703125,259309200
837,2019-05-02,50.155635833740234,52.287498474121094,53.162498474121094,52.032501220703125,52.459999084472656,127985200
838,2019-05-03,50.77914047241211,52.9375,52.959999084472656,52.557498931884766,52.72249984741211,83569600
839,2019-05-06,49.99496078491211,52.119998931884766,52.209999084472656,50.875,51.0724983215332,129772400
840,2019-05-07,48.64725112915039,50.71500015258789,51.85499954223633,50.20750045776367,51.470001220703125,155054800
841,2019-05-08,48.656829833984375,50.724998474121094,51.334999084472656,50.4375,50.474998474121094,105358000
842,2019-05-09,48.134056091308594,50.18000030517578,50.41999816894531,49.165000915527344,50.099998474121094,139634400
843,2019-05-10,47.46724319458008,49.29499816894531,49.712501525878906,48.192501068115234,49.35499954223633,164834800
844,2019-05-13,44.708473205566406,46.43000030517578,47.369998931884766,45.712501525878906,46.9275016784668,229722400
845,2019-05-14,45.41621398925781,47.165000915527344,47.42499923706055,46.352500915527344,46.602500915527344,146118800
846,2019-05-15,45.960262298583984,47.72999954223633,47.9375,46.505001068115234,46.567501068115234,106178800
847,2019-05-16,45.758056640625,47.52000045776367,48.11750030517578,47.209999084472656,47.477500915527344,132125600
848,2019-05-17,45.4980583190918,47.25,47.724998474121094,46.689998626708984,46.73249816894531,131516400
849,2019-05-20,44.075347900390625,45.772499084472656,46.087501525878906,45.06999969482422,45.880001068115234,154449200
850,2019-05-21,44.92031478881836,46.650001525878906,47.0,46.17499923706055,46.30500030517578,113459200
851,2019-05-22,44.000728607177734,45.69499969482422,46.4275016784668,45.63750076293945,46.165000915527344,118994400
852,2019-05-23,43.24964904785156,44.915000915527344,45.1349983215332,44.45249938964844,44.95000076293945,146118800
853,2019-05-24,43.083534240722656,44.74250030517578,45.53499984741211,44.654998779296875,45.04999923706055,94858800
854,2019-05-28,42.905391693115234,44.557498931884766,45.147499084472656,44.477500915527344,44.72999954223633,111792800
855,2019-05-29,42.70077133178711,44.345001220703125,44.837501525878906,44.0,44.10499954223633,113924800
856,2019-05-30,42.9222526550293,44.57500076293945,44.807498931884766,44.16749954223633,44.48749923706055,84873600
857,2019-05-31,42.14468765258789,43.76750183105469,44.497501373291016,43.747501373291016,44.057498931884766,108174400
858,2019-06-03,41.718597412109375,43.32500076293945,44.47999954223633,42.567501068115234,43.900001525878906,161584400
859,2019-06-04,43.24483108520508,44.90999984741211,44.95750045776367,43.630001068115234,43.86000061035156,123872000
860,2019-06-05,43.94294738769531,45.6349983215332,46.247501373291016,45.28499984741211,46.06999969482422,119093600
861,2019-06-06,44.58810806274414,46.30500030517578,46.36750030517578,45.537498474121094,45.77000045776367,90105200
862,2019-06-07,45.7749137878418,47.537498474121094,47.97999954223633,46.442501068115234,46.627498626708984,122737600
863,2019-06-10,46.3598747253418,48.14500045776367,48.842498779296875,47.904998779296875,47.95249938964844,104883600
864,2019-06-11,46.896705627441406,48.70249938964844,49.0,48.400001525878906,48.71500015258789,107731600
865,2019-06-12,46.7474479675293,48.54750061035156,48.99250030517578,48.34749984741211,48.48749923706055,73012800
866,2019-06-13,46.73782730102539,48.537498474121094,49.1974983215332,48.400001525878906,48.67499923706055,86698400
867,2019-06-14,46.39839172363281,48.185001373291016,48.397499084472656,47.57500076293945,47.88750076293945,75046000
868,2019-06-17,46.67524337768555,48.47249984741211,48.7400016784668,48.04249954223633,48.224998474121094,58676400
869,2019-06-18,47.772972106933594,49.61249923706055,50.0724983215332,48.8025016784668,49.01250076293945,106204000
870,2019-06-19,47.63334655761719,49.467498779296875,49.970001220703125,49.32749938964844,49.91999816894531,84496800
871,2019-06-20,48.01610565185547,49.8650016784668,50.15250015258789,49.50749969482422,50.092498779296875,86056000
872,2019-06-21,47.85240936279297,49.69499969482422,50.212501525878906,49.537498474121094,49.70000076293945,191202400
873,2019-06-24,47.804256439208984,49.64500045776367,50.040000915527344,49.54249954223633,49.6349983215332,72881600
874,2019-06-25,47.07966613769531,48.89250183105469,49.814998626708984,48.8224983215332,49.60749816894531,84281200
875,2019-06-26,48.097957611083984,49.95000076293945,50.247501373291016,49.337501525878906,49.442501068115234,104270000
876,2019-06-27,48.08351135253906,49.935001373291016,50.39250183105469,49.89250183105469,50.0724983215332,83598800
877,2019-06-28,47.64537811279297,49.47999954223633,49.875,49.26250076293945,49.66999816894531,124442400
878,2019-07-01,48.51923370361328,50.38750076293945,51.122501373291016,50.162498474121094,50.79249954223633,109012000
879,2019-07-02,48.80329132080078,50.682498931884766,50.782501220703125,50.34000015258789,50.352500915527344,67740800
880,2019-07-03,49.207725524902344,51.102500915527344,51.11000061035156,50.67250061035156,50.81999969482422,45448000
881,2019-07-05,49.16438674926758,51.057498931884766,51.27000045776367,50.724998474121094,50.837501525878906,69062000
882,2019-07-08,48.15092086791992,50.005001068115234,50.349998474121094,49.602500915527344,50.20249938964844,101354400
883,2019-07-09,48.444602966308594,50.310001373291016,50.377498626708984,49.70249938964844,49.79999923706055,82312000
884,2019-07-10,48.92366027832031,50.807498931884766,50.932498931884766,50.38999938964844,50.462501525878906,71588400
885,2019-07-11,48.56737518310547,50.4375,51.09749984741211,50.4275016784668,50.82749938964844,80767200
886,2019-07-12,48.94049835205078,50.82500076293945,51.0,50.54999923706055,50.61249923706055,70380800
887,2019-07-15,49.400306701660156,51.3025016784668,51.467498779296875,51.0,51.022499084472656,67789600
888,2019-07-16,49.229393005371094,51.125,51.52750015258789,50.875,51.147499084472656,67467200
889,2019-07-17,48.95254898071289,50.837501525878906,51.272499084472656,50.817501068115234,51.01250076293945,56430000
890,2019-07-18,49.50863265991211,51.415000915527344,51.470001220703125,50.92499923706055,51.0,74162400
891,2019-07-19,48.769588470458984,50.647499084472656,51.625,50.59000015258789,51.4474983215332,83717200
892,2019-07-22,49.88417434692383,51.80500030517578,51.807498931884766,50.90250015258789,50.912498474121094,89111600
893,2019-07-23,50.2741584777832,52.209999084472656,52.227500915527344,51.8224983215332,52.1150016784668,73420800
894,2019-07-24,50.23323440551758,52.16749954223633,52.287498474121094,51.79249954223633,51.91749954223633,59966400
895,2019-07-25,49.83602523803711,51.755001068115234,52.310001373291016,51.682498931884766,52.22249984741211,55638400
896,2019-07-26,50.00934982299805,51.935001373291016,52.432498931884766,51.78499984741211,51.869998931884766,70475600
897,2019-07-29,50.47637176513672,52.41999816894531,52.65999984741211,52.11000061035156,52.1150016784668,86693600
898,2019-07-30,50.25971603393555,52.19499969482422,52.540000915527344,51.82749938964844,52.189998626708984,135742800
899,2019-07-31,51.28522491455078,53.2599983215332,55.342498779296875,52.82500076293945,54.10499954223633,277125600
900,2019-08-01,50.175453186035156,52.10749816894531,54.50749969482422,51.685001373291016,53.474998474121094,216071600
901,2019-08-02,49.11383819580078,51.005001068115234,51.60749816894531,50.407501220703125,51.38249969482422,163448400
902,2019-08-05,46.54283905029297,48.334999084472656,49.662498474121094,48.14500045776367,49.497501373291016,209572000
903,2019-08-06,47.42391586303711,49.25,49.51750183105469,48.5099983215332,49.07749938964844,143299200
904,2019-08-07,47.91498947143555,49.7599983215332,49.88999938964844,48.45500183105469,48.852500915527344,133457600
905,2019-08-08,48.9718132019043,50.85749816894531,50.88249969482422,49.84749984741211,50.04999923706055,108038000
906,2019-08-09,48.56825637817383,50.247501373291016,50.689998626708984,49.8224983215332,50.32500076293945,98478800
907,2019-08-12,48.44501495361328,50.119998931884766,50.51250076293945,49.787498474121094,49.904998779296875,89927600
908,2019-08-13,50.496585845947266,52.24250030517578,53.03499984741211,50.119998931884766,50.255001068115234,188874000
909,2019-08-14,48.9935417175293,50.6875,51.61000061035156,50.647499084472656,50.790000915527344,146189600
910,2019-08-15,48.7495002746582,50.435001373291016,51.28499984741211,49.91749954223633,50.8650016784668,108909600
911,2019-08-16,49.89973068237305,51.625,51.790000915527344,50.959999084472656,51.06999969482422,110481600
912,2019-08-19,50.830055236816406,52.587501525878906,53.182498931884766,52.50749969482422,52.654998779296875,97654400
913,2019-08-20,50.83246994018555,52.59000015258789,53.337501525878906,52.58000183105469,52.720001220703125,107537200
914,2019-08-21,51.38341522216797,53.15999984741211,53.412498474121094,52.900001525878906,53.247501373291016,86141600
915,2019-08-22,51.339927673339844,53.1150016784668,53.61000061035156,52.6875,53.29750061035156,89014800
916,2019-08-23,48.966976165771484,50.65999984741211,53.01250076293945,50.25,52.35749816894531,187272000
917,2019-08-26,49.89731216430664,51.622501373291016,51.79750061035156,51.26499938964844,51.46500015258789,104174400
918,2019-08-27,49.33427810668945,51.040000915527344,52.13750076293945,50.88249969482422,51.96500015258789,103493200
919,2019-08-28,49.66532516479492,51.38249969482422,51.43000030517578,50.83000183105469,51.025001525878906,63755200
920,2019-08-29,50.506248474121094,52.252498626708984,52.33000183105469,51.665000915527344,52.125,83962000
921,2019-08-30,50.44100570678711,52.185001373291016,52.61249923706055,51.79999923706055,52.540000915527344,84573600
922,2019-09-03,49.7064094543457,51.42499923706055,51.744998931884766,51.05500030517578,51.60749816894531,80092000
923,2019-09-04,50.54975128173828,52.29750061035156,52.369998931884766,51.83000183105469,52.09749984741211,76752400
924,2019-09-05,51.538082122802734,53.31999969482422,53.49250030517578,52.877498626708984,53.0,95654800
925,2019-09-06,51.53325271606445,53.314998626708984,53.60499954223633,53.127498626708984,53.51250076293945,77449200
926,2019-09-09,51.753143310546875,53.54249954223633,54.11000061035156,52.76750183105469,53.709999084472656,109237600
927,2019-09-10,52.36449432373047,54.17499923706055,54.19499969482422,52.9275016784668,53.46500015258789,127111600
928,2019-09-11,54.029441833496094,55.897499084472656,55.9275016784668,54.432498931884766,54.51750183105469,177158400
929,2019-09-12,53.90861129760742,55.772499084472656,56.60499954223633,55.71500015258789,56.20000076293945,128906800
930,2019-09-13,52.85988235473633,54.6875,55.1974983215332,54.255001068115234,55.0,159053200
931,2019-09-16,53.13776779174805,54.974998474121094,55.032501220703125,54.38999938964844,54.432498931884766,84632400
932,2019-09-17,53.33107376098633,55.17499923706055,55.20500183105469,54.779998779296875,54.9900016784668,73274800
933,2019-09-18,53.83129119873047,55.692501068115234,55.712501525878906,54.86000061035156,55.26499938964844,101360000
934,2019-09-19,53.39391326904297,55.2400016784668,55.939998626708984,55.092498779296875,55.502498626708984,88242400
935,2019-09-20,52.61339569091797,54.432498931884766,55.63999938964844,54.36750030517578,55.345001220703125,221652400
936,2019-09-23,52.85262680053711,54.68000030517578,54.959999084472656,54.412498474121094,54.73749923706055,76662000
937,2019-09-24,52.601314544677734,54.41999816894531,55.622501373291016,54.29750061035156,55.25749969482422,124763200
938,2019-09-25,53.410823822021484,55.25749969482422,55.375,54.28499984741211,54.63750076293945,87613600
939,2019-09-26,53.13534927368164,54.97249984741211,55.23500061035156,54.70750045776367,55.0,75334000
940,2019-09-27,52.876792907714844,54.70500183105469,55.2400016784668,54.31999969482422,55.1349983215332,101408000
941,2019-09-30,54.121253967285156,55.99250030517578,56.14500045776367,55.1974983215332,55.224998474121094,103909600
942,2019-10-01,54.271080017089844,56.147499084472656,57.05500030517578,56.04999923706055,56.26750183105469,139223200
943,2019-10-02,52.91062545776367,54.7400016784668,55.89500045776367,54.48249816894531,55.76499938964844,138449200
944,2019-10-03,53.360084533691406,55.20500183105469,55.2400016784668,53.782501220703125,54.60749816894531,114426000
945,2019-10-04,54.855865478515625,56.752498626708984,56.872501373291016,55.97249984741211,56.40999984741211,138478800
946,2019-10-07,54.867950439453125,56.76499938964844,57.48249816894531,56.459999084472656,56.567501068115234,122306000
947,2019-10-08,54.22516632080078,56.099998474121094,57.01499938964844,56.08250045776367,56.45500183105469,111820000
948,2019-10-09,54.86070251464844,56.75749969482422,56.9474983215332,56.40999984741211,56.75749969482422,74770400
949,2019-10-10,55.60012435913086,57.522499084472656,57.61000061035156,56.82500076293945,56.98249816894531,113013600
950,2019-10-11,57.07900619506836,59.0525016784668,59.40999984741211,58.07749938964844,58.23749923706055,166795600
951,2019-10-14,56.99684143066406,58.967498779296875,59.532501220703125,58.66749954223633,58.724998474121094,96427600
952,2019-10-15,56.86394119262695,58.83000183105469,59.412498474121094,58.720001220703125,59.09749984741211,87360000
953,2019-10-16,56.634376525878906,58.592498779296875,58.810001373291016,58.29999923706055,58.342498779296875,73903200
954,2019-10-17,56.85426330566406,58.81999969482422,59.037498474121094,58.380001068115234,58.772499084472656,67585200
955,2019-10-18,57.1273307800293,59.102500915527344,59.39500045776367,58.5724983215332,58.647499084472656,97433600
956,2019-10-21,58.11807632446289,60.127498626708984,60.247501373291016,59.33000183105469,59.380001068115234,87247200
957,2019-10-22,57.985164642333984,59.9900016784668,60.54999923706055,59.904998779296875,60.290000915527344,82293600
958,2019-10-23,58.763267517089844,60.79499816894531,60.810001373291016,60.30500030517578,60.525001525878906,75828800
959,2019-10-24,58.859920501708984,60.89500045776367,61.20000076293945,60.45249938964844,61.127498626708984,69275200
960,2019-10-25,59.58486557006836,61.64500045776367,61.682498931884766,60.720001220703125,60.790000915527344,73477200
961,2019-10-28,60.18172073364258,62.26250076293945,62.3125,61.68000030517578,61.85499954223633,96572800
962,2019-10-29,58.789852142333984,60.8224983215332,62.4375,60.64250183105469,62.24250030517578,142839600
963,2019-10-30,58.7825927734375,60.814998626708984,61.32500076293945,60.3025016784668,61.189998626708984,124522000
964,2019-10-31,60.11164855957031,62.189998626708984,62.29249954223633,59.314998626708984,61.810001373291016,139162000
965,2019-11-01,61.81766128540039,63.95500183105469,63.98249816894531,62.290000915527344,62.3849983215332,151125200
966,2019-11-04,62.223628997802734,64.375,64.4625015258789,63.845001220703125,64.3324966430664,103272000
967,2019-11-05,62.134220123291016,64.28250122070312,64.54750061035156,64.08000183105469,64.26249694824219,79897600
968,2019-11-06,62.160797119140625,64.30999755859375,64.37249755859375,63.842498779296875,64.19249725341797,75864400
969,2019-11-07,62.87820816040039,64.85749816894531,65.0875015258789,64.52749633789062,64.68499755859375,94940400
970,2019-11-08,63.05030059814453,65.03500366210938,65.11000061035156,64.2125015258789,64.67250061035156,69986400
971,2019-11-11,63.54959487915039,65.55000305175781,65.61750030517578,64.56999969482422,64.57499694824219,81821200
972,2019-11-12,63.49141311645508,65.48999786376953,65.69750213623047,65.2300033569336,65.38749694824219,87388800
973,2019-11-13,64.0997543334961,66.11750030517578,66.19499969482422,65.26750183105469,65.28250122070312,102734400
974,2019-11-14,63.65622329711914,65.66000366210938,66.22000122070312,65.5250015258789,65.9375,89182800
975,2019-11-15,64.41242218017578,66.44000244140625,66.44499969482422,65.75250244140625,65.91999816894531,100206400
976,2019-11-18,64.73719024658203,66.7750015258789,66.85749816894531,66.05750274658203,66.44999694824219,86703200
977,2019-11-19,64.54087829589844,66.57250213623047,67.0,66.34750366210938,66.9749984741211,76167200
978,2019-11-20,63.78951644897461,65.79750061035156,66.5199966430664,65.0999984741211,66.38500213623047,106234400
979,2019-11-21,63.503536224365234,65.50250244140625,66.00250244140625,65.29499816894531,65.92250061035156,121395200
980,2019-11-22,63.44778823852539,65.44499969482422,65.79499816894531,65.20999908447266,65.64749908447266,65325200
981,2019-11-25,64.56026458740234,66.59249877929688,66.61000061035156,65.62999725341797,65.67749786376953,84020400
982,2019-11-26,64.05615234375,66.07250213623047,66.79000091552734,65.625,66.73500061035156,105207600
983,2019-11-27,64.91654205322266,66.95999908447266,66.99500274658203,66.32749938964844,66.3949966430664,65235600
984,2019-11-29,64.7735595703125,66.8125,67.0,66.4749984741211,66.6500015258789,46617600
985,2019-12-02,64.02462768554688,66.04000091552734,67.0625,65.86250305175781,66.81749725341797,94487200
986,2019-12-03,62.883060455322266,64.86250305175781,64.88249969482422,64.07250213623047,64.57749938964844,114430400
987,2019-12-04,63.43806838989258,65.43499755859375,65.82749938964844,65.16999816894531,65.26750183105469,67181600
988,2019-12-05,64.36876678466797,66.3949966430664,66.47250366210938,65.68250274658203,65.94750213623047,74424400
989,2019-12-06,65.6121597290039,67.67749786376953,67.75,66.82499694824219,66.87000274658203,106075600
990,2019-12-09,64.69356536865234,66.7300033569336,67.69999694824219,66.22750091552734,67.5,128042400
991,2019-12-10,65.0716781616211,67.12000274658203,67.51750183105469,66.46499633789062,67.1500015258789,90420400
992,2019-12-11,65.6266860961914,67.69249725341797,67.7750015258789,67.125,67.20249938964844,78756800
993,2019-12-12,65.7939224243164,67.86499786376953,68.13999938964844,66.83000183105469,66.94499969482422,137310400
994,2019-12-13,66.68827056884766,68.7874984741211,68.82499694824219,67.73249816894531,67.86499786376953,133587600
995,2019-12-16,67.82984924316406,69.96499633789062,70.19750213623047,69.24500274658203,69.25,128186000
996,2019-12-17,67.96314239501953,70.10250091552734,70.44249725341797,69.69999694824219,69.89250183105469,114158400
997,2019-12-18,67.80075073242188,69.93499755859375,70.4749984741211,69.77999877929688,69.94999694824219,116028400
998,2019-12-19,67.86861419677734,70.00499725341797,70.29499816894531,69.73750305175781,69.875,98369200
999,2019-12-20,67.7280502319336,69.86000061035156,70.6624984741211,69.63999938964844,70.55750274658203,275978000
1000,2019-12-23,68.83325958251953,71.0,71.0625,70.09249877929688,70.13249969482422,98572000
1001,2019-12-24,68.89868927001953,71.06749725341797,71.22250366210938,70.7300033569336,71.17250061035156,48478800
1002,2019-12-26,70.26566314697266,72.47750091552734,72.49500274658203,71.17500305175781,71.20500183105469,93121200
1003,2019-12-27,70.23900604248047,72.44999694824219,73.49250030517578,72.02999877929688,72.77999877929688,146266000
1004,2019-12-30,70.65587615966797,72.87999725341797,73.17250061035156,71.30500030517578,72.36499786376953,144114400
1005,2019-12-31,71.17214965820312,73.4124984741211,73.41999816894531,72.37999725341797,72.48249816894531,100805600
1006,2020-01-02,72.7960205078125,75.0875015258789,75.1500015258789,73.79750061035156,74.05999755859375,135480400
1007,2020-01-03,72.08828735351562,74.35749816894531,75.1449966430664,74.125,74.2874984741211,146322800
1008,2020-01-06,72.6626968383789,74.94999694824219,74.98999786376953,73.1875,73.44750213623047,118387200
1009,2020-01-07,72.32096099853516,74.59750366210938,75.2249984741211,74.37000274658203,74.95999908447266,108872000
1010,2020-01-08,73.48435974121094,75.79750061035156,76.11000061035156,74.29000091552734,74.29000091552734,132079200
1011,2020-01-09,75.04521179199219,77.40750122070312,77.60749816894531,76.55000305175781,76.80999755859375,170108400
1012,2020-01-10,75.21488189697266,77.5824966430664,78.1675033569336,77.0625,77.6500015258789,140644800
1013,2020-01-13,76.82179260253906,79.23999786376953,79.26750183105469,77.7874984741211,77.91000366210938,121532000
1014,2020-01-14,75.78445434570312,78.16999816894531,79.39250183105469,78.0425033569336,79.17500305175781,161954400
1015,2020-01-15,75.45966339111328,77.83499908447266,78.875,77.38749694824219,77.9625015258789,121923600
1016,2020-01-16,76.40491485595703,78.80999755859375,78.92500305175781,78.02249908447266,78.39749908447266,108829200
1017,2020-01-17,77.25078582763672,79.68250274658203,79.68499755859375,78.75,79.06749725341797,137816400
1018,2020-01-21,76.7272720336914,79.14250183105469,79.75499725341797,79.0,79.29750061035156,110843200
1019,2020-01-22,77.00115966796875,79.42500305175781,79.99749755859375,79.32749938964844,79.6449966430664,101832400
1020,2020-01-23,77.37198638916016,79.80750274658203,79.88999938964844,78.9124984741211,79.4800033569336,104472000
1021,2020-01-24,77.14898681640625,79.57749938964844,80.8324966430664,79.37999725341797,80.0625,146537600
1022,2020-01-27,74.88040924072266,77.23750305175781,77.94249725341797,76.22000122070312,77.51499938964844,161940000
1023,2020-01-28,76.99872589111328,79.42250061035156,79.5999984741211,78.04750061035156,78.1500015258789,162234000
1024,2020-01-29,78.61050415039062,81.08499908447266,81.9625015258789,80.34500122070312,81.11250305175781,216229200
1025,2020-01-30,78.49658203125,80.96749877929688,81.02249908447266,79.6875,80.13500213623047,126743200
1026,2020-01-31,75.01615142822266,77.37750244140625,80.66999816894531,77.07250213623047,80.23249816894531,199588400
1027,2020-02-03,74.81010437011719,77.16500091552734,78.37249755859375,75.55500030517578,76.07499694824219,173788400
1028,2020-02-04,77.27986145019531,79.7125015258789,79.91000366210938,78.40750122070312,78.82749938964844,136616400
1029,2020-02-05,77.91004943847656,80.36250305175781,81.19000244140625,79.73750305175781,80.87999725341797,118826800
1030,2020-02-06,78.82135009765625,81.30249786376953,81.30500030517578,80.06500244140625,80.64250183105469,105425600
1031,2020-02-07,77.74996185302734,80.00749969482422,80.8499984741211,79.5,80.59249877929688,117684000
1032,2020-02-10,78.11920928955078,80.38749694824219,80.38749694824219,78.4625015258789,78.54499816894531,109348800
1033,2020-02-11,77.64791870117188,79.90249633789062,80.9749984741211,79.67749786376953,80.9000015258789,94323200
1034,2020-02-12,79.49188232421875,81.80000305175781,81.80500030517578,80.36750030517578,80.36750030517578,113730400
1035,2020-02-13,78.92583465576172,81.21749877929688,81.55500030517578,80.8375015258789,81.04750061035156,94747600
1036,2020-02-14,78.94525909423828,81.23750305175781,81.49500274658203,80.7125015258789,81.18499755859375,80113600
1037,2020-02-18,77.49971771240234,79.75,79.9375,78.65249633789062,78.83999633789062,152531200
1038,2020-02-19,78.62214660644531,80.90499877929688,81.14250183105469,80.0,80.0,93984000
1039,2020-02-20,77.8155517578125,80.07499694824219,81.1624984741211,79.55249786376953,80.65750122070312,100566000
1040,2020-02-21,76.05418395996094,78.26249694824219,80.11250305175781,77.625,79.65499877929688,129554000
1041,2020-02-24,72.44159698486328,74.54499816894531,76.04499816894531,72.30750274658203,74.31500244140625,222195200
1042,2020-02-25,69.98784637451172,72.0199966430664,75.63249969482422,71.53250122070312,75.23750305175781,230673600
1043,2020-02-26,71.09811401367188,73.1624984741211,74.47000122070312,71.625,71.63249969482422,198054800
1044,2020-02-27,66.45055389404297,68.37999725341797,71.5,68.23999786376953,70.2750015258789,320605600
1045,2020-02-28,66.41168212890625,68.33999633789062,69.60250091552734,64.09249877929688,64.31500244140625,426510000
1046,2020-03-02,72.59465026855469,74.70249938964844,75.36000061035156,69.43000030517578,70.56999969482422,341397200
1047,2020-03-03,70.28910064697266,72.33000183105469,76.0,71.44999694824219,75.9175033569336,319475600
1048,2020-03-04,73.54943084716797,75.68499755859375,75.8499984741211,73.28250122070312,74.11000061035156,219178400
1049,2020-03-05,71.16368103027344,73.2300033569336,74.88749694824219,72.85250091552734,73.87999725341797,187572800
1050,2020-03-06,70.21863555908203,72.25749969482422,72.70500183105469,70.30750274658203,70.5,226176800
1051,2020-03-09,64.66490936279297,66.5425033569336,69.52249908447266,65.75,65.9375,286744800
1052,2020-03-10,69.3221664428711,71.33499908447266,71.61000061035156,67.34249877929688,69.28500366210938,285290000
1053,2020-03-11,66.91455078125,68.85749816894531,70.30500030517578,67.96499633789062,69.34750366210938,255598800
1054,2020-03-12,60.30644607543945,62.057498931884766,67.5,62.0,63.98500061035156,418474000
1055,2020-03-13,67.53164672851562,69.49250030517578,69.9800033569336,63.23749923706055,66.22250366210938,370732000
1056,2020-03-16,58.84391403198242,60.5525016784668,64.7699966430664,60.0,60.48749923706055,322423600
1057,2020-03-17,61.4312858581543,63.21500015258789,64.40249633789062,59.599998474121094,61.877498626708984,324056000
1058,2020-03-18,59.927452087402344,61.66749954223633,62.5,59.279998779296875,59.942501068115234,300233600
1059,2020-03-19,59.46828842163086,61.19499969482422,63.209999084472656,60.65250015258789,61.84749984741211,271857200
1060,2020-03-20,55.69289779663086,57.310001373291016,62.95750045776367,57.0,61.79499816894531,401693200
1061,2020-03-23,54.50975036621094,56.092498779296875,57.125,53.15250015258789,57.02000045776367,336752800
1062,2020-03-24,59.97847366333008,61.720001220703125,61.92250061035156,58.57500076293945,59.09000015258789,287531200
1063,2020-03-25,59.64806365966797,61.380001068115234,64.5625,61.07500076293945,62.6875,303602000
1064,2020-03-26,62.78691482543945,64.61000061035156,64.66999816894531,61.59000015258789,61.630001068115234,252087200
1065,2020-03-27,60.187400817871094,61.935001373291016,63.967498779296875,61.76250076293945,63.1875,204216800
1066,2020-03-30,61.905033111572266,63.70249938964844,63.880001068115234,62.349998474121094,62.685001373291016,167976400
1067,2020-03-31,61.7786979675293,63.5724983215332,65.62249755859375,63.0,63.900001525878906,197002000
1068,2020-04-01,58.52808380126953,60.227500915527344,62.18000030517578,59.782501220703125,61.625,176218400
1069,2020-04-02,59.50472640991211,61.23249816894531,61.287498474121094,59.224998474121094,60.084999084472656,165934000
1070,2020-04-03,58.649559020996094,60.352500915527344,61.42499923706055,59.74250030517578,60.70000076293945,129880000
1071,2020-04-06,63.765995025634766,65.61750030517578,65.77749633789062,62.345001220703125,62.724998474121094,201820400
1072,2020-04-07,63.02743911743164,64.85749816894531,67.92500305175781,64.75,67.69999694824219,202887200
1073,2020-04-08,64.64059448242188,66.51750183105469,66.84249877929688,65.30750274658203,65.68499755859375,168895200
1074,2020-04-09,65.10704803466797,66.99749755859375,67.51750183105469,66.17500305175781,67.17500305175781,161834800
1075,2020-04-13,66.38495635986328,68.3125,68.42500305175781,66.4574966430664,67.07749938964844,131022800
1076,2020-04-14,69.73761749267578,71.76249694824219,72.0625,69.51249694824219,70.0,194994800
1077,2020-04-15,69.10108947753906,71.10749816894531,71.5824966430664,70.15750122070312,70.5999984741211,131154400
1078,2020-04-16,69.65013885498047,71.67250061035156,72.05000305175781,70.5875015258789,71.84500122070312,157125200
1079,2020-04-17,68.70508575439453,70.69999694824219,71.73750305175781,69.21499633789062,71.17250061035156,215250000
1080,2020-04-20,67.27899932861328,69.23249816894531,70.41999816894531,69.2125015258789,69.48750305175781,130015200
1081,2020-04-21,65.19937896728516,67.09249877929688,69.3125,66.35749816894531,69.06999969482422,180991600
1082,2020-04-22,67.07733917236328,69.0250015258789,69.4749984741211,68.05000305175781,68.40249633789062,116862400
1083,2020-04-23,66.81739044189453,68.75749969482422,70.4375,68.71749877929688,68.96749877929688,124814400
1084,2020-04-24,68.74640655517578,70.74250030517578,70.75250244140625,69.25,69.30000305175781,126161200
1085,2020-04-27,68.79496002197266,70.7925033569336,71.13500213623047,69.98750305175781,70.44999694824219,117087600
1086,2020-04-28,67.67986297607422,69.6449966430664,71.4574966430664,69.55000305175781,71.2699966430664,112004800
1087,2020-04-29,69.9028091430664,71.93250274658203,72.4175033569336,70.97250366210938,71.18250274658203,137280800
1088,2020-04-30,71.37747955322266,73.44999694824219,73.63249969482422,72.0875015258789,72.48999786376953,183064000
1089,2020-05-01,70.22834777832031,72.26750183105469,74.75,71.4625015258789,71.5625,240616800
1090,2020-05-04,71.22200775146484,73.29000091552734,73.42250061035156,71.58000183105469,72.2925033569336,133568000
1091,2020-05-05,72.29096221923828,74.38999938964844,75.25,73.61499786376953,73.76499938964844,147751200
1092,2020-05-06,73.03680419921875,75.15750122070312,75.80999755859375,74.71749877929688,75.11499786376953,142333600
1093,2020-05-07,73.7923812866211,75.93499755859375,76.2925033569336,75.49250030517578,75.80500030517578,115215200
1094,2020-05-08,75.54875946044922,77.53250122070312,77.5875015258789,76.07250213623047,76.41000366210938,133838400
1095,2020-05-11,76.7375259399414,78.75250244140625,79.26249694824219,76.80999755859375,77.0250015258789,145946400
1096,2020-05-12,75.86056518554688,77.85250091552734,79.92250061035156,77.72750091552734,79.4574966430664,162301200
1097,2020-05-13,74.94463348388672,76.9124984741211,78.98750305175781,75.80249786376953,78.0374984741211,200622400
1098,2020-05-14,75.40503692626953,77.38500213623047,77.44750213623047,75.38249969482422,76.12750244140625,158929200
1099,2020-05-15,74.95922088623047,76.92749786376953,76.9749984741211,75.05249786376953,75.0875015258789,166348400
1100,2020-05-18,76.72533416748047,78.73999786376953,79.125,77.58000183105469,78.2925033569336,135178400
1101,2020-05-19,76.2820053100586,78.28500366210938,79.62999725341797,78.25250244140625,78.75749969482422,101729600
1102,2020-05-20,77.76554870605469,79.80750274658203,79.87999725341797,79.12999725341797,79.16999816894531,111504800
1103,2020-05-21,77.18576049804688,79.2125015258789,80.22250366210938,78.96749877929688,79.66500091552734,102688800
1104,2020-05-22,77.68272399902344,79.72250366210938,79.80750274658203,78.8375015258789,78.94249725341797,81803200
1105,2020-05-26,77.15654754638672,79.18250274658203,81.05999755859375,79.125,80.875,125522000
1106,2020-05-27,77.49271392822266,79.52749633789062,79.67749786376953,78.27249908447266,79.03500366210938,112945200
1107,2020-05-28,77.52682495117188,79.5625,80.86000061035156,78.90750122070312,79.19249725341797,133560800
1108,2020-05-29,77.4512939453125,79.48500061035156,80.2874984741211,79.11750030517578,79.8125,153532400
1109,2020-06-01,78.40377807617188,80.4625015258789,80.5875015258789,79.30249786376953,79.4375,80791200
1110,2020-06-02,78.76675415039062,80.83499908447266,80.86000061035156,79.73249816894531,80.1875,87642800
1111,2020-06-03,79.20036315917969,81.27999877929688,81.55000305175781,80.57499694824219,81.16500091552734,104491200
1112,2020-06-04,78.5182876586914,80.58000183105469,81.40499877929688,80.19499969482422,81.09750366210938,87560400
1113,2020-06-05,80.75455474853516,82.875,82.9375,80.80750274658203,80.8375015258789,137250400
1114,2020-06-08,81.23202514648438,83.36499786376953,83.4000015258789,81.83000183105469,82.5625,95654400
1115,2020-06-09,83.79716491699219,85.99749755859375,86.40249633789062,83.00250244140625,83.03500366210938,147712400
1116,2020-06-10,85.95304870605469,88.20999908447266,88.69249725341797,86.52249908447266,86.9749984741211,166651600
1117,2020-06-11,81.82640838623047,83.9749984741211,87.76499938964844,83.87000274658203,87.32749938964844,201662400
1118,2020-06-12,82.53287506103516,84.69999694824219,86.94999694824219,83.55500030517578,86.18000030517578,200146000
1119,2020-06-15,83.55355834960938,85.74749755859375,86.41999816894531,83.1449966430664,83.3125,138808800
1120,2020-06-16,85.7679214477539,88.0199966430664,88.30000305175781,86.18000030517578,87.86499786376953,165428800
1121,2020-06-17,85.64856719970703,87.89749908447266,88.8499984741211,87.77249908447266,88.7874984741211,114406400
1122,2020-06-18,85.68266296386719,87.93250274658203,88.36250305175781,87.30500030517578,87.85250091552734,96820400
1123,2020-06-19,85.19302368164062,87.43000030517578,89.13999938964844,86.2874984741211,88.66000366210938,264476000
1124,2020-06-22,87.42198181152344,89.71749877929688,89.86499786376953,87.7874984741211,87.83499908447266,135445200
1125,2020-06-23,89.28799438476562,91.63249969482422,93.09500122070312,90.56749725341797,91.0,212155600
1126,2020-06-24,87.71188354492188,90.01499938964844,92.19750213623047,89.62999725341797,91.25,192623200
1127,2020-06-25,88.87629699707031,91.20999908447266,91.25,89.39250183105469,90.17500305175781,137522400
1128,2020-06-26,86.1455078125,88.40750122070312,91.33000183105469,88.25499725341797,91.10250091552734,205256800
1129,2020-06-29,88.13087463378906,90.44499969482422,90.5425033569336,87.81999969482422,88.3125,130646000
1130,2020-06-30,88.86656951904297,91.19999694824219,91.49500274658203,90.0,90.0199966430664,140223200
1131,2020-07-01,88.6984634399414,91.02749633789062,91.83999633789062,90.97750091552734,91.27999877929688,110737200
1132,2020-07-02,88.6984634399414,91.02749633789062,92.61750030517578,90.91000366210938,91.9625015258789,114041600
1133,2020-07-06,91.0711669921875,93.4625015258789,93.94499969482422,92.46749877929688,92.5,118655600
1134,2020-07-07,90.78858184814453,93.17250061035156,94.65499877929688,93.05750274658203,93.85250091552734,112424400
1135,2020-07-08,92.9030532836914,95.34249877929688,95.375,94.08999633789062,94.18000030517578,117092000
1136,2020-07-09,93.30258178710938,95.75250244140625,96.31749725341797,94.67250061035156,96.26249694824219,125642800
1137,2020-07-10,93.46578979492188,95.91999816894531,95.9800033569336,94.70500183105469,95.33499908447266,90257200
1138,2020-07-13,93.03459930419922,95.47750091552734,99.95500183105469,95.25749969482422,97.26499938964844,191649200
1139,2020-07-14,94.5741958618164,97.05750274658203,97.25499725341797,93.87750244140625,94.83999633789062,170989200
1140,2020-07-15,95.22460174560547,97.7249984741211,99.24749755859375,96.48999786376953,98.98999786376953,153198000
1141,2020-07-16,94.05286407470703,96.52249908447266,97.40499877929688,95.90499877929688,96.5625,110577600
1142,2020-07-17,93.86286163330078,96.32749938964844,97.14749908447266,95.83999633789062,96.98750305175781,92186800
1143,2020-07-20,95.8409194946289,98.35749816894531,98.5,96.0625,96.4175033569336,90318000
1144,2020-07-21,94.51815795898438,97.0,99.25,96.74250030517578,99.17250061035156,103433200
1145,2020-07-22,94.78367614746094,97.27249908447266,97.9749984741211,96.60250091552734,96.69249725341797,89001600
1146,2020-07-23,90.46947479248047,92.84500122070312,97.07749938964844,92.01000213623047,96.99749755859375,197004400
1147,2020-07-24,90.24535369873047,92.61499786376953,92.97000122070312,89.1449966430664,90.98750305175781,185438800
1148,2020-07-27,92.38420104980469,94.80999755859375,94.90499877929688,93.4800033569336,93.70999908447266,121214000
1149,2020-07-28,90.8665542602539,93.25250244140625,94.55000305175781,93.24749755859375,94.36750030517578,103625600
1150,2020-07-29,92.60830688476562,95.04000091552734,95.2300033569336,93.7125015258789,93.75,90329200
1151,2020-07-30,93.72888946533203,96.19000244140625,96.29750061035156,93.76750183105469,94.1875,158130000
1152,2020-07-31,103.54122924804688,106.26000213623047,106.41500091552734,100.82499694824219,102.88500213623047,374336800
1153,2020-08-03,106.15022277832031,108.9375,111.63749694824219,107.89250183105469,108.19999694824219,308151200
1154,2020-08-04,106.85913848876953,109.66500091552734,110.79000091552734,108.38749694824219,109.13249969482422,173071600
1155,2020-08-05,107.2464370727539,110.0625,110.39250183105469,108.89749908447266,109.37750244140625,121776800
1156,2020-08-06,110.98819732666016,113.90249633789062,114.4124984741211,109.79750061035156,110.40499877929688,202428800
1157,2020-08-07,108.46479034423828,111.11250305175781,113.67500305175781,110.2925033569336,113.20500183105469,198045600
1158,2020-08-10,110.04131317138672,112.72750091552734,113.7750015258789,110.0,112.5999984741211,212403600
1159,2020-08-11,106.7686767578125,109.375,112.48249816894531,109.10749816894531,111.97000122070312,187902400
1160,2020-08-12,110.31707000732422,113.01000213623047,113.2750015258789,110.29750061035156,110.49749755859375,165598000
1161,2020-08-13,112.26939392089844,115.01000213623047,116.0425033569336,113.92749786376953,114.43000030517578,210082000
1162,2020-08-14,112.16934967041016,114.90750122070312,115.0,113.04499816894531,114.83000183105469,165565200
1163,2020-08-17,111.87650299072266,114.60749816894531,116.0875015258789,113.9625015258789,116.0625,119561600
1164,2020-08-18,112.80874633789062,115.5625,116.0,114.00749969482422,114.35250091552734,105633600
1165,2020-08-19,112.95027923583984,115.7074966430664,117.1624984741211,115.61000061035156,115.98249816894531,145538000
1166,2020-08-20,115.45660400390625,118.2750015258789,118.39250183105469,115.73249816894531,115.75,126907200
1167,2020-08-21,121.40636444091797,124.37000274658203,124.86750030517578,119.25,119.26249694824219,338054800
1168,2020-08-24,122.85842895507812,125.85749816894531,128.78500366210938,123.9375,128.69749450683594,345937600
1169,2020-08-25,121.85053253173828,124.82499694824219,125.18000030517578,123.05249786376953,124.69750213623047,211495600
1170,2020-08-26,123.50757598876953,126.52249908447266,126.99250030517578,125.0824966430664,126.18000030517578,163022400
1171,2020-08-27,122.03112030029297,125.01000213623047,127.48500061035156,123.8324966430664,127.14250183105469,155552400
1172,2020-08-28,121.83343505859375,124.80750274658203,126.44249725341797,124.57749938964844,126.01249694824219,187630000
1173,2020-08-31,125.96509552001953,129.0399932861328,131.0,126.0,127.58000183105469,225702700
1174,2020-09-01,130.9825897216797,134.17999267578125,134.8000030517578,130.52999877929688,132.75999450683594,151948100
1175,2020-09-02,128.26885986328125,131.39999389648438,137.97999572753906,127.0,137.58999633789062,200119000
1176,2020-09-03,117.99952697753906,120.87999725341797,128.83999633789062,120.5,126.91000366210938,257599600
1177,2020-09-04,118.07763671875,120.95999908447266,123.69999694824219,110.88999938964844,120.06999969482422,332607200
1178,2020-09-08,110.131591796875,112.81999969482422,118.98999786376953,112.68000030517578,113.94999694824219,231366600
1179,2020-09-09,114.52435302734375,117.31999969482422,119.13999938964844,115.26000213623047,117.26000213623047,176940500
1180,2020-09-10,110.78563690185547,113.48999786376953,120.5,112.5,120.36000061035156,182274400
1181,2020-09-11,109.33111572265625,112.0,115.2300033569336,110.0,114.56999969482422,180860300
1182,2020-09-14,112.6110610961914,115.36000061035156,115.93000030517578,112.80000305175781,114.72000122070312,140150100
1183,2020-09-15,112.78678131103516,115.54000091552734,118.83000183105469,113.61000061035156,118.33000183105469,184642000
1184,2020-09-16,109.45803833007812,112.12999725341797,116.0,112.04000091552734,115.2300033569336,154679000
1185,2020-09-17,107.710693359375,110.33999633789062,112.19999694824219,108.70999908447266,109.72000122070312,178011000
1186,2020-09-18,104.2940902709961,106.83999633789062,110.87999725341797,106.08999633789062,110.4000015258789,287104900
1187,2020-09-21,107.4568862915039,110.08000183105469,110.19000244140625,103.0999984741211,104.54000091552734,195713800
1188,2020-09-22,109.14566040039062,111.80999755859375,112.86000061035156,109.16000366210938,112.68000030517578,183055400
1189,2020-09-23,104.56741333007812,107.12000274658203,112.11000061035156,106.7699966430664,111.62000274658203,150718700
1190,2020-09-24,105.6412124633789,108.22000122070312,110.25,105.0,105.16999816894531,167743300
1191,2020-09-25,109.60446166992188,112.27999877929688,112.44000244140625,107.66999816894531,108.43000030517578,149981400
1192,2020-09-28,112.2206039428711,114.95999908447266,115.31999969482422,112.77999877929688,115.01000213623047,137672400
1193,2020-09-29,111.37132263183594,114.08999633789062,115.30999755859375,113.56999969482422,114.55000305175781,99382200
1194,2020-09-30,113.05034637451172,115.80999755859375,117.26000213623047,113.62000274658203,113.79000091552734,142675200
1195,2020-10-01,114.0069808959961,116.79000091552734,117.72000122070312,115.83000183105469,117.63999938964844,116120400
1196,2020-10-02,110.32682800292969,113.0199966430664,115.37000274658203,112.22000122070312,112.88999938964844,144712000
1197,2020-10-05,113.72390747070312,116.5,116.6500015258789,113.55000305175781,113.91000366210938,106243800
1198,2020-10-06,110.4635009765625,113.16000366210938,116.12000274658203,112.25,115.69999694824219,161498200
1199,2020-10-07,112.3377456665039,115.08000183105469,115.55000305175781,114.12999725341797,114.62000274658203,96849000
1200,2020-10-08,112.2303695678711,114.97000122070312,116.4000015258789,114.58999633789062,116.25,83477200
1201,2020-10-09,114.18270111083984,116.97000122070312,117.0,114.91999816894531,115.27999877929688,100506900
1202,2020-10-12,121.43565368652344,124.4000015258789,125.18000030517578,119.27999877929688,120.05999755859375,240226800
1203,2020-10-13,118.21427154541016,121.0999984741211,125.38999938964844,119.6500015258789,125.2699966430664,262330500
1204,2020-10-14,118.3021469116211,121.19000244140625,123.02999877929688,119.62000274658203,121.0,150712000
1205,2020-10-15,117.83358764648438,120.70999908447266,121.19999694824219,118.1500015258789,118.72000122070312,112559200
1206,2020-10-16,116.1838607788086,119.0199966430664,121.55000305175781,118.80999755859375,121.27999877929688,115393800
1207,2020-10-19,113.21631622314453,115.9800033569336,120.41999816894531,115.66000366210938,119.95999908447266,120639300
1208,2020-10-20,114.70982360839844,117.51000213623047,118.9800033569336,115.62999725341797,116.19999694824219,124423700
1209,2020-10-21,114.08509826660156,116.87000274658203,118.70999908447266,116.44999694824219,116.66999816894531,89946000
1210,2020-10-22,112.99176788330078,115.75,118.04000091552734,114.58999633789062,117.44999694824219,101988000
1211,2020-10-23,112.2987060546875,115.04000091552734,116.55000305175781,114.27999877929688,116.38999938964844,82572600
1212,2020-10-26,112.30846405029297,115.05000305175781,116.55000305175781,112.87999725341797,114.01000213623047,111850700
1213,2020-10-27,113.82150268554688,116.5999984741211,117.27999877929688,114.54000091552734,115.48999786376953,92276800
1214,2020-10-28,108.55020904541016,111.19999694824219,115.43000030517578,111.0999984741211,115.05000305175781,143937800
1215,2020-10-29,112.57201385498047,115.31999969482422,116.93000030517578,112.19999694824219,112.37000274658203,146129200
1216,2020-10-30,106.26594543457031,108.86000061035156,111.98999786376953,107.72000122070312,111.05999755859375,190272600
1217,2020-11-02,106.1781005859375,108.7699966430664,110.68000030517578,107.31999969482422,109.11000061035156,122866900
1218,2020-11-03,107.80831146240234,110.44000244140625,111.48999786376953,108.7300033569336,109.66000366210938,107624400
1219,2020-11-04,112.21084594726562,114.94999694824219,115.58999633789062,112.3499984741211,114.13999938964844,138235500
1220,2020-11-05,116.19361877441406,119.02999877929688,119.62000274658203,116.87000274658203,117.94999694824219,126387100
1221,2020-11-06,116.06159973144531,118.69000244140625,119.19999694824219,116.12999725341797,118.31999969482422,114457900
1222,2020-11-09,113.74407196044922,116.31999969482422,121.98999786376953,116.05000305175781,120.5,154515300
1223,2020-11-10,113.40184783935547,115.97000122070312,117.58999633789062,114.12999725341797,115.55000305175781,138023400
1224,2020-11-11,116.84390258789062,119.48999786376953,119.62999725341797,116.44000244140625,117.19000244140625,112295000
1225,2020-11-12,116.57008361816406,119.20999908447266,120.52999877929688,118.56999969482422,119.62000274658203,103162300
1226,2020-11-13,116.6189956665039,119.26000213623047,119.66999816894531,117.87000274658203,119.44000244140625,81581900
1227,2020-11-16,117.63595581054688,120.30000305175781,120.98999786376953,118.1500015258789,118.91999816894531,91183000
1228,2020-11-17,116.74610137939453,119.38999938964844,120.66999816894531,118.95999908447266,119.55000305175781,74271000
1229,2020-11-18,115.41620635986328,118.02999877929688,119.81999969482422,118.0,118.61000061035156,76322100
1230,2020-11-19,116.0127182006836,118.63999938964844,119.05999755859375,116.80999755859375,117.58999633789062,74113000
1231,2020-11-20,114.74150848388672,117.33999633789062,118.7699966430664,117.29000091552734,118.63999938964844,73604300
1232,2020-11-23,111.32879638671875,113.8499984741211,117.62000274658203,113.75,117.18000030517578,127959300
1233,2020-11-24,112.61956024169922,115.16999816894531,115.8499984741211,112.58999633789062,113.91000366210938,113874200
1234,2020-11-25,113.46050262451172,116.02999877929688,116.75,115.16999816894531,115.55000305175781,76499200
1235,2020-11-27,114.00808715820312,116.58999633789062,117.48999786376953,116.22000122070312,116.56999969482422,46691300
1236,2020-11-30,116.41364288330078,119.05000305175781,120.97000122070312,116.80999755859375,116.97000122070312,169410200
1237,2020-12-01,120.00236511230469,122.72000122070312,123.47000122070312,120.01000213623047,121.01000213623047,127728200
1238,2020-12-02,120.35438537597656,123.08000183105469,123.37000274658203,120.88999938964844,122.0199966430664,89004200
1239,2020-12-03,120.21749877929688,122.94000244140625,123.77999877929688,122.20999908447266,123.5199966430664,78967600
1240,2020-12-04,119.54275512695312,122.25,122.86000061035156,121.5199966430664,122.5999984741211,78260400
1241,2020-12-07,121.00955200195312,123.75,124.56999969482422,122.25,122.30999755859375,86712000
1242,2020-12-08,121.6256103515625,124.37999725341797,124.9800033569336,123.08999633789062,124.37000274658203,82225500
1243,2020-12-09,119.08316802978516,121.77999877929688,125.94999694824219,121.0,124.52999877929688,115089200
1244,2020-12-10,120.51084899902344,123.23999786376953,123.87000274658203,120.1500015258789,120.5,81312200
1245,2020-12-11,119.6992416381836,122.41000366210938,122.76000213623047,120.55000305175781,122.43000030517578,86939800
1246,2020-12-14,119.08316802978516,121.77999877929688,123.3499984741211,121.54000091552734,122.5999984741211,79184500
1247,2020-12-15,125.04808044433594,127.87999725341797,127.9000015258789,124.12999725341797,124.33999633789062,157243700
1248,2020-12-16,124.9796371459961,127.80999755859375,128.3699951171875,126.55999755859375,127.41000366210938,98208600
1249,2020-12-17,125.84992980957031,128.6999969482422,129.5800018310547,128.0399932861328,128.89999389648438,94359800
1250,2020-12-18,123.85511779785156,126.66000366210938,129.10000610351562,126.12000274658203,128.9600067138672,192541500
1251,2020-12-21,125.39035034179688,128.22999572753906,128.30999755859375,123.44999694824219,125.0199966430664,121251600
1252,2020-12-22,128.95953369140625,131.8800048828125,134.41000366210938,129.64999389648438,131.61000061035156,168904800
1253,2020-12-23,128.05990600585938,130.9600067138672,132.42999267578125,130.77999877929688,132.16000366210938,88223700
1254,2020-12-24,129.04754638671875,131.97000122070312,133.4600067138672,131.10000610351562,131.32000732421875,54930100
1255,2020-12-28,133.6630401611328,136.69000244140625,137.33999633789062,133.50999450683594,133.99000549316406,124486200
1256,2020-12-29,131.88331604003906,134.8699951171875,138.7899932861328,134.33999633789062,138.0500030517578,121047300
1257,2020-12-30,130.75877380371094,133.72000122070312,135.99000549316406,133.39999389648438,135.5800018310547,96452100
1258,2020-12-31,129.75160217285156,132.69000244140625,134.74000549316406,131.72000122070312,134.0800018310547,99116600
1259,2021-01-04,126.54421997070312,129.41000366210938,133.61000061035156,126.76000213623047,133.52000427246094,143301900
1260,2021-01-05,128.10879516601562,131.00999450683594,131.74000549316406,128.42999267578125,128.88999938964844,97664900
1261,2021-01-06,123.79644012451172,126.5999984741211,131.0500030517578,126.37999725341797,127.72000122070312,155088000
1262,2021-01-07,128.020751953125,130.9199981689453,131.6300048828125,127.86000061035156,128.36000061035156,109578200
1263,2021-01-08,129.125732421875,132.0500030517578,132.6300048828125,130.22999572753906,132.42999267578125,105158200
1264,2021-01-11,126.12374877929688,128.97999572753906,130.1699981689453,128.5,129.19000244140625,100384500
1265,2021-01-12,125.94773864746094,128.8000030517578,129.69000244140625,126.86000061035156,128.5,91951100
1266,2021-01-13,127.991455078125,130.88999938964844,131.4499969482422,128.49000549316406,128.75999450683594,88636800
1267,2021-01-14,126.05528259277344,128.91000366210938,131.0,128.75999450683594,130.8000030517578,90221800
1268,2021-01-15,124.3244857788086,127.13999938964844,130.22000122070312,127.0,128.77999877929688,111598500
1269,2021-01-19,124.99918365478516,127.83000183105469,128.7100067138672,126.94000244140625,127.77999877929688,90757300
1270,2021-01-20,129.10618591308594,132.02999877929688,132.49000549316406,128.5500030517578,128.66000366210938,104319500
1271,2021-01-21,133.83901977539062,136.8699951171875,139.6699981689453,133.58999633789062,133.8000030517578,120150900
1272,2021-01-22,135.9903106689453,139.07000732421875,139.85000610351562,135.02000427246094,136.27999877929688,114459400
1273,2021-01-25,139.75503540039062,142.9199981689453,145.08999633789062,136.5399932861328,143.07000732421875,157611700
1274,2021-01-26,139.98973083496094,143.16000366210938,144.3000030517578,141.3699951171875,143.60000610351562,98390600
1275,2021-01-27,138.91407775878906,142.05999755859375,144.3000030517578,140.41000366210938,143.42999267578125,140843800
1276,2021-01-28,134.05413818359375,137.08999633789062,141.99000549316406,136.6999969482422,139.52000427246094,142621100
1277,2021-01-29,129.0377655029297,131.9600067138672,136.74000549316406,130.2100067138672,135.8300018310547,177523800
1278,2021-02-01,131.16949462890625,134.13999938964844,135.3800048828125,130.92999267578125,133.75,106239800
1279,2021-02-02,132.00067138671875,134.99000549316406,136.30999755859375,134.61000061035156,135.72999572753906,83305400
1280,2021-02-03,130.97389221191406,133.94000244140625,135.77000427246094,133.61000061035156,135.75999450683594,89880900
1281,2021-02-04,134.34747314453125,137.38999938964844,137.39999389648438,134.58999633789062,136.3000030517578,84183100
1282,2021-02-05,133.93128967285156,136.75999450683594,137.4199981689453,135.86000061035156,137.35000610351562,75693800
1283,2021-02-08,134.0782012939453,136.91000366210938,136.9600067138672,134.9199981689453,136.02999877929688,71297200
1284,2021-02-09,133.19680786132812,136.00999450683594,137.8800048828125,135.85000610351562,136.6199951171875,76774200
1285,2021-02-10,132.58963012695312,135.38999938964844,136.99000549316406,134.39999389648438,136.47999572753906,73046600
1286,2021-02-11,132.3350067138672,135.1300048828125,136.38999938964844,133.77000427246094,135.89999389648438,64280000
1287,2021-02-12,132.570068359375,135.3699951171875,135.52999877929688,133.69000244140625,134.35000610351562,60145100
1288,2021-02-16,130.43511962890625,133.19000244140625,136.00999450683594,132.7899932861328,135.49000549316406,80576300
1289,2021-02-17,128.13372802734375,130.83999633789062,132.22000122070312,129.47000122070312,131.25,97918500
1290,2021-02-18,127.02713012695312,129.7100067138672,130.0,127.41000366210938,129.1999969482422,96856700
1291,2021-02-19,127.18378448486328,129.8699951171875,130.7100067138672,128.8000030517578,130.24000549316406,87668800
1292,2021-02-22,123.39385223388672,126.0,129.72000122070312,125.5999984741211,128.00999450683594,103916400
1293,2021-02-23,123.25672912597656,125.86000061035156,126.70999908447266,118.38999938964844,123.76000213623047,158273000
1294,2021-02-24,122.75728607177734,125.3499984741211,125.55999755859375,122.2300033569336,124.94000244140625,111039900
1295,2021-02-25,118.48748016357422,120.98999786376953,126.45999908447266,120.54000091552734,124.68000030517578,148199500
1296,2021-02-26,118.75188446044922,121.26000213623047,124.8499984741211,121.19999694824219,122.58999633789062,164560400
1297,2021-03-01,125.14682006835938,127.79000091552734,127.93000030517578,122.79000091552734,123.75,116307900
1298,2021-03-02,122.53204345703125,125.12000274658203,128.72000122070312,125.01000213623047,128.41000366210938,102260900
1299,2021-03-03,119.53534698486328,122.05999755859375,125.70999908447266,121.83999633789062,124.80999755859375,112966300
1300,2021-03-04,117.64525604248047,120.12999725341797,123.5999984741211,118.62000274658203,121.75,178155000
1301,2021-03-05,118.9085693359375,121.41999816894531,121.94000244140625,117.56999969482422,120.9800033569336,153766600
1302,2021-03-08,113.9532470703125,116.36000061035156,121.0,116.20999908447266,120.93000030517578,154376600
1303,2021-03-09,118.58539581298828,121.08999633789062,122.05999755859375,118.79000091552734,119.02999877929688,129525800
1304,2021-03-10,117.49838256835938,119.9800033569336,122.16999816894531,119.44999694824219,121.69000244140625,111943300
1305,2021-03-11,119.43740844726562,121.95999908447266,123.20999908447266,121.26000213623047,122.54000091552734,103026500
1306,2021-03-12,118.52664184570312,121.02999877929688,121.16999816894531,119.16000366210938,120.4000015258789,88105100
1307,2021-03-15,121.42539978027344,123.98999786376953,124.0,120.41999816894531,121.41000366210938,92403800
1308,2021-03-16,122.97274780273438,125.56999969482422,127.22000122070312,124.72000122070312,125.69999694824219,115227900
1309,2021-03-17,122.17948913574219,124.76000213623047,125.86000061035156,122.33999633789062,124.05000305175781,111932600
1310,2021-03-18,118.0369873046875,120.52999877929688,123.18000030517578,120.31999969482422,122.87999725341797,121229700
1311,2021-03-19,117.50816345214844,119.98999786376953,121.43000030517578,119.68000030517578,119.9000015258789,185549500
1312,2021-03-22,120.83782958984375,123.38999938964844,123.87000274658203,120.26000213623047,120.33000183105469,111912300
1313,2021-03-23,120.00540924072266,122.54000091552734,124.23999786376953,122.13999938964844,123.33000183105469,95467100
1314,2021-03-24,117.60607147216797,120.08999633789062,122.9000015258789,120.06999969482422,122.81999969482422,88530500
1315,2021-03-25,118.0957260131836,120.58999633789062,121.66000366210938,119.0,119.54000091552734,98844700
1316,2021-03-26,118.70291900634766,121.20999908447266,121.4800033569336,118.91999816894531,120.3499984741211,94071200
1317,2021-03-29,118.87919616699219,121.38999938964844,122.58000183105469,120.7300033569336,121.6500015258789,80819200
1318,2021-03-30,117.42000579833984,119.9000015258789,120.4000015258789,118.86000061035156,120.11000061035156,85671900
1319,2021-03-31,119.62347412109375,122.1500015258789,123.5199966430664,121.1500015258789,121.6500015258789,118323800
1320,2021-04-01,120.45589447021484,123.0,124.18000030517578,122.48999786376953,123.66000366210938,75089100
1321,2021-04-05,123.29590606689453,125.9000015258789,126.16000366210938,123.06999969482422,123.87000274658203,88651200
1322,2021-04-06,123.59949493408203,126.20999908447266,127.12999725341797,125.6500015258789,126.5,80171300
1323,2021-04-07,125.25455474853516,127.9000015258789,127.91999816894531,125.13999938964844,125.83000183105469,83466700
1324,2021-04-08,127.66363525390625,130.36000061035156,130.38999938964844,128.52000427246094,128.9499969482422,88844600
1325,2021-04-09,130.2490692138672,133.0,133.0399932861328,129.47000122070312,129.8000030517578,106686700
1326,2021-04-12,128.52548217773438,131.24000549316406,132.85000610351562,130.6300048828125,132.52000427246094,91420000
1327,2021-04-13,131.64947509765625,134.42999267578125,134.66000366210938,131.92999267578125,132.44000244140625,91266500
1328,2021-04-14,129.29913330078125,132.02999877929688,135.0,131.66000366210938,134.94000244140625,87222800
1329,2021-04-15,131.718017578125,134.5,135.0,133.63999938964844,133.82000732421875,89347100
1330,2021-04-16,131.3850555419922,134.16000366210938,134.6699981689453,133.27999877929688,134.3000030517578,84922400
1331,2021-04-19,132.05101013183594,134.83999633789062,135.47000122070312,133.33999633789062,133.50999450683594,94264200
1332,2021-04-20,130.3567657470703,133.11000061035156,135.52999877929688,131.80999755859375,135.02000427246094,94812300
1333,2021-04-21,130.7386932373047,133.5,133.75,131.3000030517578,132.36000061035156,68847100
1334,2021-04-22,129.21096801757812,131.94000244140625,134.14999389648438,131.41000366210938,133.0399932861328,84566500
1335,2021-04-23,131.5417938232422,134.32000732421875,135.1199951171875,132.16000366210938,132.16000366210938,78657500
1336,2021-04-26,131.93345642089844,134.72000122070312,135.05999755859375,133.55999755859375,134.8300018310547,66905100
1337,2021-04-27,131.61032104492188,134.38999938964844,135.41000366210938,134.11000061035156,135.00999450683594,66015800
1338,2021-04-28,130.81704711914062,133.5800018310547,135.02000427246094,133.0800018310547,134.30999755859375,107760100
1339,2021-04-29,130.71910095214844,133.47999572753906,137.07000732421875,132.4499969482422,136.47000122070312,151101000
1340,2021-04-30,128.74093627929688,131.4600067138672,133.55999755859375,131.07000732421875,131.77999877929688,109839500
1341,2021-05-03,129.798583984375,132.5399932861328,134.07000732421875,131.8300018310547,132.0399932861328,75135100
1342,2021-05-04,125.20555877685547,127.8499984741211,131.49000549316406,126.69999694824219,131.19000244140625,137564700
1343,2021-05-05,125.45040893554688,128.10000610351562,130.4499969482422,127.97000122070312,129.1999969482422,84000900
1344,2021-05-06,127.05648803710938,129.74000549316406,129.75,127.12999725341797,127.88999938964844,78128300
1345,2021-05-07,127.73338317871094,130.2100067138672,131.25999450683594,129.47999572753906,130.85000610351562,78973300
1346,2021-05-10,124.4372787475586,126.8499984741211,129.5399932861328,126.80999755859375,129.41000366210938,88071200
1347,2021-05-11,123.51514434814453,125.91000366210938,126.2699966430664,122.7699966430664,123.5,126142800
1348,2021-05-12,120.43486785888672,122.7699966430664,124.63999938964844,122.25,123.4000015258789,112172300
1349,2021-05-13,122.593017578125,124.97000122070312,126.1500015258789,124.26000213623047,124.58000183105469,105861300
1350,2021-05-14,125.02584838867188,127.44999694824219,127.88999938964844,125.8499984741211,126.25,81918000
1351,2021-05-17,123.8683090209961,126.2699966430664,126.93000030517578,125.16999816894531,126.81999969482422,74244600
1352,2021-05-18,122.47530364990234,124.8499984741211,126.98999786376953,124.77999877929688,126.55999755859375,63342900
1353,2021-05-19,122.31835174560547,124.69000244140625,124.91999816894531,122.86000061035156,123.16000366210938,92612000
1354,2021-05-20,124.88851165771484,127.30999755859375,127.72000122070312,125.0999984741211,125.2300033569336,76857100
1355,2021-05-21,123.04428100585938,125.43000030517578,128.0,125.20999908447266,127.81999969482422,79295400
1356,2021-05-24,124.68251037597656,127.0999984741211,127.94000244140625,125.94000244140625,126.01000213623047,63092900
1357,2021-05-25,124.486328125,126.9000015258789,128.32000732421875,126.31999969482422,127.81999969482422,72009500
1358,2021-05-26,124.4372787475586,126.8499984741211,127.38999938964844,126.41999816894531,126.95999908447266,56575900
1359,2021-05-27,122.89713287353516,125.27999877929688,127.63999938964844,125.08000183105469,126.44000244140625,94625600
1360,2021-05-28,122.2398681640625,124.61000061035156,125.80000305175781,124.55000305175781,125.56999969482422,71311100
1361,2021-06-01,121.91612243652344,124.27999877929688,125.3499984741211,123.94000244140625,125.08000183105469,67637100
1362,2021-06-02,122.68130493164062,125.05999755859375,125.23999786376953,124.05000305175781,124.27999877929688,59278900
1363,2021-06-03,121.19023132324219,123.54000091552734,124.8499984741211,123.12999725341797,124.68000030517578,76229200
1364,2021-06-04,123.49551391601562,125.88999938964844,126.16000366210938,123.8499984741211,124.06999969482422,75169300
1365,2021-06-07,123.50533294677734,125.9000015258789,126.31999969482422,124.83000183105469,126.16999816894531,71057600
1366,2021-06-08,124.32936096191406,126.73999786376953,128.4600067138672,126.20999908447266,126.5999984741211,74403800
1367,2021-06-09,124.7119369506836,127.12999725341797,127.75,126.5199966430664,127.20999908447266,56877900
1368,2021-06-10,123.71134948730469,126.11000061035156,128.19000244140625,125.94000244140625,127.0199966430664,71186400
1369,2021-06-11,124.92777252197266,127.3499984741211,127.44000244140625,126.0999984741211,126.52999877929688,53522400
1370,2021-06-14,127.99822998046875,130.47999572753906,130.5399932861328,127.06999969482422,127.81999969482422,96906500
1371,2021-06-15,127.17422485351562,129.63999938964844,130.60000610351562,129.38999938964844,129.94000244140625,62746300
1372,2021-06-16,127.67446899414062,130.14999389648438,130.88999938964844,128.4600067138672,130.3699951171875,91815000
1373,2021-06-17,129.28330993652344,131.7899932861328,132.5500030517578,129.64999389648438,129.8000030517578,96721700
1374,2021-06-18,127.97862243652344,130.4600067138672,131.50999450683594,130.24000549316406,130.7100067138672,108953300
1375,2021-06-21,129.7836151123047,132.3000030517578,132.41000366210938,129.2100067138672,130.3000030517578,79663300
1376,2021-06-22,131.43165588378906,133.97999572753906,134.0800018310547,131.6199951171875,132.1300048828125,74783600
1377,2021-06-23,131.156982421875,133.6999969482422,134.32000732421875,133.22999572753906,133.77000427246094,60214200
1378,2021-06-24,130.87249755859375,133.41000366210938,134.63999938964844,132.92999267578125,134.4499969482422,68711000
1379,2021-06-25,130.5782012939453,133.11000061035156,133.88999938964844,132.80999755859375,133.4600067138672,70783700
1380,2021-06-28,132.21646118164062,134.77999877929688,135.25,133.35000610351562,133.41000366210938,62111300
1381,2021-06-29,133.73696899414062,136.3300018310547,136.49000549316406,134.35000610351562,134.8000030517578,64556100
1382,2021-06-30,134.35496520996094,136.9600067138672,137.41000366210938,135.8699951171875,136.1699981689453,63261400
1383,2021-07-01,134.65908813476562,137.27000427246094,137.3300018310547,135.75999450683594,136.60000610351562,52485800
1384,2021-07-02,137.29791259765625,139.9600067138672,140.0,137.75,137.89999389648438,78852600
1385,2021-07-06,139.31875610351562,142.02000427246094,143.14999389648438,140.07000732421875,140.07000732421875,108181800
1386,2021-07-07,141.82025146484375,144.57000732421875,144.88999938964844,142.66000366210938,143.5399932861328,104911600
1387,2021-07-08,140.51551818847656,143.24000549316406,144.05999755859375,140.6699981689453,141.5800018310547,105575500
1388,2021-07-09,142.3499755859375,145.11000061035156,145.64999389648438,142.64999389648438,142.75,99890800
1389,2021-07-12,141.75157165527344,144.5,146.32000732421875,144.0,146.2100067138672,76299700
1390,2021-07-13,142.869873046875,145.63999938964844,147.4600067138672,143.6300048828125,144.02999877929688,100827100
1391,2021-07-14,146.31314086914062,149.14999389648438,149.57000732421875,147.67999267578125,148.10000610351562,127050800
1392,2021-07-15,145.65582275390625,148.47999572753906,150.0,147.08999633789062,149.24000549316406,106820300
1393,2021-07-16,143.60560607910156,146.38999938964844,149.75999450683594,145.8800048828125,148.4600067138672,93251400
1394,2021-07-19,139.7405548095703,142.4499969482422,144.07000732421875,141.6699981689453,143.75,121434600
1395,2021-07-20,143.37017822265625,146.14999389648438,147.10000610351562,142.9600067138672,143.4600067138672,96350000
1396,2021-07-21,142.6344451904297,145.39999389648438,146.1300048828125,144.6300048828125,145.52999877929688,74993500
1397,2021-07-22,144.00779724121094,146.8000030517578,148.1999969482422,145.80999755859375,145.94000244140625,77338200
1398,2021-07-23,145.73431396484375,148.55999755859375,148.72000122070312,146.9199981689453,147.5500030517578,71447400
1399,2021-07-26,146.15614318847656,148.99000549316406,149.8300018310547,147.6999969482422,148.27000427246094,72434100
1400,2021-07-27,143.97840881347656,146.77000427246094,149.2100067138672,145.5500030517578,149.1199951171875,104818600
1401,2021-07-28,142.22242736816406,144.97999572753906,146.97000122070312,142.5399932861328,144.80999755859375,118931200
1402,2021-07-29,142.869873046875,145.63999938964844,146.5500030517578,144.5800018310547,144.69000244140625,56699500
1403,2021-07-30,143.08572387695312,145.86000061035156,146.3300018310547,144.11000061035156,144.3800048828125,70440600
1404,2021-08-02,142.7521514892578,145.52000427246094,146.9499969482422,145.25,146.36000061035156,62880000
1405,2021-08-03,144.5571746826172,147.36000061035156,148.0399932861328,145.17999267578125,145.80999755859375,64786600
1406,2021-08-04,144.15493774414062,146.9499969482422,147.7899932861328,146.27999877929688,147.27000427246094,56368300
1407,2021-08-05,144.2628631591797,147.05999755859375,147.83999633789062,146.1699981689453,146.97999572753906,46397700
1408,2021-08-06,143.5751495361328,146.13999938964844,147.11000061035156,145.6300048828125,146.35000610351562,54126800
1409,2021-08-09,143.5260467529297,146.08999633789062,146.6999969482422,145.52000427246094,146.1999969482422,48908700
1410,2021-08-10,143.04466247558594,145.60000610351562,147.7100067138672,145.3000030517578,146.44000244140625,69023100
1411,2021-08-11,143.300048828125,145.86000061035156,146.72000122070312,145.52999877929688,146.0500030517578,48493500
1412,2021-08-12,146.27688598632812,148.88999938964844,149.0500030517578,145.83999633789062,146.19000244140625,72282600
1413,2021-08-13,146.48321533203125,149.10000610351562,149.44000244140625,148.27000427246094,148.97000122070312,59375000
1414,2021-08-16,148.4677734375,151.1199951171875,151.19000244140625,146.47000122070312,148.5399932861328,103296000
1415,2021-08-17,147.5540771484375,150.19000244140625,151.67999267578125,149.08999633789062,150.22999572753906,92229700
1416,2021-08-18,143.79129028320312,146.36000061035156,150.72000122070312,146.14999389648438,149.8000030517578,86326000
1417,2021-08-19,144.1253204345703,146.6999969482422,148.0,144.5,145.02999877929688,86960300
1418,2021-08-20,145.58914184570312,148.19000244140625,148.5,146.77999877929688,147.44000244140625,60549600
1419,2021-08-23,147.08248901367188,149.7100067138672,150.19000244140625,147.88999938964844,148.30999755859375,60131800
1420,2021-08-24,146.99404907226562,149.6199951171875,150.86000061035156,149.14999389648438,149.4499969482422,48606400
1421,2021-08-25,145.75616455078125,148.36000061035156,150.32000732421875,147.8000030517578,149.80999755859375,58991300
1422,2021-08-26,144.9506072998047,147.5399932861328,149.1199951171875,147.50999450683594,148.35000610351562,48597200
1423,2021-08-27,145.9919891357422,148.60000610351562,148.75,146.8300018310547,147.47999572753906,55802400
1424,2021-08-30,150.43263244628906,153.1199951171875,153.49000549316406,148.61000061035156,149.0,90956700
1425,2021-08-31,149.165283203125,151.8300018310547,152.8000030517578,151.2899932861328,152.66000366210938,86453100
1426,2021-09-01,149.83334350585938,152.50999450683594,154.97999572753906,152.33999633789062,152.8300018310547,80313700
1427,2021-09-02,150.95333862304688,153.64999389648438,154.72000122070312,152.39999389648438,153.8699951171875,71115500
1428,2021-09-03,151.59193420410156,154.3000030517578,154.6300048828125,153.08999633789062,153.75999450683594,57808700
1429,2021-09-07,153.94000244140625,156.69000244140625,157.25999450683594,154.38999938964844,154.97000122070312,82278300
1430,2021-09-08,152.3877410888672,155.11000061035156,157.0399932861328,153.97999572753906,156.97999572753906,74420200
1431,2021-09-09,151.36599731445312,154.07000732421875,156.11000061035156,153.9499969482422,155.49000549316406,57305700
1432,2021-09-10,146.35549926757812,148.97000122070312,155.47999572753906,148.6999969482422,155.0,140893200
1433,2021-09-13,146.92530822753906,149.5500030517578,151.4199981689453,148.75,150.6300048828125,102404300
1434,2021-09-14,145.52041625976562,148.1199951171875,151.07000732421875,146.91000366210938,150.35000610351562,109296300
1435,2021-09-15,146.41444396972656,149.02999877929688,149.44000244140625,146.3699951171875,148.55999755859375,83281300
1436,2021-09-16,146.17864990234375,148.7899932861328,148.97000122070312,147.22000122070312,148.44000244140625,68034100
1437,2021-09-17,143.49655151367188,146.05999755859375,148.82000732421875,145.75999450683594,148.82000732421875,129868800
1438,2021-09-20,140.43128967285156,142.94000244140625,144.83999633789062,141.27000427246094,143.8000030517578,123478900
1439,2021-09-21,140.91268920898438,143.42999267578125,144.60000610351562,142.77999877929688,143.92999267578125,75834000
1440,2021-09-22,143.29025268554688,145.85000610351562,146.42999267578125,143.6999969482422,144.4499969482422,76404300
1441,2021-09-23,144.25303649902344,146.8300018310547,147.0800018310547,145.63999938964844,146.64999389648438,64838200
1442,2021-09-24,144.34146118164062,146.9199981689453,147.47000122070312,145.55999755859375,145.66000366210938,53477900
1443,2021-09-27,142.81866455078125,145.3699951171875,145.9600067138672,143.82000732421875,145.47000122070312,74150700
1444,2021-09-28,139.41940307617188,141.91000366210938,144.75,141.69000244140625,143.25,108972300
1445,2021-09-29,140.3232421875,142.8300018310547,144.4499969482422,142.02999877929688,142.47000122070312,74602000
1446,2021-09-30,139.01658630371094,141.5,144.3800048828125,141.27999877929688,143.66000366210938,89056700
1447,2021-10-01,140.14639282226562,142.64999389648438,142.9199981689453,139.11000061035156,141.89999389648438,94639600
1448,2021-10-04,136.69801330566406,139.13999938964844,142.2100067138672,138.27000427246094,141.75999450683594,98322000
1449,2021-10-05,138.6334686279297,141.11000061035156,142.24000549316406,139.36000061035156,139.49000549316406,80861100
1450,2021-10-06,139.50779724121094,142.0,142.14999389648438,138.3699951171875,139.47000122070312,83221100
1451,2021-10-07,140.775146484375,143.2899932861328,144.22000122070312,142.72000122070312,143.05999755859375,61732700
1452,2021-10-08,140.3920135498047,142.89999389648438,144.17999267578125,142.55999755859375,144.02999877929688,58773200
1453,2021-10-11,140.30360412597656,142.80999755859375,144.80999755859375,141.80999755859375,142.27000427246094,64452200
1454,2021-10-12,139.02639770507812,141.50999450683594,143.25,141.0399932861328,143.22999572753906,73035900
1455,2021-10-13,138.4369659423828,140.91000366210938,141.39999389648438,139.1999969482422,141.24000549316406,78762700
1456,2021-10-14,141.23692321777344,143.75999450683594,143.8800048828125,141.50999450683594,142.11000061035156,69907100
1457,2021-10-15,142.29794311523438,144.83999633789062,144.89999389648438,143.50999450683594,143.77000427246094,67940300
1458,2021-10-18,143.97796630859375,146.5500030517578,146.83999633789062,143.16000366210938,143.4499969482422,85589200
1459,2021-10-19,146.149169921875,148.75999450683594,149.1699981689453,146.5500030517578,147.00999450683594,76378900
1460,2021-10-20,146.64041137695312,149.25999450683594,149.75,148.1199951171875,148.6999969482422,58418800
1461,2021-10-21,146.85655212402344,149.47999572753906,149.63999938964844,147.8699951171875,148.80999755859375,61421000
1462,2021-10-22,146.0803985595703,148.69000244140625,150.17999267578125,148.63999938964844,149.69000244140625,58883400
1463,2021-10-25,146.0312957763672,148.63999938964844,149.3699951171875,147.6199951171875,148.67999267578125,50720600
1464,2021-10-26,146.6993408203125,149.32000732421875,150.83999633789062,149.00999450683594,149.3300018310547,60893400
1465,2021-10-27,146.23756408691406,148.85000610351562,149.72999572753906,148.49000549316406,149.36000061035156,56094900
1466,2021-10-28,149.89230346679688,152.57000732421875,153.1699981689453,149.72000122070312,149.82000732421875,100077900
1467,2021-10-29,147.1709747314453,149.8000030517578,149.94000244140625,146.41000366210938,147.22000122070312,124953200
1468,2021-11-01,146.3456573486328,148.9600067138672,149.6999969482422,147.8000030517578,148.99000549316406,74588300
1469,2021-11-02,147.38705444335938,150.02000427246094,151.57000732421875,148.64999389648438,148.66000366210938,69122000
1470,2021-11-03,148.83126831054688,151.49000549316406,151.97000122070312,149.82000732421875,150.38999938964844,54511500
1471,2021-11-04,148.31056213378906,150.9600067138672,152.42999267578125,150.63999938964844,151.5800018310547,60394600
1472,2021-11-05,148.84185791015625,151.27999877929688,152.1999969482422,150.05999755859375,151.88999938964844,65463900
1473,2021-11-08,148.01539611816406,150.44000244140625,151.57000732421875,150.16000366210938,151.41000366210938,55020900
1474,2021-11-09,148.3794403076172,150.80999755859375,151.42999267578125,150.05999755859375,150.1999969482422,56787900
1475,2021-11-10,145.5360107421875,147.9199981689453,150.1300048828125,147.85000610351562,150.02000427246094,65187100
1476,2021-11-11,145.48680114746094,147.8699951171875,149.42999267578125,147.67999267578125,148.9600067138672,41000000
1477,2021-11-12,147.5726776123047,149.99000549316406,150.39999389648438,147.47999572753906,148.42999267578125,63804000
1478,2021-11-15,147.58250427246094,150.0,151.8800048828125,149.42999267578125,150.3699951171875,59222800
1479,2021-11-16,148.56634521484375,151.0,151.49000549316406,149.33999633789062,149.94000244140625,59256200
1480,2021-11-17,151.01625061035156,153.49000549316406,155.0,150.99000549316406,151.0,88807000
1481,2021-11-18,155.32565307617188,157.8699951171875,158.6699981689453,153.0500030517578,153.7100067138672,137827700
1482,2021-11-19,157.9624481201172,160.5500030517578,161.02000427246094,156.52999877929688,157.64999389648438,117305600
1483,2021-11-22,158.42491149902344,161.02000427246094,165.6999969482422,161.0,161.67999267578125,117467900
1484,2021-11-23,158.80860900878906,161.41000366210938,161.8000030517578,159.05999755859375,161.1199951171875,96041900
1485,2021-11-24,159.330078125,161.94000244140625,162.13999938964844,159.63999938964844,160.75,69463600
1486,2021-11-26,154.28273010253906,156.80999755859375,160.4499969482422,156.36000061035156,159.57000732421875,76959800
1487,2021-11-29,157.65745544433594,160.24000549316406,161.19000244140625,158.7899932861328,159.3699951171875,88748200
1488,2021-11-30,162.6359100341797,165.3000030517578,165.52000427246094,159.9199981689453,159.99000549316406,174048100
1489,2021-12-01,162.11441040039062,164.77000427246094,170.3000030517578,164.52999877929688,167.47999572753906,152052500
1490,2021-12-02,161.1206817626953,163.75999450683594,164.1999969482422,157.8000030517578,158.74000549316406,136739200
1491,2021-12-03,159.23167419433594,161.83999633789062,164.9600067138672,159.72000122070312,164.02000427246094,118023100
1492,2021-12-06,162.6555938720703,165.32000732421875,167.8800048828125,164.27999877929688,164.2899932861328,107497000
1493,2021-12-07,168.42112731933594,171.17999267578125,171.5800018310547,168.33999633789062,169.0800018310547,120405400
1494,2021-12-08,172.25828552246094,175.0800018310547,175.9600067138672,170.6999969482422,172.1300048828125,116998900
1495,2021-12-09,171.74664306640625,174.55999755859375,176.75,173.9199981689453,174.91000366210938,108923700
1496,2021-12-10,176.55783081054688,179.4499969482422,179.6300048828125,174.69000244140625,175.2100067138672,115402700
1497,2021-12-13,172.90765380859375,175.74000549316406,182.1300048828125,175.52999877929688,181.1199951171875,153237000
1498,2021-12-14,171.5203399658203,174.3300018310547,177.74000549316406,172.2100067138672,175.25,139380400
1499,2021-12-15,176.41024780273438,179.3000030517578,179.5,172.30999755859375,175.11000061035156,131063300
1500,2021-12-16,169.4837188720703,172.25999450683594,181.13999938964844,170.75,179.27999877929688,150185800
1501,2021-12-17,168.38177490234375,171.13999938964844,173.47000122070312,169.69000244140625,169.92999267578125,195432700
1502,2021-12-20,167.01416015625,169.75,170.5800018310547,167.4600067138672,168.27999877929688,107499100
1503,2021-12-21,170.20196533203125,172.99000549316406,173.1999969482422,169.1199951171875,171.55999755859375,91185900
1504,2021-12-22,172.8092498779297,175.63999938964844,175.86000061035156,172.14999389648438,173.0399932861328,92135300
1505,2021-12-23,173.4389190673828,176.27999877929688,176.85000610351562,175.27000427246094,175.85000610351562,68356600
1506,2021-12-27,177.4236602783203,180.3300018310547,180.4199981689453,177.07000732421875,177.08999633789062,74919600
1507,2021-12-28,176.400390625,179.2899932861328,181.3300018310547,178.52999877929688,180.16000366210938,79144300
1508,2021-12-29,176.48898315429688,179.3800048828125,180.6300048828125,178.13999938964844,179.3300018310547,62348900
1509,2021-12-30,175.32797241210938,178.1999969482422,180.57000732421875,178.08999633789062,179.47000122070312,59773000
1510,2021-12-31,174.70814514160156,177.57000732421875,179.22999572753906,177.25999450683594,178.08999633789062,64062300
1511,2022-01-03,179.07659912109375,182.00999450683594,182.8800048828125,177.7100067138672,177.8300018310547,104487900
1512,2022-01-04,176.8038330078125,179.6999969482422,182.94000244140625,179.1199951171875,182.6300048828125,99310400
1513,2022-01-05,172.10084533691406,174.9199981689453,180.1699981689453,174.63999938964844,179.61000061035156,94537600
1514,2022-01-06,169.22792053222656,172.0,175.3000030517578,171.63999938964844,172.6999969482422,96904000
1515,2022-01-07,169.39517211914062,172.1699981689453,174.13999938964844,171.02999877929688,172.88999938964844,86709100
1516,2022-01-10,169.41485595703125,172.19000244140625,172.5,168.1699981689453,169.0800018310547,106765600
1517,2022-01-11,172.25828552246094,175.0800018310547,175.17999267578125,170.82000732421875,172.32000732421875,76138300
1518,2022-01-12,172.7010498046875,175.52999877929688,177.17999267578125,174.82000732421875,176.1199951171875,74805200
1519,2022-01-13,169.41485595703125,172.19000244140625,176.6199951171875,171.7899932861328,175.77999877929688,84505800
1520,2022-01-14,170.28067016601562,173.07000732421875,173.77999877929688,171.08999633789062,171.33999633789062,80440800
1521,2022-01-18,167.06336975097656,169.8000030517578,172.5399932861328,169.41000366210938,171.50999450683594,90956700
1522,2022-01-19,163.5509490966797,166.22999572753906,171.0800018310547,165.94000244140625,170.0,94815000
1523,2022-01-20,161.858642578125,164.50999450683594,169.67999267578125,164.17999267578125,166.97999572753906,91420500
1524,2022-01-21,159.79248046875,162.41000366210938,166.3300018310547,162.3000030517578,164.4199981689453,122848900
1525,2022-01-24,159.0152130126953,161.6199951171875,162.3000030517578,154.6999969482422,160.02000427246094,162294600
1526,2022-01-25,157.20486450195312,159.77999877929688,162.75999450683594,157.02000427246094,158.97999572753906,115798400
1527,2022-01-26,157.1163330078125,159.69000244140625,164.38999938964844,157.82000732421875,163.5,108275300
1528,2022-01-27,156.6538848876953,159.22000122070312,163.83999633789062,158.27999877929688,162.4499969482422,121954600
1529,2022-01-28,167.5848388671875,170.3300018310547,170.35000610351562,162.8000030517578,165.7100067138672,179935700
1530,2022-01-31,171.9630889892578,174.77999877929688,175.0,169.50999450683594,170.16000366210938,115541600
1531,2022-02-01,171.79586791992188,174.61000061035156,174.83999633789062,172.30999755859375,174.00999450683594,86213900
1532,2022-02-02,173.0060577392578,175.83999633789062,175.8800048828125,173.3300018310547,174.75,84914300
1533,2022-02-03,170.11338806152344,172.89999389648438,176.24000549316406,172.1199951171875,174.47999572753906,89418100
1534,2022-02-04,169.8277587890625,172.38999938964844,174.10000610351562,170.67999267578125,171.67999267578125,82465400
1535,2022-02-07,169.10861206054688,171.66000366210938,173.9499969482422,170.9499969482422,172.86000061035156,77251200
1536,2022-02-08,172.23146057128906,174.8300018310547,175.35000610351562,171.42999267578125,171.72999572753906,74829200
1537,2022-02-09,173.65989685058594,176.27999877929688,176.64999389648438,174.89999389648438,176.0500030517578,71285000
1538,2022-02-10,169.56173706054688,172.1199951171875,175.47999572753906,171.5500030517578,174.13999938964844,90865900
1539,2022-02-11,166.13345336914062,168.63999938964844,173.0800018310547,168.0399932861328,172.3300018310547,98670700
1540,2022-02-14,166.3699188232422,168.8800048828125,169.5800018310547,166.55999755859375,167.3699951171875,86185500
1541,2022-02-15,170.22177124023438,172.7899932861328,172.9499969482422,170.25,170.97000122070312,62527400
1542,2022-02-16,169.9853515625,172.5500030517578,173.33999633789062,170.0500030517578,171.85000610351562,61177400
1543,2022-02-17,166.3699188232422,168.8800048828125,171.91000366210938,168.47000122070312,171.02999877929688,69589300
1544,2022-02-18,164.8134002685547,167.3000030517578,170.5399932861328,166.19000244140625,169.82000732421875,82772700
1545,2022-02-22,161.87767028808594,164.32000732421875,166.69000244140625,162.14999389648438,164.97999572753906,91162800
1546,2022-02-23,157.6908416748047,160.07000732421875,166.14999389648438,159.75,165.5399932861328,90009200
1547,2022-02-24,160.32115173339844,162.74000549316406,162.85000610351562,152.0,152.5800018310547,141147500
1548,2022-02-25,162.39981079101562,164.85000610351562,165.1199951171875,160.8699951171875,163.83999633789062,91974200
1549,2022-02-28,162.66578674316406,165.1199951171875,165.4199981689453,162.42999267578125,163.05999755859375,95056600
1550,2022-03-01,160.77430725097656,163.1999969482422,166.60000610351562,161.97000122070312,164.6999969482422,83474400
1551,2022-03-02,164.08438110351562,166.55999755859375,167.36000061035156,162.9499969482422,164.38999938964844,79724800
1552,2022-03-03,163.75930786132812,166.22999572753906,168.91000366210938,165.5500030517578,168.47000122070312,76678400
1553,2022-03-04,160.74476623535156,163.1699981689453,165.5500030517578,162.10000610351562,164.49000549316406,83737200
1554,2022-03-07,156.9322967529297,159.3000030517578,165.02000427246094,159.0399932861328,163.36000061035156,96418800
1555,2022-03-08,155.09994506835938,157.44000244140625,162.8800048828125,155.8000030517578,158.82000732421875,131148300
1556,2022-03-09,160.5280303955078,162.9499969482422,163.41000366210938,159.41000366210938,161.47999572753906,91454900
1557,2022-03-10,156.16387939453125,158.52000427246094,160.38999938964844,155.97999572753906,160.1999969482422,105342000
1558,2022-03-11,152.4302215576172,154.72999572753906,159.27999877929688,154.5,158.92999267578125,96970100
1559,2022-03-14,148.38131713867188,150.6199951171875,154.1199951171875,150.10000610351562,151.4499969482422,108732100
1560,2022-03-15,152.7848663330078,155.08999633789062,155.57000732421875,150.3800048828125,150.89999389648438,92964300
1561,2022-03-16,157.21798706054688,159.58999633789062,160.0,154.4600067138672,157.0500030517578,102300200
1562,2022-03-17,158.232666015625,160.6199951171875,161.0,157.6300048828125,158.61000061035156,75615400
1563,2022-03-18,161.542724609375,163.97999572753906,164.47999572753906,159.75999450683594,160.50999450683594,123511700
1564,2022-03-21,162.9219512939453,165.3800048828125,166.35000610351562,163.00999450683594,163.50999450683594,95811400
1565,2022-03-22,166.31077575683594,168.82000732421875,169.4199981689453,164.91000366210938,165.50999450683594,81532000
1566,2022-03-23,167.68011474609375,170.2100067138672,172.63999938964844,167.64999389648438,167.99000549316406,98062700
1567,2022-03-24,171.48277282714844,174.07000732421875,174.13999938964844,170.2100067138672,171.05999755859375,90131400
1568,2022-03-25,172.12307739257812,174.72000122070312,175.27999877929688,172.75,173.8800048828125,80546200
1569,2022-03-28,172.9900360107422,175.60000610351562,175.72999572753906,172.0,172.1699981689453,90371900
1570,2022-03-29,176.30007934570312,178.9600067138672,179.00999450683594,176.33999633789062,176.69000244140625,100589400
1571,2022-03-30,175.12774658203125,177.77000427246094,179.61000061035156,176.6999969482422,178.5500030517578,92633200
1572,2022-03-31,172.01475524902344,174.61000061035156,178.02999877929688,174.39999389648438,177.83999633789062,103049300
1573,2022-04-01,171.7191925048828,174.30999755859375,174.8800048828125,171.94000244140625,174.02999877929688,78751300
1574,2022-04-04,175.78781127929688,178.44000244140625,178.49000549316406,174.44000244140625,174.57000732421875,76468400
1575,2022-04-05,172.45802307128906,175.05999755859375,178.3000030517578,174.4199981689453,177.5,73401800
1576,2022-04-06,169.2760772705078,171.8300018310547,173.6300048828125,170.1300048828125,172.36000061035156,89058800
1577,2022-04-07,169.58143615722656,172.13999938964844,173.36000061035156,169.85000610351562,171.16000366210938,77594700
1578,2022-04-08,167.56190490722656,170.08999633789062,171.77999877929688,169.1999969482422,171.77999877929688,76575500
1579,2022-04-11,163.2864227294922,165.75,169.02999877929688,165.5,168.7100067138672,72246700
1580,2022-04-12,165.16802978515625,167.66000366210938,169.8699951171875,166.63999938964844,168.02000427246094,79265200
1581,2022-04-13,167.86729431152344,170.39999389648438,171.0399932861328,166.77000427246094,167.38999938964844,70618900
1582,2022-04-14,162.83323669433594,165.2899932861328,171.27000427246094,165.0399932861328,170.6199951171875,75329400
1583,2022-04-18,162.6165313720703,165.07000732421875,166.60000610351562,163.57000732421875,163.9199981689453,69023900
1584,2022-04-19,164.91189575195312,167.39999389648438,167.82000732421875,163.91000366210938,165.02000427246094,67723800
1585,2022-04-20,164.74444580078125,167.22999572753906,168.8800048828125,166.10000610351562,168.75999450683594,67929800
1586,2022-04-21,163.94647216796875,166.4199981689453,171.52999877929688,165.91000366210938,168.91000366210938,87227800
1587,2022-04-22,159.38526916503906,161.7899932861328,167.8699951171875,161.5,166.4600067138672,84882400
1588,2022-04-25,160.45907592773438,162.8800048828125,163.1699981689453,158.4600067138672,161.1199951171875,96046400
1589,2022-04-26,154.46945190429688,156.8000030517578,162.33999633789062,156.72000122070312,162.25,95623200
1590,2022-04-27,154.24285888671875,156.57000732421875,159.7899932861328,155.3800048828125,155.91000366210938,88063200
1591,2022-04-28,161.20777893066406,163.63999938964844,164.52000427246094,158.92999267578125,159.25,130216800
1592,2022-04-29,155.30679321289062,157.64999389648438,166.1999969482422,157.25,161.83999633789062,131747600
1593,2022-05-02,155.6122283935547,157.9600067138672,158.22999572753906,153.27000427246094,156.7100067138672,123055300
1594,2022-05-03,157.109619140625,159.47999572753906,160.7100067138672,156.32000732421875,158.14999389648438,88966500
1595,2022-05-04,163.55242919921875,166.02000427246094,166.47999572753906,159.25999450683594,159.6699981689453,108256500
1596,2022-05-05,154.4398956298828,156.77000427246094,164.0800018310547,154.9499969482422,163.85000610351562,130525300
1597,2022-05-06,155.1699676513672,157.27999877929688,159.44000244140625,154.17999267578125,156.00999450683594,116124600
1598,2022-05-09,150.02000427246094,152.05999755859375,155.8300018310547,151.49000549316406,154.92999267578125,131577900
1599,2022-05-10,152.43710327148438,154.50999450683594,156.74000549316406,152.92999267578125,155.52000427246094,115366700
1600,2022-05-11,144.53457641601562,146.5,155.4499969482422,145.80999755859375,153.5,142689800
1601,2022-05-12,140.64743041992188,142.55999755859375,146.1999969482422,138.8000030517578,142.77000427246094,182602000
1602,2022-05-13,145.1363983154297,147.11000061035156,148.10000610351562,143.11000061035156,144.58999633789062,113990900
1603,2022-05-16,143.5874786376953,145.5399932861328,147.52000427246094,144.17999267578125,145.5500030517578,86643800
1604,2022-05-17,147.2378387451172,149.24000549316406,149.77000427246094,146.67999267578125,148.86000061035156,78336300
1605,2022-05-18,138.9307861328125,140.82000732421875,147.36000061035156,139.89999389648438,146.85000610351562,109742900
1606,2022-05-19,135.50735473632812,137.35000610351562,141.66000366210938,136.60000610351562,139.8800048828125,136095600
1607,2022-05-20,135.744140625,137.58999633789062,140.6999969482422,132.61000061035156,139.08999633789062,137426100
1608,2022-05-23,141.1900634765625,143.11000061035156,143.25999450683594,137.64999389648438,137.7899932861328,117726300
1609,2022-05-24,138.47695922851562,140.36000061035156,141.97000122070312,137.3300018310547,140.80999755859375,104132700
1610,2022-05-25,138.6348114013672,140.52000427246094,141.7899932861328,138.33999633789062,138.42999267578125,92482700
1611,2022-05-26,141.85107421875,143.77999877929688,144.33999633789062,137.13999938964844,137.38999938964844,90601500
1612,2022-05-27,147.6324462890625,149.63999938964844,149.67999267578125,145.25999450683594,145.38999938964844,90978500
1613,2022-05-31,146.8431854248047,148.83999633789062,150.66000366210938,146.83999633789062,149.07000732421875,103718400
1614,2022-06-01,146.7149200439453,148.7100067138672,151.74000549316406,147.67999267578125,149.89999389648438,74286600
1615,2022-06-02,149.181396484375,151.2100067138672,151.27000427246094,146.86000061035156,147.8300018310547,72348100
1616,2022-06-03,143.4296112060547,145.3800048828125,147.97000122070312,144.4600067138672,146.89999389648438,88570300
1617,2022-06-06,144.17941284179688,146.13999938964844,148.57000732421875,144.89999389648438,147.02999877929688,71598400
1618,2022-06-07,146.7149200439453,148.7100067138672,149.0,144.10000610351562,144.35000610351562,67808200
1619,2022-06-08,145.97500610351562,147.9600067138672,149.8699951171875,147.4600067138672,148.5800018310547,53950200
1620,2022-06-09,140.7263946533203,142.63999938964844,147.9499969482422,142.52999877929688,147.0800018310547,69473000
1621,2022-06-10,135.290283203125,137.1300048828125,140.75999450683594,137.05999755859375,140.27999877929688,91437900
1622,2022-06-13,130.11074829101562,131.8800048828125,135.1999969482422,131.44000244140625,132.8699951171875,122207100
1623,2022-06-14,130.9789276123047,132.75999450683594,133.88999938964844,131.47999572753906,133.1300048828125,84784300
1624,2022-06-15,133.61306762695312,135.42999267578125,137.33999633789062,132.16000366210938,134.2899932861328,91533000
1625,2022-06-16,128.31512451171875,130.05999755859375,132.38999938964844,129.0399932861328,132.0800018310547,108123900
1626,2022-06-17,129.79498291015625,131.55999755859375,133.0800018310547,129.80999755859375,130.07000732421875,134520300
1627,2022-06-21,134.04718017578125,135.8699951171875,137.05999755859375,133.32000732421875,133.4199981689453,81000500
1628,2022-06-22,133.53416442871094,135.35000610351562,137.75999450683594,133.91000366210938,134.7899932861328,73409200
1629,2022-06-23,136.41500854492188,138.27000427246094,138.58999633789062,135.6300048828125,136.82000732421875,72433800
1630,2022-06-24,139.75953674316406,141.66000366210938,141.91000366210938,139.77000427246094,139.89999389648438,89116800
1631,2022-06-27,139.75953674316406,141.66000366210938,143.49000549316406,140.97000122070312,142.6999969482422,70207900
1632,2022-06-28,135.5961151123047,137.44000244140625,143.4199981689453,137.32000732421875,142.1300048828125,67083400
1633,2022-06-29,137.3621063232422,139.22999572753906,140.6699981689453,136.6699981689453,137.4600067138672,66242400
1634,2022-06-30,134.8857879638672,136.72000122070312,138.3699951171875,133.77000427246094,137.25,98964500
1635,2022-07-01,137.06613159179688,138.92999267578125,139.0399932861328,135.66000366210938,136.0399932861328,71051600
1636,2022-07-05,139.66085815429688,141.55999755859375,141.61000061035156,136.92999267578125,137.77000427246094,73353800
1637,2022-07-06,141.00262451171875,142.9199981689453,144.1199951171875,141.0800018310547,141.35000610351562,74064300
1638,2022-07-07,144.3865966796875,146.35000610351562,146.5500030517578,143.27999877929688,143.2899932861328,66253700
1639,2022-07-08,145.0673370361328,147.0399932861328,147.5500030517578,145.0,145.25999450683594,64547800
1640,2022-07-11,142.9264678955078,144.8699951171875,146.63999938964844,143.77999877929688,145.6699981689453,63141600
1641,2022-07-12,143.90318298339844,145.86000061035156,148.4499969482422,145.0500030517578,145.75999450683594,77588800
1642,2022-07-13,143.5381317138672,145.49000549316406,146.4499969482422,142.1199951171875,142.99000549316406,71185600
1643,2022-07-14,146.4781494140625,148.47000122070312,148.9499969482422,143.25,144.0800018310547,78140700
1644,2022-07-15,148.1553497314453,150.1699981689453,150.86000061035156,148.1999969482422,149.77999877929688,76259900
1645,2022-07-18,145.09693908691406,147.07000732421875,151.57000732421875,146.6999969482422,150.74000549316406,81420900
1646,2022-07-19,148.97421264648438,151.0,151.22999572753906,146.91000366210938,147.9199981689453,82982400
1647,2022-07-20,150.98684692382812,153.0399932861328,153.72000122070312,150.3699951171875,151.1199951171875,64823400
1648,2022-07-21,153.265869140625,155.35000610351562,155.57000732421875,151.94000244140625,154.5,65086600
1649,2022-07-22,152.0227508544922,154.08999633789062,156.27999877929688,153.41000366210938,155.38999938964844,66675400
1650,2022-07-25,150.8980712890625,152.9499969482422,155.0399932861328,152.27999877929688,154.00999450683594,53623900
1651,2022-07-26,149.56617736816406,151.60000610351562,153.08999633789062,150.8000030517578,152.25999450683594,55138700
1652,2022-07-27,154.68653869628906,156.7899932861328,157.3300018310547,152.16000366210938,152.5800018310547,78620700
1653,2022-07-28,155.23902893066406,157.35000610351562,157.63999938964844,154.41000366210938,156.97999572753906,81378700
1654,2022-07-29,160.32980346679688,162.50999450683594,163.6300048828125,159.5,161.24000549316406,101786900
1655,2022-08-01,159.3432159423828,161.50999450683594,163.58999633789062,160.88999938964844,161.00999450683594,67829400
1656,2022-08-02,157.86334228515625,160.00999450683594,162.41000366210938,159.6300048828125,160.10000610351562,59907000
1657,2022-08-03,163.9012451171875,166.1300048828125,166.58999633789062,160.75,160.83999633789062,82507500
1658,2022-08-04,163.58554077148438,165.80999755859375,167.19000244140625,164.42999267578125,166.00999450683594,55474100
1659,2022-08-05,163.35830688476562,165.35000610351562,165.85000610351562,163.0,163.2100067138672,56697000
1660,2022-08-08,162.88406372070312,164.8699951171875,167.80999755859375,164.1999969482422,166.3699951171875,60276900
1661,2022-08-09,162.9334716796875,164.9199981689453,165.82000732421875,163.25,164.02000427246094,63135500
1662,2022-08-10,167.20144653320312,169.24000549316406,169.33999633789062,166.89999389648438,167.67999267578125,70170500
1663,2022-08-11,166.46046447753906,168.49000549316406,170.99000549316406,168.19000244140625,170.05999755859375,57149200
1664,2022-08-12,170.02700805664062,172.10000610351562,172.1699981689453,169.39999389648438,169.82000732421875,68039400
1665,2022-08-15,171.10385131835938,173.19000244140625,173.38999938964844,171.35000610351562,171.52000427246094,54091700
1666,2022-08-16,170.94580078125,173.02999877929688,173.7100067138672,171.66000366210938,172.77999877929688,56377100
1667,2022-08-17,172.4474639892578,174.5500030517578,176.14999389648438,172.57000732421875,172.77000427246094,79542000
1668,2022-08-18,172.05226135253906,174.14999389648438,174.89999389648438,173.1199951171875,173.75,62290100
1669,2022-08-19,169.45399475097656,171.52000427246094,173.74000549316406,171.30999755859375,173.02999877929688,70346300
1670,2022-08-22,165.55157470703125,167.57000732421875,169.86000061035156,167.13999938964844,169.69000244140625,69026800
1671,2022-08-23,165.2156524658203,167.22999572753906,168.7100067138672,166.64999389648438,167.0800018310547,54147100
1672,2022-08-24,165.5120391845703,167.52999877929688,168.11000061035156,166.25,167.32000732421875,53841500
1673,2022-08-25,167.98191833496094,170.02999877929688,170.13999938964844,168.35000610351562,168.77999877929688,51218200
1674,2022-08-26,161.6491241455078,163.6199951171875,171.0500030517578,163.55999755859375,170.57000732421875,78961000
1675,2022-08-29,159.43612670898438,161.3800048828125,162.89999389648438,159.82000732421875,161.14999389648438,73314000
1676,2022-08-30,156.99588012695312,158.91000366210938,162.55999755859375,157.72000122070312,162.1300048828125,77906200
1677,2022-08-31,155.3262176513672,157.22000122070312,160.5800018310547,157.13999938964844,160.30999755859375,87991100
1678,2022-09-01,156.05731201171875,157.9600067138672,158.4199981689453,154.6699981689453,156.63999938964844,74229900
1679,2022-09-02,153.93321228027344,155.80999755859375,160.36000061035156,154.97000122070312,159.75,76957800
1680,2022-09-06,152.6686248779297,154.52999877929688,157.08999633789062,153.69000244140625,156.47000122070312,73714800
1681,2022-09-07,154.08139038085938,155.9600067138672,156.6699981689453,153.61000061035156,154.82000732421875,87449600
1682,2022-09-08,152.59947204589844,154.4600067138672,156.36000061035156,152.67999267578125,154.63999938964844,84923800
1683,2022-09-09,155.47442626953125,157.3699951171875,157.82000732421875,154.75,155.47000122070312,68028800
1684,2022-09-12,161.46142578125,163.42999267578125,164.25999450683594,159.3000030517578,159.58999633789062,104956000
1685,2022-09-13,151.9869384765625,153.83999633789062,160.5399932861328,153.3699951171875,159.89999389648438,122656600
1686,2022-09-14,153.43923950195312,155.30999755859375,157.10000610351562,153.61000061035156,154.7899932861328,87965400
1687,2022-09-15,150.53466796875,152.3699951171875,155.24000549316406,151.3800048828125,154.64999389648438,90481100
1688,2022-09-16,148.884765625,150.6999969482422,151.35000610351562,148.3699951171875,151.2100067138672,162278800
1689,2022-09-19,152.61924743652344,154.47999572753906,154.55999755859375,149.10000610351562,149.30999755859375,81474200
1690,2022-09-20,155.01007080078125,156.89999389648438,158.0800018310547,153.0800018310547,153.39999389648438,107689800
1691,2022-09-21,151.8683624267578,153.72000122070312,158.74000549316406,153.60000610351562,157.33999633789062,101696800
1692,2022-09-22,150.9001922607422,152.74000549316406,154.47000122070312,150.91000366210938,152.3800048828125,86652500
1693,2022-09-23,148.6179962158203,150.42999267578125,151.47000122070312,148.55999755859375,151.19000244140625,96029900
1694,2022-09-26,148.9539337158203,150.77000427246094,153.77000427246094,149.63999938964844,149.66000366210938,93339400
1695,2022-09-27,149.93197631835938,151.75999450683594,154.72000122070312,149.9499969482422,152.74000549316406,84442700
1696,2022-09-28,148.0351104736328,149.83999633789062,150.63999938964844,144.83999633789062,147.63999938964844,146691400
1697,2022-09-29,140.76377868652344,142.47999572753906,146.72000122070312,140.67999267578125,146.10000610351562,128138200
1698,2022-09-30,136.5353240966797,138.1999969482422,143.10000610351562,138.0,141.27999877929688,124925300
1699,2022-10-03,140.73411560058594,142.4499969482422,143.07000732421875,137.69000244140625,138.2100067138672,114311700
1700,2022-10-04,144.34019470214844,146.10000610351562,146.22000122070312,144.25999450683594,145.02999877929688,87830100
1701,2022-10-05,144.63653564453125,146.39999389648438,147.3800048828125,143.00999450683594,144.07000732421875,79471000
1702,2022-10-06,143.67825317382812,145.42999267578125,147.5399932861328,145.22000122070312,145.80999755859375,68402200
1703,2022-10-07,138.40257263183594,140.08999633789062,143.10000610351562,139.4499969482422,142.5399932861328,85925600
1704,2022-10-10,138.7285614013672,140.4199981689453,141.88999938964844,138.57000732421875,140.4199981689453,74899000
1705,2022-10-11,137.305908203125,138.97999572753906,141.35000610351562,138.22000122070312,139.89999389648438,77033700
1706,2022-10-12,136.67364501953125,138.33999633789062,140.36000061035156,138.16000366210938,139.1300048828125,70433700
1707,2022-10-13,141.2676544189453,142.99000549316406,143.58999633789062,134.3699951171875,134.99000549316406,113224000
1708,2022-10-14,136.7131805419922,138.3800048828125,144.52000427246094,138.19000244140625,144.30999755859375,88598000
1709,2022-10-17,140.6946258544922,142.41000366210938,142.89999389648438,140.27000427246094,141.07000732421875,85250900
1710,2022-10-18,142.0184783935547,143.75,146.6999969482422,140.61000061035156,145.49000549316406,99136600
1711,2022-10-19,142.1271514892578,143.86000061035156,144.9499969482422,141.5,141.69000244140625,61758300
1712,2022-10-20,141.6627960205078,143.38999938964844,145.88999938964844,142.64999389648438,143.02000427246094,64522000
1713,2022-10-21,145.49607849121094,147.27000427246094,147.85000610351562,142.64999389648438,142.8699951171875,86548600
1714,2022-10-24,147.64981079101562,149.4499969482422,150.22999572753906,146.0,147.19000244140625,75981900
1715,2022-10-25,150.50498962402344,152.33999633789062,152.49000549316406,149.36000061035156,150.08999633789062,74732300
1716,2022-10-26,147.55104064941406,149.35000610351562,151.99000549316406,148.0399932861328,150.9600067138672,88194300
1717,2022-10-27,143.0558319091797,144.8000030517578,149.0500030517578,144.1300048828125,148.07000732421875,109180200
1718,2022-10-28,153.86407470703125,155.74000549316406,157.5,147.82000732421875,148.1999969482422,164762400
1719,2022-10-31,151.4929656982422,153.33999633789062,154.24000549316406,151.9199981689453,153.16000366210938,97943200
1720,2022-11-01,148.83535766601562,150.64999389648438,155.4499969482422,149.1300048828125,155.0800018310547,80379300
1721,2022-11-02,143.28306579589844,145.02999877929688,152.1699981689453,145.0,148.9499969482422,93604600
1722,2022-11-03,137.20716857910156,138.8800048828125,142.8000030517578,138.75,142.05999755859375,97918500
1723,2022-11-04,136.93997192382812,138.3800048828125,142.6699981689453,134.3800048828125,142.08999633789062,140814800
1724,2022-11-07,137.4743194580078,138.9199981689453,139.14999389648438,135.6699981689453,137.11000061035156,83374600
1725,2022-11-08,138.0482940673828,139.5,141.42999267578125,137.49000549316406,140.41000366210938,89908500
1726,2022-11-09,133.46646118164062,134.8699951171875,138.5500030517578,134.58999633789062,138.5,74917800
1727,2022-11-10,145.3415985107422,146.8699951171875,146.8699951171875,139.5,141.24000549316406,118854000
1728,2022-11-11,148.1421356201172,149.6999969482422,150.00999450683594,144.3699951171875,145.82000732421875,93979700
1729,2022-11-14,146.73690795898438,148.27999877929688,150.27999877929688,147.42999267578125,148.97000122070312,73374100
1730,2022-11-15,148.47860717773438,150.0399932861328,153.58999633789062,148.55999755859375,152.22000122070312,89868300
1731,2022-11-16,147.24160766601562,148.7899932861328,149.8699951171875,147.2899932861328,149.1300048828125,64218300
1732,2022-11-17,149.15151977539062,150.72000122070312,151.47999572753906,146.14999389648438,146.42999267578125,80389400
1733,2022-11-18,149.715576171875,151.2899932861328,152.6999969482422,149.97000122070312,152.30999755859375,74829600
1734,2022-11-21,146.4697265625,148.00999450683594,150.3699951171875,147.72000122070312,150.16000366210938,58724100
1735,2022-11-22,148.61715698242188,150.17999267578125,150.4199981689453,146.92999267578125,148.1300048828125,51804100
1736,2022-11-23,149.49789428710938,151.07000732421875,151.8300018310547,149.33999633789062,149.4499969482422,58301400
1737,2022-11-25,146.56871032714844,148.11000061035156,148.8800048828125,147.1199951171875,148.30999755859375,35195900
1738,2022-11-28,142.7191619873047,144.22000122070312,146.63999938964844,143.3800048828125,145.13999938964844,69246000
1739,2022-11-29,139.700927734375,141.1699981689453,144.80999755859375,140.35000610351562,144.2899932861328,83763800
1740,2022-11-30,146.48953247070312,148.02999877929688,148.72000122070312,140.5500030517578,141.39999389648438,111380900
1741,2022-12-01,146.76661682128906,148.30999755859375,149.1300048828125,146.61000061035156,148.2100067138672,71250400
1742,2022-12-02,146.27182006835938,147.80999755859375,148.0,145.64999389648438,145.9600067138672,65447400
1743,2022-12-05,145.1040802001953,146.6300048828125,150.9199981689453,145.77000427246094,147.77000427246094,68826400
1744,2022-12-06,141.42282104492188,142.91000366210938,147.3000030517578,141.9199981689453,147.07000732421875,64727200
1745,2022-12-07,139.4733123779297,140.94000244140625,143.3699951171875,140.0,142.19000244140625,69721100
1746,2022-12-08,141.16549682617188,142.64999389648438,143.52000427246094,141.10000610351562,142.36000061035156,62128300
1747,2022-12-09,140.6806182861328,142.16000366210938,145.57000732421875,140.89999389648438,142.33999633789062,76097000
1748,2022-12-12,142.98635864257812,144.49000549316406,144.5,141.05999755859375,142.6999969482422,70462700
1749,2022-12-13,143.95616149902344,145.47000122070312,149.97000122070312,144.24000549316406,149.5,93886200
1750,2022-12-14,141.7196807861328,143.2100067138672,146.66000366210938,141.16000366210938,145.35000610351562,82291200
1751,2022-12-15,135.07949829101562,136.5,141.8000030517578,136.02999877929688,141.11000061035156,98931900
1752,2022-12-16,133.1102294921875,134.50999450683594,137.64999389648438,133.72999572753906,136.69000244140625,160156900
1753,2022-12-19,130.9925079345703,132.3699951171875,135.1999969482422,131.32000732421875,135.11000061035156,79592600
1754,2022-12-20,130.9232177734375,132.3000030517578,133.25,129.88999938964844,131.38999938964844,77432800
1755,2022-12-21,134.0404510498047,135.4499969482422,136.80999755859375,132.75,132.97999572753906,85928000
1756,2022-12-22,130.85394287109375,132.22999572753906,134.55999755859375,130.3000030517578,134.35000610351562,77852100
1757,2022-12-23,130.48779296875,131.86000061035156,132.4199981689453,129.63999938964844,130.9199981689453,63814900
1758,2022-12-27,128.6768341064453,130.02999877929688,131.41000366210938,128.72000122070312,131.3800048828125,69007800
1759,2022-12-28,124.7283706665039,126.04000091552734,131.02999877929688,125.87000274658203,129.6699981689453,85438400
1760,2022-12-29,128.26119995117188,129.61000061035156,130.47999572753906,127.7300033569336,127.98999786376953,75703700
1761,2022-12-30,128.57785034179688,129.92999267578125,129.9499969482422,127.43000030517578,128.41000366210938,77034200
1762,2023-01-03,123.76846313476562,125.06999969482422,130.89999389648438,124.16999816894531,130.27999877929688,112117500
1763,2023-01-04,125.04503631591797,126.36000061035156,128.66000366210938,125.08000183105469,126.88999938964844,89113600
1764,2023-01-05,123.71898651123047,125.0199966430664,127.7699966430664,124.76000213623047,127.12999725341797,80962700
1765,2023-01-06,128.2711181640625,129.6199951171875,130.2899932861328,124.88999938964844,126.01000213623047,87754700
1766,2023-01-09,128.7955780029297,130.14999389648438,133.41000366210938,129.88999938964844,130.47000122070312,70790800
1767,2023-01-10,129.36956787109375,130.72999572753906,131.25999450683594,128.1199951171875,130.25999450683594,63896200
1768,2023-01-11,132.10084533691406,133.49000549316406,133.50999450683594,130.4600067138672,131.25,69458900
1769,2023-01-12,132.0216827392578,133.41000366210938,134.25999450683594,131.44000244140625,133.8800048828125,71379600
1770,2023-01-13,133.35763549804688,134.75999450683594,134.9199981689453,131.66000366210938,132.02999877929688,57809700
1771,2023-01-17,134.52532958984375,135.94000244140625,137.2899932861328,134.1300048828125,134.8300018310547,63646600
1772,2023-01-18,133.80294799804688,135.2100067138672,138.61000061035156,135.02999877929688,136.82000732421875,69672800
1773,2023-01-19,133.86228942871094,135.27000427246094,136.25,133.77000427246094,134.0800018310547,58280400
1774,2023-01-20,136.4352264404297,137.8699951171875,138.02000427246094,134.22000122070312,135.27999877929688,80223600
1775,2023-01-23,139.6415557861328,141.11000061035156,143.32000732421875,137.89999389648438,138.1199951171875,81760300
1776,2023-01-24,141.0467529296875,142.52999877929688,143.16000366210938,140.3000030517578,140.30999755859375,66435100
1777,2023-01-25,140.3837432861328,141.86000061035156,142.42999267578125,138.80999755859375,140.88999938964844,65799300
1778,2023-01-26,142.46189880371094,143.9600067138672,144.25,141.89999389648438,143.1699981689453,54105100
1779,2023-01-27,144.411376953125,145.92999267578125,147.22999572753906,143.0800018310547,143.16000366210938,70555800
1780,2023-01-30,141.51187133789062,143.0,145.5500030517578,142.85000610351562,144.9600067138672,64015300
1781,2023-01-31,142.78843688964844,144.2899932861328,144.33999633789062,142.27999877929688,142.6999969482422,65874500
1782,2023-02-01,143.91656494140625,145.42999267578125,146.61000061035156,141.32000732421875,143.97000122070312,77663600
1783,2023-02-02,149.25051879882812,150.82000732421875,151.17999267578125,148.1699981689453,148.89999389648438,118339000
1784,2023-02-03,152.89218139648438,154.5,157.3800048828125,147.8300018310547,148.02999877929688,154357300
1785,2023-02-06,150.15103149414062,151.72999572753906,153.10000610351562,150.77999877929688,152.57000732421875,69858300
1786,2023-02-07,153.04061889648438,154.64999389648438,155.22999572753906,150.63999938964844,150.63999938964844,83322600
1787,2023-02-08,150.33905029296875,151.9199981689453,154.5800018310547,151.1699981689453,153.8800048828125,64120100
1788,2023-02-09,149.2999725341797,150.8699951171875,154.3300018310547,150.4199981689453,153.77999877929688,56007100
1789,2023-02-10,149.6666717529297,151.00999450683594,151.33999633789062,149.22000122070312,149.4600067138672,57450700
1790,2023-02-13,152.4814453125,153.85000610351562,154.25999450683594,150.9199981689453,150.9499969482422,62199000
1791,2023-02-14,151.83718872070312,153.1999969482422,153.77000427246094,150.86000061035156,152.1199951171875,61707600
1792,2023-02-15,153.94825744628906,155.3300018310547,155.5,152.8800048828125,153.11000061035156,65573800
1793,2023-02-16,152.34266662597656,153.7100067138672,156.3300018310547,153.35000610351562,153.50999450683594,68167900
1794,2023-02-17,151.1929931640625,152.5500030517578,153.0,150.85000610351562,152.35000610351562,59144100
1795,2023-02-21,147.1591796875,148.47999572753906,151.3000030517578,148.41000366210938,150.1999969482422,58867200
1796,2023-02-22,147.58535766601562,148.91000366210938,149.9499969482422,147.16000366210938,148.8699951171875,51011300
1797,2023-02-23,148.0709991455078,149.39999389648438,150.33999633789062,147.24000549316406,150.08999633789062,48394200
1798,2023-02-24,145.40493774414062,146.7100067138672,147.19000244140625,145.72000122070312,147.11000061035156,55469600
1799,2023-02-27,146.6041717529297,147.9199981689453,149.1699981689453,147.4499969482422,147.7100067138672,44998500
1800,2023-02-28,146.0987091064453,147.41000366210938,149.0800018310547,146.8300018310547,147.0500030517578,50547000
1801,2023-03-01,144.0174102783203,145.30999755859375,147.22999572753906,145.00999450683594,146.8300018310547,55479000
1802,2023-03-02,144.612060546875,145.91000366210938,146.7100067138672,143.89999389648438,144.3800048828125,52238100
1803,2023-03-03,149.6865234375,151.02999877929688,151.11000061035156,147.3300018310547,148.0399932861328,70732300
1804,2023-03-06,152.4615936279297,153.8300018310547,156.3000030517578,153.4600067138672,153.7899932861328,87558000
1805,2023-03-07,150.25143432617188,151.60000610351562,154.02999877929688,151.1300048828125,153.6999969482422,56182000
1806,2023-03-08,151.5101318359375,152.8699951171875,153.47000122070312,151.8300018310547,152.80999755859375,47204800
1807,2023-03-09,149.25042724609375,150.58999633789062,154.5399932861328,150.22999572753906,153.55999755859375,53833600
1808,2023-03-10,147.1790008544922,148.5,150.94000244140625,147.61000061035156,150.2100067138672,68572400
1809,2023-03-13,149.13148498535156,150.47000122070312,153.13999938964844,147.6999969482422,147.80999755859375,84457100
1810,2023-03-14,151.23263549804688,152.58999633789062,153.39999389648438,150.10000610351562,151.27999877929688,73695900
1811,2023-03-15,151.62905883789062,152.99000549316406,153.25,149.9199981689453,151.19000244140625,77167900
1812,2023-03-16,154.463623046875,155.85000610351562,156.4600067138672,151.63999938964844,152.16000366210938,76161100
1813,2023-03-17,153.62118530273438,155.0,156.74000549316406,154.27999877929688,156.0800018310547,98944600
1814,2023-03-20,155.9998321533203,157.39999389648438,157.82000732421875,154.14999389648438,155.07000732421875,73641400
1815,2023-03-21,157.86309814453125,159.27999877929688,159.39999389648438,156.5399932861328,157.32000732421875,73938300
1816,2023-03-22,156.426025390625,157.8300018310547,162.13999938964844,157.80999755859375,159.3000030517578,75701800
1817,2023-03-23,157.51620483398438,158.92999267578125,161.5500030517578,157.67999267578125,158.8300018310547,67622100
1818,2023-03-24,158.82447814941406,160.25,160.33999633789062,157.85000610351562,158.86000061035156,59196500
1819,2023-03-27,156.87200927734375,158.27999877929688,160.77000427246094,157.8699951171875,159.94000244140625,52390300
1820,2023-03-28,156.24758911132812,157.64999389648438,158.49000549316406,155.97999572753906,157.97000122070312,45992200
1821,2023-03-29,159.3398895263672,160.77000427246094,161.0500030517578,159.35000610351562,159.3699951171875,51305700
1822,2023-03-30,160.91571044921875,162.36000061035156,162.47000122070312,161.27000427246094,161.52999877929688,49501700
1823,2023-03-31,163.43312072753906,164.89999389648438,165.0,161.91000366210938,162.44000244140625,68749800
1824,2023-04-03,164.69183349609375,166.1699981689453,166.2899932861328,164.22000122070312,164.27000427246094,56976200
1825,2023-04-04,164.15663146972656,165.6300048828125,166.83999633789062,165.11000061035156,166.60000610351562,46278300
1826,2023-04-05,162.30325317382812,163.75999450683594,165.0500030517578,161.8000030517578,164.74000549316406,51511700
1827,2023-04-06,163.1952667236328,164.66000366210938,164.9600067138672,162.0,162.42999267578125,45390100
1828,2023-04-10,160.58863830566406,162.02999877929688,162.02999877929688,160.0800018310547,161.4199981689453,47716900
1829,2023-04-11,159.36961364746094,160.8000030517578,162.36000061035156,160.50999450683594,162.35000610351562,47644200
1830,2023-04-12,158.67584228515625,160.10000610351562,162.05999755859375,159.77999877929688,161.22000122070312,50133100
1831,2023-04-13,164.08726501464844,165.55999755859375,165.8000030517578,161.4199981689453,161.6300048828125,68445600
1832,2023-04-14,163.74037170410156,165.2100067138672,166.32000732421875,163.82000732421875,164.58999633789062,49386500
1833,2023-04-17,163.7602081298828,165.22999572753906,165.38999938964844,164.02999877929688,165.08999633789062,41516200
1834,2023-04-18,164.9891815185547,166.47000122070312,167.41000366210938,165.64999389648438,166.10000610351562,49923000
1835,2023-04-19,166.13885498046875,167.6300048828125,168.16000366210938,165.5399932861328,165.8000030517578,47720200
1836,2023-04-20,165.1675262451172,166.64999389648438,167.8699951171875,165.55999755859375,166.08999633789062,52456400
1837,2023-04-21,163.5520782470703,165.02000427246094,166.4499969482422,164.49000549316406,165.0500030517578,58337300
1838,2023-04-24,163.85931396484375,165.3300018310547,165.60000610351562,163.88999938964844,165.0,41949600
1839,2023-04-25,162.3131866455078,163.77000427246094,166.30999755859375,163.72999572753906,165.19000244140625,48714100
1840,2023-04-26,162.30325317382812,163.75999450683594,165.27999877929688,162.8000030517578,163.05999755859375,45498800
1841,2023-04-27,166.91189575195312,168.41000366210938,168.55999755859375,165.19000244140625,165.19000244140625,64902300
1842,2023-04-28,168.17059326171875,169.67999267578125,169.85000610351562,167.8800048828125,168.49000549316406,55209200
1843,2023-05-01,168.0814208984375,169.58999633789062,170.4499969482422,168.63999938964844,169.27999877929688,52472900
1844,2023-05-02,167.04074096679688,168.5399932861328,170.35000610351562,167.5399932861328,170.08999633789062,48425700
1845,2023-05-03,165.96046447753906,167.4499969482422,170.9199981689453,167.16000366210938,169.5,65136000
1846,2023-05-04,164.31517028808594,165.7899932861328,167.0399932861328,164.30999755859375,164.88999938964844,81235400
1847,2023-05-05,172.02601623535156,173.57000732421875,174.3000030517578,170.75999450683594,170.97999572753906,113316400
1848,2023-05-08,171.95660400390625,173.5,173.85000610351562,172.11000061035156,172.47999572753906,55962800
1849,2023-05-09,170.24203491210938,171.77000427246094,173.5399932861328,171.60000610351562,173.0500030517578,45326900
1850,2023-05-10,172.01608276367188,173.55999755859375,174.02999877929688,171.89999389648438,173.02000427246094,53724500
1851,2023-05-11,172.2043914794922,173.75,174.58999633789062,172.1699981689453,173.85000610351562,49514700
1852,2023-05-12,171.27146911621094,172.57000732421875,174.05999755859375,171.0,173.6199951171875,45497800
1853,2023-05-15,170.77525329589844,172.07000732421875,173.2100067138672,171.47000122070312,173.16000366210938,37266700
1854,2023-05-16,170.77525329589844,172.07000732421875,173.13999938964844,171.8000030517578,171.99000549316406,42110300
1855,2023-05-17,171.3905792236328,172.69000244140625,172.92999267578125,170.4199981689453,171.7100067138672,57951600
1856,2023-05-18,173.73280334472656,175.0500030517578,175.24000549316406,172.5800018310547,173.0,65496700
1857,2023-05-19,173.8419952392578,175.16000366210938,176.38999938964844,174.94000244140625,176.38999938964844,55772400
1858,2023-05-22,172.88919067382812,174.1999969482422,174.7100067138672,173.4499969482422,173.97999572753906,43570900
1859,2023-05-23,170.26907348632812,171.55999755859375,173.3800048828125,171.27999877929688,173.1300048828125,50747300
1860,2023-05-24,170.54696655273438,171.83999633789062,172.4199981689453,170.52000427246094,171.08999633789062,45143500
1861,2023-05-25,171.68832397460938,172.99000549316406,173.89999389648438,171.69000244140625,172.41000366210938,56058300
1862,2023-05-26,174.1099395751953,175.42999267578125,175.77000427246094,173.11000061035156,173.32000732421875,54835000
1863,2023-05-30,175.96588134765625,177.3000030517578,178.99000549316406,176.57000732421875,176.9600067138672,55964400
1864,2023-05-31,175.916259765625,177.25,179.35000610351562,176.75999450683594,177.3300018310547,99625300
1865,2023-06-01,178.73486328125,180.08999633789062,180.1199951171875,176.92999267578125,177.6999969482422,68901800
1866,2023-06-02,179.58840942382812,180.9499969482422,181.77999877929688,179.25999450683594,181.02999877929688,61945900
1867,2023-06-05,178.22872924804688,179.5800018310547,184.9499969482422,178.0399932861328,182.6300048828125,121946500
1868,2023-06-06,177.8614959716797,179.2100067138672,180.1199951171875,177.42999267578125,179.97000122070312,64848400
1869,2023-06-07,176.48199462890625,177.82000732421875,181.2100067138672,177.32000732421875,178.44000244140625,61944600
1870,2023-06-08,179.21128845214844,180.57000732421875,180.83999633789062,177.4600067138672,177.89999389648438,50214900
1871,2023-06-09,179.59832763671875,180.9600067138672,182.22999572753906,180.6300048828125,181.5,48870700
1872,2023-06-12,182.4070281982422,183.7899932861328,183.88999938964844,180.97000122070312,181.27000427246094,54274900
1873,2023-06-13,181.9306640625,183.30999755859375,184.14999389648438,182.44000244140625,182.8000030517578,54929100
1874,2023-06-14,182.5658416748047,183.9499969482422,184.38999938964844,182.02000427246094,183.3699951171875,57462900
1875,2023-06-15,184.61033630371094,186.00999450683594,186.52000427246094,183.77999877929688,183.9600067138672,65433200
1876,2023-06-16,183.52853393554688,184.9199981689453,186.99000549316406,184.27000427246094,186.72999572753906,101235600
1877,2023-06-20,183.61785888671875,185.00999450683594,186.10000610351562,184.41000366210938,184.41000366210938,49799100
1878,2023-06-21,182.57577514648438,183.9600067138672,185.41000366210938,182.58999633789062,184.89999389648438,49515700
1879,2023-06-22,185.59288024902344,187.0,187.0500030517578,183.6699981689453,183.74000549316406,51245300
1880,2023-06-23,185.27529907226562,186.67999267578125,187.55999755859375,185.00999450683594,185.5500030517578,53079300
1881,2023-06-26,183.8759002685547,185.27000427246094,188.0500030517578,185.22999572753906,186.8300018310547,48088700
1882,2023-06-27,186.6448974609375,188.05999755859375,188.38999938964844,185.6699981689453,185.88999938964844,50730800
1883,2023-06-28,187.82595825195312,189.25,189.89999389648438,187.60000610351562,187.92999267578125,51216800
1884,2023-06-29,188.1634063720703,189.58999633789062,190.07000732421875,188.94000244140625,189.0800018310547,46347300
1885,2023-06-30,192.5104522705078,193.97000122070312,194.47999572753906,191.25999450683594,191.6300048828125,85069600
1886,2023-07-03,191.01181030273438,192.4600067138672,193.8800048828125,191.75999450683594,193.77999877929688,31458200
1887,2023-07-05,189.8903045654297,191.3300018310547,192.97999572753906,190.6199951171875,191.57000732421875,46920300
1888,2023-07-06,190.36669921875,191.80999755859375,192.02000427246094,189.1999969482422,189.83999633789062,45094300
1889,2023-07-07,189.24517822265625,190.67999267578125,192.6699981689453,190.24000549316406,191.41000366210938,46778000
1890,2023-07-10,187.19078063964844,188.61000061035156,189.99000549316406,187.0399932861328,189.25999450683594,59922200
1891,2023-07-11,186.66476440429688,188.0800018310547,189.3000030517578,186.60000610351562,189.16000366210938,46638100
1892,2023-07-12,188.342041015625,189.77000427246094,191.6999969482422,188.47000122070312,189.67999267578125,60750200
1893,2023-07-13,189.10623168945312,190.5399932861328,191.19000244140625,189.77999877929688,190.5,41342300
1894,2023-07-14,189.255126953125,190.69000244140625,191.17999267578125,189.6300048828125,190.22999572753906,41573900
1895,2023-07-17,192.53028869628906,193.99000549316406,194.32000732421875,191.80999755859375,191.89999389648438,50520200
1896,2023-07-18,192.27224731445312,193.72999572753906,194.3300018310547,192.4199981689453,193.35000610351562,48353800
1897,2023-07-19,193.6319580078125,195.10000610351562,198.22999572753906,192.64999389648438,193.10000610351562,80507300
1898,2023-07-20,191.67677307128906,193.1300048828125,196.47000122070312,192.5,195.08999633789062,59581200
1899,2023-07-21,190.49569702148438,191.94000244140625,194.97000122070312,191.22999572753906,194.10000610351562,71917800
1900,2023-07-24,191.29962158203125,192.75,194.91000366210938,192.25,193.41000366210938,45377800
1901,2023-07-25,192.16307067871094,193.6199951171875,194.44000244140625,192.9199981689453,193.3300018310547,37283200
1902,2023-07-26,193.0364532470703,194.5,195.63999938964844,193.32000732421875,193.6699981689453,47471900
1903,2023-07-27,191.76608276367188,193.22000122070312,197.1999969482422,192.5500030517578,196.02000427246094,47460200
1904,2023-07-28,194.35643005371094,195.8300018310547,196.6300048828125,194.13999938964844,194.6699981689453,48291400
1905,2023-07-31,194.97177124023438,196.4499969482422,196.49000549316406,195.25999450683594,196.05999755859375,38824100
1906,2023-08-01,194.1381072998047,195.61000061035156,196.72999572753906,195.27999877929688,196.24000549316406,35175100
1907,2023-08-02,191.1309051513672,192.5800018310547,195.17999267578125,191.85000610351562,195.0399932861328,50389300
1908,2023-08-03,189.73150634765625,191.1699981689453,192.3699951171875,190.69000244140625,191.57000732421875,61235200
1909,2023-08-04,180.62057495117188,181.99000549316406,187.3800048828125,181.9199981689453,185.52000427246094,115799700
1910,2023-08-07,177.5042266845703,178.85000610351562,183.1300048828125,177.35000610351562,182.1300048828125,97576100
1911,2023-08-08,178.4470672607422,179.8000030517578,180.27000427246094,177.5800018310547,179.69000244140625,67823000
1912,2023-08-09,176.84918212890625,178.19000244140625,180.92999267578125,177.00999450683594,180.8699951171875,60378500
1913,2023-08-10,176.63082885742188,177.97000122070312,180.75,177.60000610351562,179.47999572753906,54686900
1914,2023-08-11,176.69046020507812,177.7899932861328,178.6199951171875,176.5500030517578,177.32000732421875,51988100
1915,2023-08-14,178.35015869140625,179.4600067138672,179.69000244140625,177.30999755859375,177.97000122070312,43675600
1916,2023-08-15,176.35256958007812,177.4499969482422,179.47999572753906,177.0500030517578,178.8800048828125,43622600
1917,2023-08-16,175.47802734375,176.57000732421875,178.5399932861328,176.5,177.1300048828125,46964900
1918,2023-08-17,172.92391967773438,174.0,177.50999450683594,173.47999572753906,177.13999938964844,66062900
1919,2023-08-18,173.41090393066406,174.49000549316406,175.10000610351562,171.9600067138672,172.3000030517578,61114200
1920,2023-08-21,174.7525177001953,175.83999633789062,176.1300048828125,173.74000549316406,175.07000732421875,46311900
1921,2023-08-22,176.13392639160156,177.22999572753906,177.67999267578125,176.25,177.05999755859375,42084200
1922,2023-08-23,179.9998779296875,181.1199951171875,181.5500030517578,178.3300018310547,178.52000427246094,52722800
1923,2023-08-24,175.2891845703125,176.3800048828125,181.10000610351562,176.00999450683594,180.6699981689453,54945800
1924,2023-08-25,177.50540161132812,178.61000061035156,179.14999389648438,175.82000732421875,177.3800048828125,51449600
1925,2023-08-28,179.07562255859375,180.19000244140625,180.58999633789062,178.5500030517578,180.08999633789062,43820700
1926,2023-08-29,182.98130798339844,184.1199951171875,184.89999389648438,179.5,179.6999969482422,53003900
1927,2023-08-30,186.489501953125,187.64999389648438,187.85000610351562,184.74000549316406,184.94000244140625,60813900
1928,2023-08-31,186.70811462402344,187.8699951171875,189.1199951171875,187.47999572753906,187.83999633789062,60794500
1929,2023-09-01,188.28829956054688,189.4600067138672,189.9199981689453,188.27999877929688,189.49000549316406,45732600
1930,2023-09-05,188.5268096923828,189.6999969482422,189.97999572753906,187.61000061035156,188.27999877929688,45280000
1931,2023-09-06,181.77879333496094,182.91000366210938,188.85000610351562,181.47000122070312,188.39999389648438,81755800
1932,2023-09-07,176.46188354492188,177.55999755859375,178.2100067138672,173.5399932861328,175.17999267578125,112488800
1933,2023-09-08,177.07803344726562,178.17999267578125,180.24000549316406,177.7899932861328,178.35000610351562,65551300
1934,2023-09-11,178.25076293945312,179.36000061035156,180.3000030517578,177.33999633789062,180.07000732421875,58953100
1935,2023-09-12,175.20968627929688,176.3000030517578,180.1300048828125,174.82000732421875,179.49000549316406,90370200
1936,2023-09-13,173.1326141357422,174.2100067138672,177.3000030517578,173.97999572753906,176.50999450683594,84267900
1937,2023-09-14,174.6531524658203,175.74000549316406,176.10000610351562,173.5800018310547,174.0,60895800
1938,2023-09-15,173.9276580810547,175.00999450683594,176.5,173.82000732421875,176.47999572753906,109205100
1939,2023-09-18,176.86935424804688,177.97000122070312,179.3800048828125,176.1699981689453,176.47999572753906,67257600
1940,2023-09-19,177.96255493164062,179.07000732421875,179.6300048828125,177.1300048828125,177.52000427246094,51826900
1941,2023-09-20,174.40469360351562,175.49000549316406,179.6999969482422,175.39999389648438,179.25999450683594,58436200
1942,2023-09-21,172.85433959960938,173.92999267578125,176.3000030517578,173.86000061035156,174.5500030517578,63047900
1943,2023-09-22,173.7090301513672,174.7899932861328,177.0800018310547,174.0500030517578,174.6699981689453,56725400
1944,2023-09-25,174.99105834960938,176.0800018310547,176.97000122070312,174.14999389648438,174.1999969482422,46172700
1945,2023-09-26,170.89651489257812,171.9600067138672,175.1999969482422,171.66000366210938,174.82000732421875,64588900
1946,2023-09-27,169.37599182128906,170.42999267578125,173.0399932861328,169.0500030517578,172.6199951171875,66921800
1947,2023-09-28,169.63438415527344,170.69000244140625,172.02999877929688,167.6199951171875,169.33999633789062,56294400
1948,2023-09-29,170.15118408203125,171.2100067138672,173.07000732421875,170.33999633789062,172.02000427246094,51814200
1949,2023-10-02,172.67544555664062,173.75,174.3000030517578,170.92999267578125,171.22000122070312,52164500
1950,2023-10-03,171.33377075195312,172.39999389648438,173.6300048828125,170.82000732421875,172.25999450683594,49594600
1951,2023-10-04,172.5860137939453,173.66000366210938,174.2100067138672,170.97000122070312,171.08999633789062,53020300
1952,2023-10-05,173.82827758789062,174.91000366210938,175.4499969482422,172.67999267578125,173.7899932861328,48527900
1953,2023-10-06,176.39231872558594,177.49000549316406,177.99000549316406,173.17999267578125,173.8000030517578,57224100
1954,2023-10-09,177.883056640625,178.99000549316406,179.0500030517578,175.8000030517578,176.80999755859375,42390800
1955,2023-10-10,177.28675842285156,178.38999938964844,179.72000122070312,177.9499969482422,178.10000610351562,43698000
1956,2023-10-11,178.6880340576172,179.8000030517578,179.85000610351562,177.60000610351562,178.1999969482422,47551100
1957,2023-10-12,179.5924072265625,180.7100067138672,182.33999633789062,179.0399932861328,180.07000732421875,56743100
1958,2023-10-13,177.74392700195312,178.85000610351562,181.92999267578125,178.13999938964844,181.4199981689453,51427100
1959,2023-10-16,177.61471557617188,178.72000122070312,179.0800018310547,176.50999450683594,176.75,52517000
1960,2023-10-17,176.05441284179688,177.14999389648438,178.4199981689453,174.8000030517578,176.64999389648438,57549400
1961,2023-10-18,174.7525177001953,175.83999633789062,177.5800018310547,175.11000061035156,175.5800018310547,54764400
1962,2023-10-19,174.37489318847656,175.4600067138672,177.83999633789062,175.19000244140625,176.0399932861328,59302900
1963,2023-10-20,171.8108367919922,172.8800048828125,175.4199981689453,172.63999938964844,175.30999755859375,64189300
1964,2023-10-23,171.93008422851562,173.0,174.00999450683594,169.92999267578125,170.91000366210938,55980100
1965,2023-10-24,172.36737060546875,173.44000244140625,173.6699981689453,171.4499969482422,173.0500030517578,43816600
1966,2023-10-25,170.04183959960938,171.10000610351562,173.05999755859375,170.64999389648438,171.8800048828125,57157000
1967,2023-10-26,165.85787963867188,166.88999938964844,171.3800048828125,165.6699981689453,170.3699951171875,70625300
1968,2023-10-27,167.1796417236328,168.22000122070312,168.9600067138672,166.8300018310547,166.91000366210938,58499100
1969,2023-10-30,169.23684692382812,170.2899932861328,171.1699981689453,168.8699951171875,169.02000427246094,51131000
1970,2023-10-31,169.71388244628906,170.77000427246094,170.89999389648438,167.89999389648438,169.35000610351562,44846000
1971,2023-11-01,172.8940887451172,173.97000122070312,174.22999572753906,170.1199951171875,171.0,56934900
1972,2023-11-02,176.47181701660156,177.57000732421875,177.77999877929688,175.4600067138672,175.52000427246094,77334800
1973,2023-11-03,175.55751037597656,176.64999389648438,176.82000732421875,173.35000610351562,174.24000549316406,79763700
1974,2023-11-06,178.12155151367188,179.22999572753906,179.42999267578125,176.2100067138672,176.3800048828125,63841300
1975,2023-11-07,180.69552612304688,181.82000732421875,182.44000244140625,178.97000122070312,179.17999267578125,70530000
1976,2023-11-08,181.75892639160156,182.88999938964844,183.4499969482422,181.58999633789062,182.35000610351562,49340300
1977,2023-11-09,181.28189086914062,182.41000366210938,184.1199951171875,181.80999755859375,182.9600067138672,53763500
1978,2023-11-10,185.4912872314453,186.39999389648438,186.57000732421875,183.52999877929688,183.97000122070312,66133400
1979,2023-11-13,183.89907836914062,184.8000030517578,186.02999877929688,184.2100067138672,185.82000732421875,43627500
1980,2023-11-14,186.5261993408203,187.44000244140625,188.11000061035156,186.3000030517578,187.6999969482422,60108400
1981,2023-11-15,187.09341430664062,188.00999450683594,189.5,187.77999877929688,187.85000610351562,53790500
1982,2023-11-16,188.78514099121094,189.7100067138672,190.9600067138672,188.64999389648438,189.57000732421875,54412900
1983,2023-11-17,188.76524353027344,189.69000244140625,190.3800048828125,188.57000732421875,190.25,50922700
1984,2023-11-20,190.51663208007812,191.4499969482422,191.91000366210938,189.8800048828125,189.88999938964844,46505100
1985,2023-11-21,189.71060180664062,190.63999938964844,191.52000427246094,189.74000549316406,191.41000366210938,38134500
1986,2023-11-22,190.37733459472656,191.30999755859375,192.92999267578125,190.8300018310547,191.49000549316406,39617700
1987,2023-11-24,189.04385375976562,189.97000122070312,190.89999389648438,189.25,190.8699951171875,24048300
1988,2023-11-27,188.86473083496094,189.7899932861328,190.6699981689453,188.89999389648438,189.9199981689453,40552600
1989,2023-11-28,189.47177124023438,190.39999389648438,191.0800018310547,189.39999389648438,189.77999877929688,38415400
1990,2023-11-29,188.44679260253906,189.3699951171875,192.08999633789062,188.97000122070312,190.89999389648438,43014200
1991,2023-11-30,189.02395629882812,189.9499969482422,190.32000732421875,188.19000244140625,189.83999633789062,48794400
1992,2023-12-01,190.30767822265625,191.24000549316406,191.55999755859375,189.22999572753906,190.3300018310547,45679300
1993,2023-12-04,188.50648498535156,189.42999267578125,190.0500030517578,187.4499969482422,189.97999572753906,43389500
1994,2023-12-05,192.47705078125,193.4199981689453,194.39999389648438,190.17999267578125,190.2100067138672,66628400
1995,2023-12-06,191.38243103027344,192.32000732421875,194.75999450683594,192.11000061035156,194.4499969482422,41089700
1996,2023-12-07,193.3229217529297,194.27000427246094,195.0,193.58999633789062,193.6300048828125,47477700
1997,2023-12-08,194.75588989257812,195.7100067138672,195.99000549316406,193.6699981689453,194.1999969482422,53377300
1998,2023-12-11,192.2382049560547,193.17999267578125,193.49000549316406,191.4199981689453,193.11000061035156,60943700
1999,2023-12-12,193.76077270507812,194.7100067138672,194.72000122070312,191.72000122070312,193.0800018310547,52696900
2000,2023-12-13,196.9949188232422,197.9600067138672,198.0,194.85000610351562,195.08999633789062,70404200
2001,2023-12-14,197.14418029785156,198.11000061035156,199.6199951171875,196.16000366210938,198.02000427246094,66831600
2002,2023-12-15,196.6068115234375,197.57000732421875,198.39999389648438,197.0,197.52999877929688,128256700
2003,2023-12-18,194.93499755859375,195.88999938964844,196.6300048828125,194.38999938964844,196.08999633789062,55751900
2004,2023-12-19,195.97988891601562,196.94000244140625,196.9499969482422,195.88999938964844,196.16000366210938,40714100
2005,2023-12-20,193.88018798828125,194.8300018310547,197.67999267578125,194.8300018310547,196.89999389648438,52242800
2006,2023-12-21,193.7308807373047,194.67999267578125,197.0800018310547,193.5,196.10000610351562,46482500
2007,2023-12-22,192.65618896484375,193.60000610351562,195.41000366210938,192.97000122070312,195.17999267578125,37122800
2008,2023-12-26,192.10885620117188,193.0500030517578,193.88999938964844,192.8300018310547,193.61000061035156,28919300
2009,2023-12-27,192.20835876464844,193.14999389648438,193.5,191.08999633789062,192.49000549316406,48087700
2010,2023-12-28,192.63626098632812,193.5800018310547,194.66000366210938,193.1699981689453,194.13999938964844,34049900
2011,2023-12-29,191.59140014648438,192.52999877929688,194.39999389648438,191.72999572753906,193.89999389648438,42628800
2012,2024-01-02,184.73497009277344,185.63999938964844,188.44000244140625,183.88999938964844,187.14999389648438,82488700
2013,2024-01-03,183.3517608642578,184.25,185.8800048828125,183.42999267578125,184.22000122070312,58414500
2014,2024-01-04,181.02316284179688,181.91000366210938,183.08999633789062,180.8800048828125,182.14999389648438,71983600
2015,2024-01-05,180.29672241210938,181.17999267578125,182.75999450683594,180.1699981689453,181.99000549316406,62303300
2016,2024-01-08,184.65536499023438,185.55999755859375,185.60000610351562,181.5,182.08999633789062,59144500
2017,2024-01-09,184.23741149902344,185.13999938964844,185.14999389648438,182.72999572753906,183.9199981689453,42841800
2018,2024-01-10,185.28228759765625,186.19000244140625,186.39999389648438,183.9199981689453,184.35000610351562,46792900
2019,2024-01-11,184.6852264404297,185.58999633789062,187.0500030517578,183.6199951171875,186.5399932861328,49128400
2020,2024-01-12,185.01361083984375,185.9199981689453,186.74000549316406,185.19000244140625,186.05999755859375,40444700
2021,2024-01-16,182.73477172851562,183.6300048828125,184.25999450683594,180.92999267578125,182.16000366210938,65603000
2022,2024-01-17,181.78939819335938,182.67999267578125,182.92999267578125,180.3000030517578,181.27000427246094,47317400
2023,2024-01-18,187.71041870117188,188.6300048828125,189.13999938964844,185.8300018310547,186.08999633789062,78005800
2024,2024-01-19,190.62611389160156,191.55999755859375,191.9499969482422,188.82000732421875,189.3300018310547,68741000
2025,2024-01-22,192.9447479248047,193.88999938964844,195.3300018310547,192.25999450683594,192.3000030517578,60133900
2026,2024-01-23,194.2284698486328,195.17999267578125,195.75,193.8300018310547,195.02000427246094,42355600
2027,2024-01-24,193.55177307128906,194.5,196.3800048828125,194.33999633789062,195.4199981689453,53631300
2028,2024-01-25,193.223388671875,194.1699981689453,196.27000427246094,193.11000061035156,195.22000122070312,54822100
2029,2024-01-26,191.48191833496094,192.4199981689453,194.75999450683594,191.94000244140625,194.27000427246094,44594000
2030,2024-01-29,190.7952880859375,191.72999572753906,192.1999969482422,189.5800018310547,192.00999450683594,47145600
2031,2024-01-30,187.12326049804688,188.0399932861328,191.8000030517578,187.47000122070312,190.94000244140625,55859400
2032,2024-01-31,183.5010223388672,184.39999389648438,187.10000610351562,184.35000610351562,187.0399932861328,55467800
2033,2024-02-01,185.9490509033203,186.86000061035156,186.9499969482422,183.82000732421875,183.99000549316406,64885400
2034,2024-02-02,184.94395446777344,185.85000610351562,187.3300018310547,179.25,179.86000061035156,102518000
2035,2024-02-05,186.76502990722656,187.67999267578125,189.25,185.83999633789062,188.14999389648438,69668800
2036,2024-02-06,188.3771514892578,189.3000030517578,189.30999755859375,186.77000427246094,186.86000061035156,43490800
2037,2024-02-07,188.4866180419922,189.41000366210938,191.0500030517578,188.61000061035156,190.63999938964844,53439000
2038,2024-02-08,187.4019317626953,188.32000732421875,189.5399932861328,187.35000610351562,189.38999938964844,40962000
2039,2024-02-09,188.1691436767578,188.85000610351562,189.99000549316406,188.0,188.64999389648438,45155200
2040,2024-02-12,186.4752655029297,187.14999389648438,188.6699981689453,186.7899932861328,188.4199981689453,41781900
2041,2024-02-13,184.37286376953125,185.0399932861328,186.2100067138672,183.50999450683594,185.77000427246094,56529500
2042,2024-02-14,183.48606872558594,184.14999389648438,185.52999877929688,182.44000244140625,185.32000732421875,54630500
2043,2024-02-15,183.19712829589844,183.86000061035156,184.49000549316406,181.35000610351562,183.5500030517578,65434500
2044,2024-02-16,181.65269470214844,182.30999755859375,184.85000610351562,181.6699981689453,183.4199981689453,49701400
2045,2024-02-20,180.90541076660156,181.55999755859375,182.42999267578125,180.0,181.7899932861328,53665600
2046,2024-02-21,181.66268920898438,182.32000732421875,182.88999938964844,180.66000366210938,181.94000244140625,41529700
2047,2024-02-22,183.70526123046875,184.3699951171875,184.9600067138672,182.4600067138672,183.47999572753906,52292200
2048,2024-02-23,181.86196899414062,182.52000427246094,185.0399932861328,182.22999572753906,185.00999450683594,45119700
2049,2024-02-26,180.50686645507812,181.16000366210938,182.75999450683594,180.64999389648438,182.24000549316406,40867400
2050,2024-02-27,181.9715576171875,182.6300048828125,183.9199981689453,179.55999755859375,181.10000610351562,54318900
2051,2024-02-28,180.7659149169922,181.4199981689453,183.1199951171875,180.1300048828125,182.50999450683594,48953900
2052,2024-02-29,180.09832763671875,180.75,182.57000732421875,179.52999877929688,181.27000427246094,136682600
2053,2024-03-01,179.01226806640625,179.66000366210938,180.52999877929688,177.3800048828125,179.5500030517578,73488000
2054,2024-03-04,174.4687042236328,175.10000610351562,176.89999389648438,173.7899932861328,176.14999389648438,81510100
2055,2024-03-05,169.50665283203125,170.1199951171875,172.0399932861328,169.6199951171875,170.75999450683594,95132400
2056,2024-03-06,168.51026916503906,169.1199951171875,171.24000549316406,168.67999267578125,171.05999755859375,68587700
2057,2024-03-07,168.3907012939453,169.0,170.72999572753906,168.49000549316406,169.14999389648438,71765100
2058,2024-03-08,170.1144561767578,170.72999572753906,173.6999969482422,168.94000244140625,169.0,76114600
2059,2024-03-11,172.12718200683594,172.75,174.3800048828125,172.0500030517578,172.94000244140625,60139500
2060,2024-03-12,172.60543823242188,173.22999572753906,174.02999877929688,171.00999450683594,173.14999389648438,59825400
2061,2024-03-13,170.51303100585938,171.1300048828125,173.19000244140625,170.75999450683594,172.77000427246094,52488700
2062,2024-03-14,172.37628173828125,173.0,174.30999755859375,172.0500030517578,172.91000366210938,72913500
2063,2024-03-15,171.99765014648438,172.6199951171875,172.6199951171875,170.2899932861328,171.1699981689453,121664700
2064,2024-03-18,173.0936737060547,173.72000122070312,177.7100067138672,173.52000427246094,175.57000732421875,75604200
2065,2024-03-19,175.4451904296875,176.0800018310547,176.61000061035156,173.02999877929688,174.33999633789062,55215200
2066,2024-03-20,178.0258331298828,178.6699981689453,178.6699981689453,175.08999633789062,175.72000122070312,53423100
2067,2024-03-21,170.75213623046875,171.3699951171875,177.49000549316406,170.83999633789062,177.0500030517578,106181300
2068,2024-03-22,171.6588592529297,172.27999877929688,173.0500030517578,170.05999755859375,171.75999450683594,71106600
2069,2024-03-25,170.23403930664062,170.85000610351562,171.94000244140625,169.4499969482422,170.57000732421875,54288300
2070,2024-03-26,169.09814453125,169.7100067138672,171.4199981689453,169.5800018310547,170.0,57388400
2071,2024-03-27,172.68515014648438,173.30999755859375,173.60000610351562,170.11000061035156,170.41000366210938,60273300
2072,2024-03-28,170.8617401123047,171.47999572753906,172.22999572753906,170.50999450683594,171.75,65672700
2073,2024-04-01,169.4169921875,170.02999877929688,171.25,169.47999572753906,171.19000244140625,46240500
2074,2024-04-02,168.23126220703125,168.83999633789062,169.33999633789062,168.22999572753906,169.0800018310547,49329500
2075,2024-04-03,169.03836059570312,169.64999389648438,170.67999267578125,168.5800018310547,168.7899932861328,47691700
2076,2024-04-04,168.21136474609375,168.82000732421875,171.9199981689453,168.82000732421875,170.2899932861328,53704400
2077,2024-04-05,168.96861267089844,169.5800018310547,170.38999938964844,168.9499969482422,169.58999633789062,42055200
2078,2024-04-08,167.84268188476562,168.4499969482422,169.1999969482422,168.24000549316406,169.02999877929688,37425500
2079,2024-04-09,169.0582733154297,169.6699981689453,170.0800018310547,168.35000610351562,168.6999969482422,42451200
2080,2024-04-10,167.17507934570312,167.77999877929688,169.08999633789062,167.11000061035156,168.8000030517578,49709300
2081,2024-04-11,174.40892028808594,175.0399932861328,175.4600067138672,168.16000366210938,168.33999633789062,91070300
2082,2024-04-12,175.91348266601562,176.5500030517578,178.36000061035156,174.2100067138672,174.25999450683594,101593300
2083,2024-04-15,172.0673828125,172.69000244140625,176.6300048828125,172.5,175.36000061035156,73531800
2084,2024-04-16,168.7693328857422,169.3800048828125,173.75999450683594,168.27000427246094,171.75,73711200
2085,2024-04-17,167.39430236816406,168.0,170.64999389648438,168.0,169.61000061035156,50901200
2086,2024-04-18,166.437744140625,167.0399932861328,168.63999938964844,166.5500030517578,168.02999877929688,43122900
2087,2024-04-19,164.40512084960938,165.0,166.39999389648438,164.0800018310547,166.2100067138672,67772100
2088,2024-04-22,165.24208068847656,165.83999633789062,167.25999450683594,164.77000427246094,165.52000427246094,48116400
2089,2024-04-23,166.29824829101562,166.89999389648438,167.0500030517578,164.9199981689453,165.35000610351562,49537800
2090,2024-04-24,168.41062927246094,169.02000427246094,169.3000030517578,166.2100067138672,166.5399932861328,48251800
2091,2024-04-25,169.27749633789062,169.88999938964844,170.61000061035156,168.14999389648438,169.52999877929688,50558300
2092,2024-04-26,168.6896209716797,169.3000030517578,171.33999633789062,169.17999267578125,169.8800048828125,44838400
2093,2024-04-29,172.8744659423828,173.5,176.02999877929688,173.10000610351562,173.3699951171875,68169400
2094,2024-04-30,169.7158966064453,170.3300018310547,174.99000549316406,170.0,173.3300018310547,65934800
2095,2024-05-01,168.6896209716797,169.3000030517578,172.7100067138672,169.11000061035156,169.5800018310547,50383100
2096,2024-05-02,172.4061737060547,173.02999877929688,173.4199981689453,170.88999938964844,172.50999450683594,94214900
2097,2024-05-03,182.71884155273438,183.3800048828125,187.0,182.66000366210938,186.64999389648438,163224100
2098,2024-05-06,181.05487060546875,181.7100067138672,184.1999969482422,180.4199981689453,182.35000610351562,78569700
2099,2024-05-07,181.7423858642578,182.39999389648438,184.89999389648438,181.32000732421875,183.4499969482422,77305800
2100,2024-05-08,182.08116149902344,182.74000549316406,183.07000732421875,181.4499969482422,182.85000610351562,45057100
2101,2024-05-09,183.90457153320312,184.57000732421875,184.66000366210938,182.11000061035156,182.55999755859375,48983000
2102,2024-05-10,182.63742065429688,183.0500030517578,185.08999633789062,182.1300048828125,184.89999389648438,50759500
2103,2024-05-13,185.8601531982422,186.27999877929688,187.10000610351562,184.6199951171875,185.44000244140625,72044800
2104,2024-05-14,187.00755310058594,187.42999267578125,188.3000030517578,186.2899932861328,187.50999450683594,52393600
2105,2024-05-15,189.2924041748047,189.72000122070312,190.64999389648438,187.3699951171875,187.91000366210938,70400000
2106,2024-05-16,189.41212463378906,189.83999633789062,191.10000610351562,189.66000366210938,190.47000122070312,52845200
2107,2024-05-17,189.4420623779297,189.8699951171875,190.80999755859375,189.17999267578125,189.50999450683594,41282900
2108,2024-05-20,190.6094207763672,191.0399932861328,191.9199981689453,189.00999450683594,189.3300018310547,44361300
2109,2024-05-21,191.91647338867188,192.35000610351562,192.72999572753906,190.9199981689453,191.08999633789062,42309400
2110,2024-05-22,190.46974182128906,190.89999389648438,192.82000732421875,190.27000427246094,192.27000427246094,34648500
2111,2024-05-23,186.45880126953125,186.8800048828125,191.0,186.6300048828125,190.97999572753906,51005900
2112,2024-05-24,189.5518035888672,189.97999572753906,190.5800018310547,188.0399932861328,188.82000732421875,36294600
2113,2024-05-28,189.56179809570312,189.99000549316406,193.0,189.10000610351562,191.50999450683594,52280100
2114,2024-05-29,189.86111450195312,190.2899932861328,192.25,189.50999450683594,189.61000061035156,53068000
2115,2024-05-30,190.85885620117188,191.2899932861328,192.17999267578125,190.6300048828125,190.75999450683594,49947900
2116,2024-05-31,191.8166961669922,192.25,192.57000732421875,189.91000366210938,191.44000244140625,75158300
2117,2024-06-03,193.59266662597656,194.02999877929688,194.99000549316406,192.52000427246094,192.89999389648438,50080500
2118,2024-06-04,193.91195678710938,194.35000610351562,195.32000732421875,193.02999877929688,194.63999938964844,47471400
2119,2024-06-05,195.42852783203125,195.8699951171875,196.89999389648438,194.8699951171875,195.39999389648438,54156800
2120,2024-06-06,194.04165649414062,194.47999572753906,196.5,194.1699981689453,195.69000244140625,41181800
2121,2024-06-07,196.4462432861328,196.88999938964844,196.94000244140625,194.13999938964844,194.64999389648438,53103900
2122,2024-06-10,192.68472290039062,193.1199951171875,197.3000030517578,192.14999389648438,196.89999389648438,97262100
2123,2024-06-11,206.68310546875,207.14999389648438,207.16000366210938,193.6300048828125,193.64999389648438,172373300
2124,2024-06-12,212.58978271484375,213.07000732421875,220.1999969482422,206.89999389648438,207.3699951171875,198134300
2125,2024-06-13,213.75714111328125,214.24000549316406,216.75,211.60000610351562,214.74000549316406,97862700
2126,2024-06-14,212.01107788085938,212.49000549316406,215.1699981689453,211.3000030517578,213.85000610351562,70122700
2127,2024-06-17,216.18165588378906,216.6699981689453,218.9499969482422,212.72000122070312,213.3699951171875,93728300
2128,2024-06-18,213.8070068359375,214.2899932861328,218.6300048828125,213.0,217.58999633789062,79943300
2129,2024-06-20,209.20741271972656,209.67999267578125,214.24000549316406,208.85000610351562,213.92999267578125,86172500
2130,2024-06-21,207.02235412597656,207.49000549316406,211.88999938964844,207.11000061035156,210.38999938964844,246421400
2131,2024-06-24,207.67086791992188,208.13999938964844,212.6999969482422,206.58999633789062,207.72000122070312,80727000
2132,2024-06-25,208.59878540039062,209.07000732421875,211.3800048828125,208.61000061035156,209.14999389648438,56713900
2133,2024-06-26,212.7693634033203,213.25,214.86000061035156,210.63999938964844,211.5,66213200
2134,2024-06-27,213.61746215820312,214.10000610351562,215.74000549316406,212.35000610351562,214.69000244140625,49772700
2135,2024-06-28,210.14527893066406,210.6199951171875,216.07000732421875,210.3000030517578,215.77000427246094,82542700
2136,2024-07-01,216.261474609375,216.75,217.50999450683594,211.9199981689453,212.08999633789062,60402900
2137,2024-07-02,219.77354431152344,220.27000427246094,220.3800048828125,215.10000610351562,216.14999389648438,58046200
2138,2024-07-03,221.0506591796875,221.5500030517578,221.5500030517578,219.02999877929688,220.0,37369800
2139,2024-07-05,225.82984924316406,226.33999633789062,226.4499969482422,221.64999389648438,221.64999389648438,60412400
2140,2024-07-08,227.30653381347656,227.82000732421875,227.85000610351562,223.25,227.08999633789062,59085900
2141,2024-07-09,228.16458129882812,228.67999267578125,229.39999389648438,226.3699951171875,227.92999267578125,48076100
2142,2024-07-10,232.4548797607422,232.97999572753906,233.0800018310547,229.25,229.3000030517578,62627700
2143,2024-07-11,227.05709838867188,227.57000732421875,232.38999938964844,225.77000427246094,231.38999938964844,64710600
2144,2024-07-12,230.0203857421875,230.5399932861328,232.63999938964844,228.67999267578125,228.9199981689453,53046500
2145,2024-07-15,233.87168884277344,234.39999389648438,237.22999572753906,233.08999633789062,236.47999572753906,62631300
2146,2024-07-16,234.29075622558594,234.82000732421875,236.27000427246094,232.3300018310547,235.0,43234300
2147,2024-07-17,228.3641357421875,228.8800048828125,231.4600067138672,226.63999938964844,229.4499969482422,57345900
2148,2024-07-18,223.67471313476562,224.17999267578125,230.44000244140625,222.27000427246094,230.27999877929688,66034600
2149,2024-07-19,223.80442810058594,224.30999755859375,226.8000030517578,223.27999877929688,224.82000732421875,49151500
2150,2024-07-22,223.45523071289062,223.9600067138672,227.77999877929688,223.08999633789062,227.00999450683594,48201800
2151,2024-07-23,224.5028533935547,225.00999450683594,226.94000244140625,222.67999267578125,224.3699951171875,39960300
2152,2024-07-24,218.04742431640625,218.5399932861328,224.8000030517578,217.1300048828125,224.0,61777600
2153,2024-07-25,216.99981689453125,217.49000549316406,220.85000610351562,214.6199951171875,218.92999267578125,51391200
2154,2024-07-26,217.46875,217.9600067138672,219.49000549316406,216.00999450683594,218.6999969482422,41601300
2155,2024-07-29,217.7481231689453,218.24000549316406,219.3000030517578,215.75,216.9600067138672,36311800
2156,2024-07-30,218.30685424804688,218.8000030517578,220.3300018310547,216.1199951171875,219.19000244140625,41643800
2157,2024-07-31,221.5794677734375,222.0800018310547,223.82000732421875,220.6300048828125,221.44000244140625,50036300
2158,2024-08-01,217.8678436279297,218.36000061035156,224.47999572753906,217.02000427246094,224.3699951171875,62501000
2159,2024-08-02,219.3644561767578,219.86000061035156,225.60000610351562,217.7100067138672,219.14999389648438,105568600
2160,2024-08-05,208.79833984375,209.27000427246094,213.5,196.0,199.08999633789062,119548600
2161,2024-08-06,206.76292419433594,207.22999572753906,209.99000549316406,201.07000732421875,205.3000030517578,69660500
2162,2024-08-07,209.34710693359375,209.82000732421875,213.63999938964844,206.38999938964844,206.89999389648438,63516400
2163,2024-08-08,212.8292236328125,213.30999755859375,214.1999969482422,208.8300018310547,213.11000061035156,47161100
2164,2024-08-09,215.7526397705078,216.24000549316406,216.77999877929688,211.97000122070312,212.10000610351562,42201600
2165,2024-08-12,217.2909393310547,217.52999877929688,219.50999450683594,215.60000610351562,216.07000732421875,38028100
2166,2024-08-13,221.02682495117188,221.27000427246094,221.88999938964844,219.00999450683594,219.00999450683594,44155300
2167,2024-08-14,221.47633361816406,221.72000122070312,223.02999877929688,219.6999969482422,220.57000732421875,41960600
2168,2024-08-15,224.47303771972656,224.72000122070312,225.35000610351562,222.75999450683594,224.60000610351562,46414000
2169,2024-08-16,225.80157470703125,226.0500030517578,226.8300018310547,223.64999389648438,223.9199981689453,44340200
2170,2024-08-19,225.64175415039062,225.88999938964844,225.99000549316406,223.0399932861328,225.72000122070312,40687800
2171,2024-08-20,226.2610626220703,226.50999450683594,227.1699981689453,225.4499969482422,225.77000427246094,30299000
2172,2024-08-21,226.15118408203125,226.39999389648438,227.97999572753906,225.0500030517578,226.52000427246094,34765500
2173,2024-08-22,224.2832489013672,224.52999877929688,228.33999633789062,223.89999389648438,227.7899932861328,43695300
2174,2024-08-23,226.5906982421875,226.83999633789062,228.22000122070312,224.3300018310547,225.66000366210938,38677300
2175,2024-08-26,226.93032836914062,227.17999267578125,227.27999877929688,223.88999938964844,226.75999450683594,30602200
2176,2024-08-27,227.77938842773438,228.02999877929688,228.85000610351562,224.88999938964844,226.0,35934600
2177,2024-08-28,226.2410888671875,226.49000549316406,229.86000061035156,225.67999267578125,227.9199981689453,38052200
2178,2024-08-29,229.53746032714844,229.7899932861328,232.9199981689453,228.8800048828125,230.10000610351562,51906300
2179,2024-08-30,228.7483367919922,229.0,230.39999389648438,227.47999572753906,230.19000244140625,52990800
2180,2024-09-03,222.52517700195312,222.77000427246094,229.0,221.1699981689453,228.5500030517578,50190600
2181,2024-09-04,220.6072998046875,220.85000610351562,221.77999877929688,217.47999572753906,221.66000366210938,43840200
2182,2024-09-05,222.13560485839844,222.3800048828125,225.47999572753906,221.52000427246094,221.6300048828125,36615400
2183,2024-09-06,220.57733154296875,220.82000732421875,225.24000549316406,219.77000427246094,223.9499969482422,48423000
2184,2024-09-09,220.66722106933594,220.91000366210938,221.27000427246094,216.7100067138672,220.82000732421875,67180000
2185,2024-09-10,219.86810302734375,220.11000061035156,221.47999572753906,216.72999572753906,218.9199981689453,51591000
2186,2024-09-11,222.41529846191406,222.66000366210938,223.08999633789062,217.88999938964844,221.4600067138672,44587100
2187,2024-09-12,222.52517700195312,222.77000427246094,223.5500030517578,219.82000732421875,222.5,37498200
2188,2024-09-13,222.25547790527344,222.5,224.0399932861328,221.91000366210938,223.5800018310547,36766600
2189,2024-09-16,216.082275390625,216.32000732421875,217.22000122070312,213.9199981689453,216.5399932861328,59357400
2190,2024-09-17,216.55174255371094,216.7899932861328,216.89999389648438,214.5,215.75,45519300
2191,2024-09-18,220.4474639892578,220.69000244140625,222.7100067138672,217.5399932861328,217.5500030517578,59894900
2192,2024-09-19,228.61846923828125,228.8699951171875,229.82000732421875,224.6300048828125,224.99000549316406,66781300
2193,2024-09-20,227.94920349121094,228.1999969482422,233.08999633789062,227.6199951171875,229.97000122070312,318679900
2194,2024-09-23,226.2211151123047,226.47000122070312,229.4499969482422,225.80999755859375,227.33999633789062,54146000
2195,2024-09-24,227.1201171875,227.3699951171875,229.35000610351562,225.72999572753906,228.64999389648438,43556100
2196,2024-09-25,226.1212158203125,226.3699951171875,227.2899932861328,224.02000427246094,224.92999267578125,42308700
2197,2024-09-26,227.26995849609375,227.52000427246094,228.5,225.41000366210938,227.3000030517578,36636700
2198,2024-09-27,227.53965759277344,227.7899932861328,229.52000427246094,227.3000030517578,228.4600067138672,34026000
2199,2024-09-30,232.7439422607422,233.0,233.0,229.64999389648438,230.0399932861328,54541900
2200,2024-10-01,225.96141052246094,226.2100067138672,229.64999389648438,223.74000549316406,229.52000427246094,63285000
2201,2024-10-02,226.53077697753906,226.77999877929688,227.3699951171875,223.02000427246094,225.88999938964844,32880600
2202,2024-10-03,225.42198181152344,225.6699981689453,226.80999755859375,223.32000732421875,225.13999938964844,34044200
2203,2024-10-04,226.55075073242188,226.8000030517578,228.0,224.1300048828125,227.89999389648438,37245100
2204,2024-10-07,221.4463653564453,221.69000244140625,225.69000244140625,221.3300018310547,224.5,39505400
2205,2024-10-08,225.52188110351562,225.77000427246094,225.97999572753906,223.25,224.3000030517578,31855700
2206,2024-10-09,229.28773498535156,229.5399932861328,229.75,224.8300018310547,225.22999572753906,33591100
2207,2024-10-10,228.7882843017578,229.0399932861328,229.5,227.1699981689453,227.77999877929688,28183500
2208,2024-10-11,227.2999267578125,227.5500030517578,229.41000366210938,227.33999633789062,229.3000030517578,31759200
2209,2024-10-14,231.04580688476562,231.3000030517578,231.72999572753906,228.60000610351562,228.6999969482422,39882100
2210,2024-10-15,233.59300231933594,233.85000610351562,237.49000549316406,232.3699951171875,233.61000061035156,64751400
2211,2024-10-16,231.5252685546875,231.77999877929688,232.1199951171875,229.83999633789062,231.60000610351562,34082200
2212,2024-10-17,231.89486694335938,232.14999389648438,233.85000610351562,230.52000427246094,233.42999267578125,32993800
2213,2024-10-18,234.74172973632812,235.0,236.17999267578125,234.00999450683594,236.17999267578125,46431500
2214,2024-10-21,236.22010803222656,236.47999572753906,236.85000610351562,234.4499969482422,234.4499969482422,36254500
2215,2024-10-22,235.60079956054688,235.86000061035156,236.22000122070312,232.60000610351562,233.88999938964844,38846600
2216,2024-10-23,230.5063934326172,230.75999450683594,235.13999938964844,227.75999450683594,234.0800018310547,52287000
2217,2024-10-24,230.31661987304688,230.57000732421875,230.82000732421875,228.41000366210938,229.97999572753906,31109500
2218,2024-10-25,231.1556854248047,231.41000366210938,233.22000122070312,229.57000732421875,229.74000549316406,38802300
2219,2024-10-28,233.14349365234375,233.39999389648438,234.72999572753906,232.5500030517578,233.32000732421875,36087100
2220,2024-10-29,233.41319274902344,233.6699981689453,234.3300018310547,232.32000732421875,233.10000610351562,35417200
2221,2024-10-30,229.8471221923828,230.10000610351562,233.47000122070312,229.5500030517578,232.61000061035156,47070900
2222,2024-10-31,225.66172790527344,225.91000366210938,229.8300018310547,225.3699951171875,229.33999633789062,64370100
