date,Price,adj_close,close,high,low,open,volume,elapsed_time,price_change,price_trend,volume_change,high_low_spread
03-01-2022,1511,179.07659912109375,182.0099945068359,182.8800048828125,177.7100067138672,177.8300018310547,104487900,52584,2.500415047294746,1,63.10357261603159,2.9092330052463407
04-01-2022,1512,176.8038330078125,179.6999969482422,182.94000244140625,179.1199951171875,182.6300048828125,99310400,52608,-1.269159732,0,-4.955119205,2.132652650933553
05-01-2022,1513,172.10084533691406,174.9199981689453,180.1699981689453,174.63999938964844,179.61000061035156,94537600,52632,-2.659988236,0,-4.805941774,3.166513283682855
06-01-2022,1514,169.22792053222656,172,175.3000030517578,171.63999938964844,172.6999969482422,96904000,52656,-1.669333524,0,2.503131029,2.1323722180868923
07-01-2022,1515,169.39517211914062,172.1699981689453,174.13999938964844,171.02999877929688,172.88999938964844,86709100,52680,0.098836145,1,-10.52061834,1.8183948035717503
10-01-2022,1516,169.41485595703125,172.19000244140625,172.5,168.1699981689453,169.0800018310547,106765600,52752,0.011618907285648739,1,23.13079019387816,2.574776641612806
11-01-2022,1517,172.25828552246094,175.0800018310547,175.17999267578125,170.82000732421875,172.32000732421875,76138300,52776,1.6783781570778755,1,-28.68648703,2.552385648413647
12-01-2022,1518,172.7010498046875,175.52999877929688,177.17999267578125,174.82000732421875,176.1199951171875,74805200,52800,0.25702361408266317,1,-1.750892783,1.3499515231032477
13-01-2022,1519,169.41485595703125,172.19000244140625,176.6199951171875,171.7899932861328,175.77999877929688,84505800,52824,-1.902806564,0,12.96781507,2.811573444216773
14-01-2022,1520,170.28067016601562,173.07000732421875,173.77999877929688,171.08999633789062,171.33999633789062,80440800,52848,0.5110661887074208,1,-4.810320712,1.572273364302192
18-01-2022,1521,167.06336975097656,169.8000030517578,172.5399932861328,169.41000366210938,171.50999450683594,90956700,52944,-1.889411298,0,13.072843631589937,1.8475825254488782
19-01-2022,1522,163.5509490966797,166.22999572753906,171.0800018310547,165.94000244140625,170,94815000,52968,-2.102477774,0,4.241908512512005,3.097504708946465
20-01-2022,1523,161.8586426,164.50999450683594,169.67999267578125,164.17999267578125,166.97999572753906,91420500,52992,-1.034711704,0,-3.580129726,3.349981876818127
21-01-2022,1524,159.7924805,162.41000366210938,166.3300018310547,162.3000030517578,164.4199981689453,122848900,53016,-1.276512622,0,34.37784741934249,2.48305527
24-01-2022,1525,159.0152130126953,161.6199951171875,162.3000030517578,154.6999969482422,160.02000427246094,162294600,53088,-0.4864285,0,32.10911941417465,4.912738366800583
25-01-2022,1526,157.20486450195312,159.77999877929688,162.75999450683594,157.02000427246094,158.97999572753906,115798400,53112,-1.13847073,0,-28.64925882,3.655578956942948
26-01-2022,1527,157.1163330078125,159.69000244140625,164.38999938964844,157.82000732421875,163.5,108275300,53136,-0.056325159,0,-6.496721889,4.162965251885063
27-01-2022,1528,156.6538848876953,159.22000122070312,163.83999633789062,158.27999877929688,162.4499969482422,121954600,53160,-0.294321005,0,12.633813990817844,3.512760678212111
28-01-2022,1529,167.5848388671875,170.3300018310547,170.35000610351562,162.8000030517578,165.7100067138672,179935700,53184,6.977766942076213,1,47.54318410293668,4.637593925202505
31-01-2022,1530,171.9630889892578,174.77999877929688,175,169.50999450683594,170.16000366210938,115541600,53256,2.6125737688043937,1,-35.78728401,3.2387503221485052
01-02-2022,1531,171.79586791992188,174.61000061035156,174.83999633789062,172.30999755859375,174.00999450683594,86213900,53280,-0.097264086,0,-25.38280585,1.4682832192813147
02-02-2022,1532,173.0060577392578,175.83999633789062,175.8800048828125,173.3300018310547,174.75,84914300,53304,0.7044245594408194,1,-1.507413538,1.4711838832398496
03-02-2022,1533,170.11338806152344,172.89999389648438,176.24000549316406,172.1199951171875,174.47999572753906,89418100,53328,-1.671975946,0,5.303935850616437,2.3936849249684573
04-02-2022,1534,169.8277587890625,172.38999938964844,174.10000610351562,170.67999267578125,171.67999267578125,82465400,53352,-0.294965023,0,-7.775495118,2.003757660237854
07-02-2022,1535,169.10861206054688,171.66000366210938,173.9499969482422,170.9499969482422,172.86000061035156,77251200,53424,-0.42345596,0,-6.322894208,1.7548991246301673
08-02-2022,1536,172.23146057128906,174.8300018310547,175.35000610351562,171.42999267578125,171.72999572753906,74829200,53448,1.8466725511581794,1,-3.135226378,2.286655541745336
09-02-2022,1537,173.65989685058594,176.27999877929688,176.64999389648438,174.89999389648438,176.0500030517578,71285000,53472,0.8293753549481586,1,-4.73638633,1.0005717902058637
10-02-2022,1538,169.56173706054688,172.1199951171875,175.47999572753906,171.5500030517578,174.13999938964844,90865900,53496,-2.3598841,0,27.468471627972235,2.2908729850593734
11-02-2022,1539,166.13345336914062,168.63999938964844,173.0800018310547,168.0399932861328,172.3300018310547,98670700,53520,-2.021842799,0,8.589360805318602,2.999291089199176
14-02-2022,1540,166.3699188232422,168.8800048828125,169.5800018310547,166.55999755859375,167.3699951171875,86185500,53592,0.14231824835904128,1,-12.65340167,1.8131630143657615
15-02-2022,1541,170.22177124023438,172.7899932861328,172.9499969482422,170.25,170.97000122070312,62527400,53616,2.3152465006342826,1,-27.45020914,1.5859012911848385
16-02-2022,1542,169.9853516,172.5500030517578,173.33999633789062,170.0500030517578,171.85000610351562,61177400,53640,-0.138891281,0,-2.159053471,1.9347210979651925
17-02-2022,1543,166.3699188232422,168.8800048828125,171.91000366210938,168.47000122070312,171.02999877929688,69589300,53664,-2.126918635,0,13.750012259429134,2.0419080052713334
18-02-2022,1544,164.8134002685547,167.3000030517578,170.5399932861328,166.19000244140625,169.82000732421875,82772700,53688,-0.935576614,0,18.944579123514682,2.6174804626170234
22-02-2022,1545,161.87767028808594,164.32000732421875,166.69000244140625,162.14999389648438,164.97999572753906,91162800,53784,-1.781228735,0,10.13631305974072,2.7998820325705287
23-02-2022,1546,157.6908416748047,160.07000732421875,166.14999389648438,159.75,165.5399932861328,90009200,53808,-2.586416633,0,-1.265428442,4.00625596
24-02-2022,1547,160.32115173339844,162.74000549316406,162.85000610351562,152,152.5800018310547,141147500,53832,1.6680190209133139,1,56.814525626269315,7.138161910207648
25-02-2022,1548,162.39981079101562,164.85000610351562,165.1199951171875,160.8699951171875,163.83999633789062,91974200,53856,1.2965469700934706,1,-34.8382366,2.641884831850738
28-02-2022,1549,162.66578674316406,165.1199951171875,165.4199981689453,162.42999267578125,163.05999755859375,95056600,53928,0.1637785888235488,1,3.3513746246229825,1.8407964218358794
01-03-2022,1550,160.77430725097656,163.1999969482422,166.60000610351562,161.97000122070312,164.6999969482422,83474400,53952,-1.162789623,0,-12.18453006,2.8585570463159873
02-03-2022,1551,164.08438110351562,166.55999755859375,167.36000061035156,162.9499969482422,164.38999938964844,79724800,53976,2.058823941900667,1,-4.491916084,2.706353939675203
03-03-2022,1552,163.75930786132812,166.22999572753906,168.91000366210938,165.5500030517578,168.47000122070312,76678400,54000,-0.198127903,0,-3.821144738,2.029598639935444
04-03-2022,1553,160.74476623535156,163.1699981689453,165.5500030517578,162.10000610351562,164.49000549316406,83737200,54024,-1.840821535,0,9.205721559135306,2.128313891634927
07-03-2022,1554,156.9322967529297,159.3000030517578,165.02000427246094,159.0399932861328,163.36000061035156,96418800,54096,-2.371756549,0,15.144523580917447,3.760067428806626
08-03-2022,1555,155.09994506835938,157.44000244140625,162.8800048828125,155.8000030517578,158.82000732421875,131148300,54120,-1.167608647,0,36.01942774645608,4.544288634386396
09-03-2022,1556,160.5280303955078,162.9499969482422,163.41000366210938,159.41000366210938,161.47999572753906,91454900,54144,3.4997423916368176,1,-30.26604234,2.5092528123131657
10-03-2022,1557,156.16387939453125,158.52000427246094,160.38999938964844,155.97999572753906,160.1999969482422,105342000,54168,-2.718620901,0,15.18464292235846,2.827287974678901
11-03-2022,1558,152.4302215576172,154.72999572753906,159.27999877929688,154.5,158.92999267578125,96970100,54192,-2.390870832,0,-7.947352433,3.093850342586974
14-03-2022,1559,148.38131713867188,150.6199951171875,154.1199951171875,150.10000610351562,151.4499969482422,108732100,54264,-2.65624037,0,12.12951209,2.6782070954077857
15-03-2022,1560,152.7848663330078,155.08999633789062,155.57000732421875,150.3800048828125,150.89999389648438,92964300,54288,2.9677342754030223,1,-14.50151335,3.4512583274955295
16-03-2022,1561,157.21798706054688,159.58999633789062,160,154.4600067138672,157.0500030517578,102300200,54312,2.901541109199557,1,10.04245715828549,3.5866846078774905
17-03-2022,1562,158.232666,160.6199951171875,161,157.6300048828125,158.61000061035156,75615400,54336,0.6454030972694147,1,-26.08479749,2.137914745160903
18-03-2022,1563,161.5427246,163.97999572753906,164.47999572753906,159.75999450683594,160.50999450683594,123511700,54360,2.0918943546848645,1,63.34199118,2.954432513141556
21-03-2022,1564,162.9219512939453,165.3800048828125,166.35000610351562,163.00999450683594,163.50999450683594,95811400,54432,0.8537682593916074,1,-22.42726802,2.048961235036188
22-03-2022,1565,166.31077575683594,168.82000732421875,169.4199981689453,164.91000366210938,165.50999450683594,81532000,54456,2.080059463,1,-14.90365447,2.734821664352542
23-03-2022,1566,167.68011474609375,170.2100067138672,172.63999938964844,167.64999389648438,167.99000549316406,98062700,54480,0.8233617636201895,1,20.27510671,2.9764423947698715
24-03-2022,1567,171.48277282714844,174.07000732421875,174.13999938964844,170.2100067138672,171.05999755859375,90131400,54504,2.267787120671727,1,-8.087988603,2.308908125706025
25-03-2022,1568,172.12307739257812,174.72000122070312,175.27999877929688,172.75,173.8800048828125,80546200,54528,0.3734094727035453,1,-10.63469557,1.464543432299204
28-03-2022,1569,172.9900360107422,175.60000610351562,175.72999572753906,172,172.1699981689453,90371900,54600,0.5036657947940837,1,12.198837437396183,2.1686021671738733
29-03-2022,1570,176.30007934570312,178.9600067138672,179.00999450683594,176.33999633789062,176.69000244140625,100589400,54624,1.9134399166084615,1,11.306058631056782,1.514119442210515
30-03-2022,1571,175.12774658203125,177.77000427246094,179.61000061035156,176.6999969482422,178.5500030517578,92633200,54648,-0.664954401,0,-7.90958093,1.6468611841355913
31-03-2022,1572,172.01475524902344,174.61000061035156,178.02999877929688,174.39999389648438,177.83999633789062,103049300,54672,-1.777579786,0,11.244456631099876,2.0814248909705237
01-04-2022,1573,171.7191925048828,174.30999755859375,174.8800048828125,171.94000244140625,174.02999877929688,78751300,54696,-0.171813213,0,-23.57900539,1.7099001975460275
04-04-2022,1574,175.78781127929688,178.44000244140625,178.49000549316406,174.44000244140625,174.57000732421875,76468400,54768,2.3693448113463633,1,-2.898872781,2.3217169199009806
05-04-2022,1575,172.45802307128906,175.05999755859375,178.3000030517578,174.4199981689453,177.5,73401800,54792,-1.894196837,0,-4.010283987,2.2245183600187177
06-04-2022,1576,169.2760772705078,171.8300018310547,173.6300048828125,170.1300048828125,172.36000061035156,89058800,54816,-1.845079271,0,21.33053957804849,2.0572502789327727
07-04-2022,1577,169.58143615722656,172.13999938964844,173.36000061035156,169.85000610351562,171.16000366210938,77594700,54840,0.18040944846089424,1,-12.8725067,2.0665259821637925
08-04-2022,1578,167.56190490722656,170.08999633789062,171.77999877929688,169.1999969482422,171.77999877929688,76575500,54864,-1.190892912,0,-1.313491772,1.5248238047214049
11-04-2022,1579,163.2864227294922,165.75,169.02999877929688,165.5,168.7100067138672,72246700,54936,-2.551588236,0,-5.652983004,2.1329297760101964
12-04-2022,1580,165.16802978515625,167.66000366210938,169.8699951171875,166.63999938964844,168.02000427246094,79265200,54960,1.152340067637625,1,9.714630564440995,1.9383075728333852
13-04-2022,1581,167.86729431152344,170.39999389648438,171.0399932861328,166.77000427246094,167.38999938964844,70618900,54984,1.6342539511671417,1,-10.90806558,2.5604058909153524
14-04-2022,1582,162.83323669433594,165.2899932861328,171.27000427246094,165.0399932861328,170.6199951171875,75329400,55008,-2.998826757,0,6.670310639219812,3.7748492727620526
18-04-2022,1583,162.6165313720703,165.07000732421875,166.60000610351562,163.57000732421875,163.9199981689453,69023900,55104,-0.133090913,0,-8.370569791,1.8524170958132877
19-04-2022,1584,164.91189575195312,167.39999389648438,167.82000732421875,163.91000366210938,165.02000427246094,67723800,55128,1.4115141872437453,1,-1.88355048,2.3854576137827515
20-04-2022,1585,164.74444580078125,167.22999572753906,168.8800048828125,166.10000610351562,168.75999450683594,67929800,55152,-0.101552076,0,0.3041766705353277,1.6736897514406741
21-04-2022,1586,163.94647216796875,166.4199981689453,171.52999877929688,165.91000366210938,168.91000366210938,87227800,55176,-0.484361406,0,28.408739610597998,3.3873756814767635
22-04-2022,1587,159.38526916503906,161.7899932861328,167.8699951171875,161.5,166.4600067138672,84882400,55200,-2.782120499,0,-2.688821683,3.9442694224071206
25-04-2022,1588,160.45907592773438,162.8800048828125,163.1699981689453,158.4600067138672,161.1199951171875,96046400,55272,0.6737200333224225,1,13.152314260671227,2.9723534365254722
26-04-2022,1589,154.46945190429688,156.8000030517578,162.33999633789062,156.72000122070312,162.25,95623200,55296,-3.732810443,0,-0.440620367,3.5860101285177146
27-04-2022,1590,154.24285888671875,156.57000732421875,159.7899932861328,155.3800048828125,155.91000366210938,88063200,55320,-0.146680946,0,-7.906031172,2.8381955623223996
28-04-2022,1591,161.20777893066406,163.63999938964844,164.52000427246094,158.92999267578125,159.25,130216800,55344,4.515546870218534,1,47.867440656255965,3.517279213674518
29-04-2022,1592,155.30679321289062,157.64999389648438,166.1999969482422,157.25,161.83999633789062,131747600,55368,-3.660477582,0,1.1755779592187876,5.691571986163553
02-05-2022,1593,155.6122283935547,157.9600067138672,158.22999572753906,153.27000427246094,156.7100067138672,123055300,55440,0.19664626031408172,1,-6.597691343,3.236113601367806
03-05-2022,1594,157.1096191,159.47999572753906,160.7100067138672,156.32000732421875,158.14999389648438,88966500,55464,0.9622619328101267,1,-27.7020169,2.8083413408133153
04-05-2022,1595,163.55242919921875,166.02000427246094,166.47999572753906,159.25999450683594,159.6699981689453,108256500,55488,4.100833158,1,21.682318625550057,4.533468209050591
05-05-2022,1596,154.4398956298828,156.77000427246094,164.0800018310547,154.9499969482422,163.85000610351562,130525300,55512,-5.571617734,0,20.570404548456665,5.892226565104218
06-05-2022,1597,155.1699676513672,157.27999877929688,159.44000244140625,154.17999267578125,156.00999450683594,116124600,55536,0.32531383104996703,1,-11.03288022,3.4116033308459532
09-05-2022,1598,150.02000427246094,152.05999755859375,155.8300018310547,151.49000549316406,154.92999267578125,131577900,55608,-3.31892247,0,13.307516236869699,2.864873048068155
10-05-2022,1599,152.43710327148438,154.50999450683594,156.74000549316406,152.92999267578125,155.52000427246094,115366700,55632,1.611204121779708,1,-12.32061007,2.491344405842102
11-05-2022,1600,144.53457641601562,146.5,155.4499969482422,145.80999755859375,153.5,142689800,55656,-5.184127106,0,23.683697288732365,6.611343221355314
12-05-2022,1601,140.64743041992188,142.55999755859375,146.1999969482422,138.8000030517578,142.77000427246094,182602000,55680,-2.689421462,0,27.97130558736505,5.331407589
13-05-2022,1602,145.1363983154297,147.11000061035156,148.10000610351562,143.11000061035156,144.58999633789062,113990900,55704,3.1916408036466892,1,-37.57412296,3.486832137434231
16-05-2022,1603,143.5874786376953,145.5399932861328,147.52000427246094,144.17999267578125,145.5500030517578,86643800,55776,-1.067233579,0,-23.99059925,2.3165569193711915
17-05-2022,1604,147.2378387451172,149.24000549316406,149.77000427246094,146.67999267578125,148.86000061035156,78336300,55800,2.542264929033622,1,-9.588106708,2.106634681602277
18-05-2022,1605,138.9307861328125,140.82000732421875,147.36000061035156,139.89999389648438,146.85000610351562,109742900,55824,-5.641917622,0,40.09201353650862,5.332385303
19-05-2022,1606,135.50735473632812,137.35000610351562,141.66000366210938,136.60000610351562,139.8800048828125,136095600,55848,-2.464139355,0,24.013125222679555,3.704244020867231
20-05-2022,1607,135.7441406,137.58999633789062,140.6999969482422,132.61000061035156,139.08999633789062,137426100,55872,0.1747289579252964,1,0.9776216130426008,6.100592942203122
23-05-2022,1608,141.1900634765625,143.11000061035156,143.25999450683594,137.64999389648438,137.7899932861328,117726300,55944,4.011922682885327,1,-14.33483159,4.0755545652769145
24-05-2022,1609,138.47695922851562,140.36000061035156,141.97000122070312,137.3300018310547,140.80999755859375,104132700,55968,-1.921598762,0,-11.54678266,3.3787222950427327
25-05-2022,1610,138.6348114013672,140.52000427246094,141.7899932861328,138.33999633789062,138.42999267578125,92482700,55992,0.11399519906925004,1,-11.18764807,2.4938535778298636
26-05-2022,1611,141.8510742,143.77999877929688,144.33999633789062,137.13999938964844,137.38999938964844,90601500,56016,2.319950475175747,1,-2.034110163,5.250107175358246
27-05-2022,1612,147.6324462890625,149.63999938964844,149.67999267578125,145.25999450683594,145.38999938964844,90978500,56040,4.075671623385313,1,0.41610790108330686,3.0428186259757206
31-05-2022,1613,146.8431854248047,148.83999633789062,150.66000366210938,146.83999633789062,149.07000732421875,103718400,56136,-0.534618454,0,14.003198557901042,2.6014760416015035
01-06-2022,1614,146.7149200439453,148.7100067138672,151.74000549316406,147.67999267578125,149.89999389648438,74286600,56160,-0.087335143,0,-28.37664291,2.7491962477924967
02-06-2022,1615,149.1813965,151.2100067138672,151.27000427246094,146.86000061035156,147.8300018310547,72348100,56184,1.6811242600575316,1,-2.609488118,3.002862347665367
03-06-2022,1616,143.4296112060547,145.3800048828125,147.97000122070312,144.4600067138672,146.89999389648438,88570300,56208,-3.855566148,0,22.422427126628076,2.429734420397893
06-06-2022,1617,144.17941284179688,146.13999938964844,148.57000732421875,144.89999389648438,147.02999877929688,71598400,56280,0.5227641225136415,1,-19.16206674,2.5327906020176987
07-06-2022,1618,146.7149200439453,148.7100067138672,149,144.10000610351562,144.35000610351562,67808200,56304,1.7585926747997416,1,-5.293693714,3.400411997876265
08-06-2022,1619,145.97500610351562,147.9600067138672,149.8699951171875,147.4600067138672,148.5800018310547,53950200,56328,-0.504337278,0,-20.43705629,1.6343335776436503
09-06-2022,1620,140.7263946533203,142.63999938964844,147.9499969482422,142.52999877929688,147.0800018310547,69473000,56352,-3.595571156,0,28.772460528413248,3.802706949670297
10-06-2022,1621,135.2902832,137.1300048828125,140.75999450683594,137.05999755859375,140.27999877929688,91437900,56376,-3.86286773,0,31.616455313575067,2.699545464868714
13-06-2022,1622,130.11074829101562,131.8800048828125,135.1999969482422,131.44000244140625,132.8699951171875,122207100,56448,-3.828483784,0,33.65037910975646,2.860616583229356
14-06-2022,1623,130.9789276123047,132.75999450683594,133.88999938964844,131.47999572753906,133.1300048828125,84784300,56472,0.6672653862921818,1,-30.62244338,1.8329812446172669
15-06-2022,1624,133.61306762695312,135.42999267578125,137.33999633789062,132.16000366210938,134.2899932861328,91533000,56496,2.0111466401181888,1,7.959846339475596,3.9194858748830135
16-06-2022,1625,128.31512451171875,130.05999755859375,132.38999938964844,129.0399932861328,132.0800018310547,108123900,56520,-3.965144656,0,18.125594048048256,2.596099099360098
17-06-2022,1626,129.79498291015625,131.55999755859375,133.0800018310547,129.80999755859375,130.07000732421875,134520300,56544,1.1533138767930717,1,24.413103855854246,2.5190696664060255
21-06-2022,1627,134.04718017578125,135.8699951171875,137.05999755859375,133.32000732421875,133.4199981689453,81000500,56640,3.2760699593918474,1,-39.78566804,2.805273048987898
22-06-2022,1628,133.53416442871094,135.35000610351562,137.75999450683594,133.91000366210938,134.7899932861328,73409200,56664,-0.382710703,0,-9.371917457,2.875058426882816
23-06-2022,1629,136.41500854492188,138.27000427246094,138.58999633789062,135.6300048828125,136.82000732421875,72433800,56688,2.1573683319320303,1,-1.328716292,2.1824016430845274
24-06-2022,1630,139.75953674316406,141.66000366210938,141.91000366210938,139.77000427246094,139.89999389648438,89116800,56712,2.4517243689154977,1,23.032065140859647,1.5310863019484677
27-06-2022,1631,139.75953674316406,141.66000366210938,143.49000549316406,140.97000122070312,142.6999969482422,70207900,56784,0,0,-21.21810927,1.7876174013190294
28-06-2022,1632,135.5961151123047,137.44000244140625,143.4199981689453,137.32000732421875,142.1300048828125,67083400,56808,-2.978964501,0,-4.450353878,4.442171948275686
29-06-2022,1633,137.3621063232422,139.22999572753906,140.6699981689453,136.6699981689453,137.4600067138672,66242400,56832,1.3023815878466127,1,-1.25366335,2.9267579231656824
30-06-2022,1634,134.8857879638672,136.72000122070312,138.3699951171875,133.77000427246094,137.25,98964500,56856,-1.802768501,0,49.39751579049067,3.438731178745695
01-07-2022,1635,137.06613159179688,138.92999267578125,139.0399932861328,135.66000366210938,136.0399932861328,71051600,56880,1.6164360995803317,1,-28.20496239,2.4915152091857773
05-07-2022,1636,139.66085815429688,141.55999755859375,141.61000061035156,136.92999267578125,137.77000427246094,73353800,56976,1.8930432746441683,1,3.2401803759521286,3.417810695171434
06-07-2022,1637,141.00262451171875,142.9199981689453,144.1199951171875,141.0800018310547,141.35000610351562,74064300,57000,0.9607238159132114,1,0.9685933107759892,2.1548009970777064
07-07-2022,1638,144.3865966796875,146.35000610351562,146.5500030517578,143.27999877929688,143.2899932861328,66253700,57024,2.399949607133145,1,-10.54570151,2.282247557454219
08-07-2022,1639,145.0673370361328,147.0399932861328,147.5500030517578,145,145.25999450683594,64547800,57048,0.4714637197412497,1,-2.574799596,1.7586227943157327
11-07-2022,1640,142.9264678955078,144.8699951171875,146.63999938964844,143.77999877929688,145.6699981689453,63141600,57120,-1.475787723,0,-2.178540554,1.9891505318077516
12-07-2022,1641,143.90318298339844,145.86000061035156,148.4499969482422,145.0500030517578,145.75999450683594,77588800,57144,0.6833751132270249,1,22.88063653756003,2.344015046501698
13-07-2022,1642,143.5381317138672,145.49000549316406,146.4499969482422,142.1199951171875,142.99000549316406,71185600,57168,-0.253664552,0,-8.252737509,3.0467224738393144
14-07-2022,1643,146.4781494140625,148.47000122070312,148.9499969482422,143.25,144.0800018310547,78140700,57192,2.048247725,1,9.770374907,3.979055461251091
15-07-2022,1644,148.1553497314453,150.1699981689453,150.86000061035156,148.1999969482422,149.77999877929688,76259900,57216,1.1450103955445545,1,-2.406940301,1.7948743028910876
18-07-2022,1645,145.09693908691406,147.07000732421875,151.57000732421875,146.6999969482422,150.74000549316406,81420900,57288,-2.064321025,0,6.767645905646358,3.3197072101472305
19-07-2022,1646,148.97421264648438,151,151.22999572753906,146.91000366210938,147.9199981689453,82982400,57312,2.6721917998667744,1,1.9178122570494782,2.940570388498253
20-07-2022,1647,150.98684692382812,153.0399932861328,153.72000122070312,150.3699951171875,151.1199951171875,64823400,57336,1.3509889312137924,1,-21.88295349,2.2278421309416636
21-07-2022,1648,153.2658691,155.35000610351562,155.57000732421875,151.94000244140625,154.5,65086600,57360,1.5094177461599134,1,0.40602621892711355,2.389104136162145
22-07-2022,1649,152.0227508544922,154.08999633789062,156.27999877929688,153.41000366210938,155.38999938964844,66675400,57384,-0.811078028,0,2.4410554553471853,1.8708005010603868
25-07-2022,1650,150.8980712890625,152.9499969482422,155.0399932861328,152.27999877929688,154.00999450683594,53623900,57456,-0.739826995,0,-19.57468572,1.8124471558711168
26-07-2022,1651,149.56617736816406,151.60000610351562,153.08999633789062,150.8000030517578,152.25999450683594,55138700,57480,-0.882635418,0,2.8248598106441314,1.5185631563593784
27-07-2022,1652,154.68653869628906,156.7899932861328,157.3300018310547,152.16000366210938,152.5800018310547,78620700,57504,3.4234742570348864,1,42.58714841,3.397737936722156
28-07-2022,1653,155.23902893066406,157.35000610351562,157.63999938964844,154.41000366210938,156.97999572753906,81378700,57528,0.35717382573059453,1,3.507981994563769,2.091830614
29-07-2022,1654,160.32980346679688,162.50999450683594,163.6300048828125,159.5,161.24000549316406,101786900,57552,3.279306134837845,1,25.078060966813176,2.5893447541144203
01-08-2022,1655,159.3432159423828,161.50999450683594,163.58999633789062,160.88999938964844,161.00999450683594,67829400,57624,-0.615346769,0,-33.36136576,1.6781633156099718
02-08-2022,1656,157.86334228515625,160.00999450683594,162.41000366210938,159.6300048828125,160.10000610351562,59907000,57648,-0.928735094,0,-11.67989102,1.7415264638610557
03-08-2022,1657,163.9012451171875,166.1300048828125,166.58999633789062,160.75,160.83999633789062,82507500,57672,3.8247675683253046,1,37.72597526165558,3.6329681728713066
04-08-2022,1658,163.58554077148438,165.80999755859375,167.19000244140625,164.42999267578125,166.00999450683594,55474100,57696,-0.19262464,0,-32.76477896,1.6785318303012486
05-08-2022,1659,163.35830688476562,165.35000610351562,165.85000610351562,163,163.2100067138672,56697000,57720,-0.27742082,0,2.2044521677683893,1.7484700021568254
08-08-2022,1660,162.88406372070312,164.8699951171875,167.80999755859375,164.1999969482422,166.3699951171875,60276900,57792,-0.290299951,0,6.314090692629248,2.198538780417565
09-08-2022,1661,162.9334716796875,164.9199981689453,165.82000732421875,163.25,164.02000427246094,63135500,57816,0.030328776150123637,1,4.742446940701983,1.5742770745597243
10-08-2022,1662,167.20144653320312,169.24000549316406,169.33999633789062,166.89999389648438,167.67999267578125,70170500,57840,2.6194563256017656,1,11.142701016068624,1.4619547816877703
11-08-2022,1663,166.46046447753906,168.49000549316406,170.99000549316406,168.19000244140625,170.05999755859375,57149200,57864,-0.443157632,0,-18.55665842,1.6647856656838285
12-08-2022,1664,170.02700805664062,172.10000610351562,172.1699981689453,169.39999389648438,169.82000732421875,68039400,57888,2.1425606817361276,1,19.05573481,1.635185579849318
15-08-2022,1665,171.10385131835938,173.19000244140625,173.38999938964844,171.35000610351562,171.52000427246094,54091700,57960,0.6333505515595528,1,-20.49944591,1.190541706138263
16-08-2022,1666,170.9458008,173.02999877929688,173.7100067138672,171.66000366210938,172.77999877929688,56377100,57984,-0.0923862,0,4.225047465692522,1.1942228871164302
17-08-2022,1667,172.4474639892578,174.5500030517578,176.14999389648438,172.57000732421875,172.77000427246094,79542000,58008,0.878462858,1,41.08920111179894,2.0745126153582794
18-08-2022,1668,172.05226135253906,174.14999389648438,174.89999389648438,173.1199951171875,173.75,62290100,58032,-0.22916594,0,-21.68904478,1.028187863621396
19-08-2022,1669,169.45399475097656,171.52000427246094,173.74000549316406,171.30999755859375,173.02999877929688,70346300,58056,-1.510186458,0,12.933355380710587,1.4184857680236487
22-08-2022,1670,165.55157470703125,167.57000732421875,169.86000061035156,167.13999938964844,169.69000244140625,69026800,58128,-2.302936596,0,-1.875720543,1.6273789820724291
23-08-2022,1671,165.2156524658203,167.22999572753906,168.7100067138672,166.64999389648438,167.0800018310547,54147100,58152,-0.202907192,0,-21.55640997,1.2361313488330528
24-08-2022,1672,165.5120391845703,167.52999877929688,168.11000061035156,166.25,167.32000732421875,53841500,58176,0.1793954789346408,1,-0.56438849,1.1187973596099625
25-08-2022,1673,167.98191833496094,170.02999877929688,170.13999938964844,168.35000610351562,168.77999877929688,51218200,58200,1.4922700520600518,1,-4.87226396,1.063257036671668
26-08-2022,1674,161.6491241455078,163.6199951171875,171.0500030517578,163.55999755859375,170.57000732421875,78961000,58224,-3.769925136,0,54.16590196453603,4.579362683397474
29-08-2022,1675,159.43612670898438,161.3800048828125,162.89999389648438,159.82000732421875,161.14999389648438,73314000,58296,-1.369019864,0,-7.151631818,1.9271595739683658
30-08-2022,1676,156.99588012695312,158.91000366210938,162.55999755859375,157.72000122070312,162.1300048828125,77906200,58320,-1.530549725,0,6.263742259322913,3.0687270482060476
31-08-2022,1677,155.3262176513672,157.22000122070312,160.5800018310547,157.13999938964844,160.30999755859375,87991100,58344,-1.063496572,0,12.944926077770447,2.189132273620754
01-09-2022,1678,156.05731201171875,157.9600067138672,158.4199981689453,154.6699981689453,156.63999938964844,74229900,58368,0.4706815210650195,1,-15.63930898,2.4245167417044207
02-09-2022,1679,153.93321228027344,155.80999755859375,160.36000061035156,154.97000122070312,159.75,76957800,58392,-1.361109815,0,3.674934224618376,3.478092112790384
06-09-2022,1680,152.6686248779297,154.52999877929688,157.08999633789062,153.69000244140625,156.47000122070312,73714800,58488,-0.821512611,0,-4.213997801,2.2122414226524656
07-09-2022,1681,154.08139038085938,155.9600067138672,156.6699981689453,153.61000061035156,154.82000732421875,87449600,58512,0.9253917982699811,1,18.632350627011117,1.9920562114674851
08-09-2022,1682,152.59947204589844,154.4600067138672,156.36000061035156,152.67999267578125,154.63999938964844,84923800,58536,-0.961785032,0,-2.888292228,2.4102751579146826
09-09-2022,1683,155.47442626953125,157.3699951171875,157.82000732421875,154.75,155.47000122070312,68028800,58560,1.883975318420772,1,-19.89430525,1.9838496440831985
12-09-2022,1684,161.4614258,163.42999267578125,164.25999450683594,159.3000030517578,159.58999633789062,104956000,58632,3.8507960517385253,1,54.28171597911473,3.113616672980593
13-09-2022,1685,151.9869384765625,153.83999633789062,160.5399932861328,153.3699951171875,159.89999389648438,122656600,58656,-5.867953722,0,16.86478143221921,4.674967984100693
14-09-2022,1686,153.43923950195312,155.30999755859375,157.10000610351562,153.61000061035156,154.7899932861328,87965400,58680,0.9555390377639084,1,-28.28319063,2.2719910678321265
15-09-2022,1687,150.534668,152.3699951171875,155.24000549316406,151.3800048828125,154.64999389648438,90481100,58704,-1.892989819,0,2.8598744506362683,2.5498748089879486
16-09-2022,1688,148.8847656,150.6999969482422,151.35000610351562,148.3699951171875,151.2100067138672,162278800,58728,-1.09601511,0,79.35104679319768,2.0084997535885973
19-09-2022,1689,152.61924743652344,154.47999572753906,154.55999755859375,149.10000610351562,149.30999755859375,81474200,58800,2.5082938658552933,1,-49.79368839,3.661965950080121
20-09-2022,1690,155.01007080078125,156.89999389648438,158.0800018310547,153.0800018310547,153.39999389648438,107689800,58824,1.566544689199456,1,32.176566324063316,3.266265965634233
21-09-2022,1691,151.8683624267578,153.72000122070312,158.74000549316406,153.60000610351562,157.33999633789062,101696800,58848,-2.026764053,0,-5.565058158,3.3463536363302215
22-09-2022,1692,150.9001922607422,152.74000549316406,154.47000122070312,150.91000366210938,152.3800048828125,86652500,58872,-0.637519984,0,-14.7932875,2.3590202585672575
23-09-2022,1693,148.6179962158203,150.42999267578125,151.47000122070312,148.55999755859375,151.19000244140625,96029900,58896,-1.512382306,0,10.821845878653246,1.9588070206864645
26-09-2022,1694,148.9539337158203,150.77000427246094,153.77000427246094,149.63999938964844,149.66000366210938,93339400,58968,0.22602646628622214,1,-2.801731544,2.759960504983936
27-09-2022,1695,149.93197631835938,151.75999450683594,154.72000122070312,149.9499969482422,152.74000549316406,84442700,58992,0.6566228071373859,1,-9.53155902,3.181063267448672
28-09-2022,1696,148.0351104736328,149.83999633789062,150.63999938964844,144.83999633789062,147.63999938964844,146691400,59016,-1.265154348,0,73.71708862933089,4.0044208771085925
29-09-2022,1697,140.76377868652344,142.47999572753906,146.72000122070312,140.67999267578125,146.10000610351562,128138200,59040,-4.91190656,0,-12.64777622,4.2934381997317885
30-09-2022,1698,136.5353240966797,138.1999969482422,143.10000610351562,138,141.27999877929688,124925300,59064,-3.00392961,0,-2.507370948,3.695656596750453
03-10-2022,1699,140.73411560058594,142.4499969482422,143.07000732421875,137.69000244140625,138.2100067138672,114311700,59136,3.0752533240588242,1,-8.495957184,3.907331533
04-10-2022,1700,144.34019470214844,146.10000610351562,146.22000122070312,144.25999450683594,145.02999877929688,87830100,59160,2.562309044204225,1,-23.1661326,1.3586626843898224
05-10-2022,1701,144.63653564453125,146.39999389648438,147.3800048828125,143.00999450683594,144.07000732421875,79471000,59184,0.20533044519943644,1,-9.517352252,3.0557377413000837
06-10-2022,1702,143.67825317382812,145.42999267578125,147.5399932861328,145.22000122070312,145.80999755859375,68402200,59208,-0.662569167,0,-13.92809956,1.597570614190947
07-10-2022,1703,138.40257263183594,140.08999633789062,143.10000610351562,139.4499969482422,142.5399932861328,85925600,59232,-3.671867295,0,25.618181871343324,2.6174322231273788
10-10-2022,1704,138.7285614013672,140.4199981689453,141.88999938964844,138.57000732421875,140.4199981689453,74899000,59304,0.23556416566585803,1,-12.83272971,2.3958951359955885
11-10-2022,1705,137.3059082,138.97999572753906,141.35000610351562,138.22000122070312,139.89999389648438,77033700,59328,-1.025496696,0,2.8501048078078517,2.264509372861788
12-10-2022,1706,136.67364501953125,138.33999633789062,140.36000061035156,138.16000366210938,139.1300048828125,70433700,59352,-0.460497488,0,-8.567678821,1.5923544368329663
13-10-2022,1707,141.2676544189453,142.99000549316406,143.58999633789062,134.3699951171875,134.99000549316406,113224000,59376,3.3612905,1,60.75259428370225,6.861651823877887
14-10-2022,1708,136.7131805419922,138.3800048828125,144.52000427246094,138.19000244140625,144.30999755859375,88598000,59400,-3.224001981,0,-21.74980569,4.580651074
17-10-2022,1709,140.6946258544922,142.41000366210938,142.89999389648438,140.27000427246094,141.07000732421875,85250900,59472,2.912269574429982,1,-3.777850516,1.874947988819432
18-10-2022,1710,142.0184783935547,143.75,146.6999969482422,140.61000061035156,145.49000549316406,99136600,59496,0.9409425626236034,1,16.288039187856086,4.331126030478295
19-10-2022,1711,142.1271514892578,143.86000061035156,144.9499969482422,141.5,141.69000244140625,61758300,59520,0.076522164,1,-37.70383491,2.4381603874503095
20-10-2022,1712,141.6627960205078,143.38999938964844,145.88999938964844,142.64999389648438,143.02000427246094,64522000,59544,-0.326707367,0,4.475026029,2.2712973233740272
21-10-2022,1713,145.49607849121094,147.27000427246094,147.85000610351562,142.64999389648438,142.8699951171875,86548600,59568,2.7059103837980825,1,34.138123430767806,3.6452943775130473
24-10-2022,1714,147.64981079101562,149.4499969482422,150.22999572753906,146,147.19000244140625,75981900,59640,1.4802693097965003,1,-12.20897854,2.8972573476294947
25-10-2022,1715,150.50498962402344,152.33999633789062,152.49000549316406,149.36000061035156,150.08999633789062,74732300,59664,1.9337567404898115,1,-1.644602201,2.0956111877489985
26-10-2022,1716,147.55104064941406,149.35000610351562,151.99000549316406,148.0399932861328,150.9600067138672,88194300,59688,-1.962708616,0,18.013629983287018,2.668206151155814
27-10-2022,1717,143.0558319091797,144.8000030517578,149.0500030517578,144.1300048828125,148.07000732421875,109180200,59712,-3.046536904,0,23.795075191934178,3.4135835719603325
28-10-2022,1718,153.86407470703125,155.74000549316406,157.5,147.82000732421875,148.1999969482422,164762400,59736,7.555250145606562,1,50.908681244401464,6.548499659149513
31-10-2022,1719,151.4929656982422,153.33999633789062,154.24000549316406,151.9199981689453,153.16000366210938,97943200,59808,-1.541035746,0,-40.55488388,1.5271243761066564
01-11-2022,1720,148.83535766601562,150.64999389648438,155.4499969482422,149.1300048828125,155.0800018310547,80379300,59832,-1.754273187,0,-17.93274061,4.237907770737341
02-11-2022,1721,143.28306579589844,145.02999877929688,152.1699981689453,145,148.9499969482422,93604600,59856,-3.730498072,0,16.453614301194452,4.9448263234105605
03-11-2022,1722,137.20716857910156,138.8800048828125,142.8000030517578,138.75,142.05999755859375,97918500,59880,-4.240497792,0,4.608641028325522,2.918921118384009
04-11-2022,1723,136.93997192382812,138.3800048828125,142.6699981689453,134.3800048828125,142.08999633789062,140814800,59904,-0.360023029,0,43.808166996022216,6.169067558348572
07-11-2022,1724,137.4743194580078,138.9199981689453,139.14999389648438,135.6699981689453,137.11000061035156,83374600,59976,0.3902249364639898,1,-40.79130887,2.565044427291537
08-11-2022,1725,138.0482940673828,139.5,141.42999267578125,137.49000549316406,140.41000366210938,89908500,60000,0.4175078021159573,1,7.8367992170277345,2.865653520403039
09-11-2022,1726,133.46646118164062,134.8699951171875,138.5500030517578,134.58999633789062,138.5,74917800,60024,-3.318999916,0,-16.67328451,2.942274182046576
10-11-2022,1727,145.3415985107422,146.8699951171875,146.8699951171875,139.5,141.24000549316406,118854000,60048,8.897457132,1,58.645875879964436,5.283150621639785
11-11-2022,1728,148.1421356201172,149.6999969482422,150.00999450683594,144.3699951171875,145.82000732421875,93979700,60072,1.9268754171310798,1,-20.92845003,3.9066285103565717
14-11-2022,1729,146.73690795898438,148.27999877929688,150.27999877929688,147.42999267578125,148.97000122070312,73374100,60144,-0.94856259,0,-21.92558606,1.9331250390706989
15-11-2022,1730,148.47860717773438,150.0399932861328,153.58999633789062,148.55999755859375,152.22000122070312,89868300,60168,1.1869399253607638,1,22.479594298260565,3.385836606057419
16-11-2022,1731,147.24160766601562,148.7899932861328,149.8699951171875,147.2899932861328,149.1300048828125,64218300,60192,-0.833111208,0,-28.54176612,1.7516477348482515
17-11-2022,1732,149.15151977539062,150.72000122070312,151.47999572753906,146.14999389648438,146.42999267578125,80389400,60216,1.297135574741759,1,25.181451393138722,3.6469394824811556
18-11-2022,1733,149.7155762,151.2899932861328,152.6999969482422,149.97000122070312,152.30999755859375,74829600,60240,0.3781794458686649,1,-6.916085952,1.820361209120395
21-11-2022,1734,146.4697266,148.00999450683594,150.3699951171875,147.72000122070312,150.16000366210938,58724100,60312,-2.16802097,0,-21.52290003,1.793930324
22-11-2022,1735,148.61715698242188,150.17999267578125,150.4199981689453,146.92999267578125,148.1300048828125,51804100,60336,1.4661159715434469,1,-11.78391836,2.3752846029640664
23-11-2022,1736,149.49789428710938,151.07000732421875,151.8300018310547,149.33999633789062,149.4499969482422,58301400,60360,0.5926319695320093,1,12.542057481936752,1.6673399988106847
25-11-2022,1737,146.56871032714844,148.11000061035156,148.8800048828125,147.1199951171875,148.30999755859375,35195900,60408,-1.959360939,0,-39.63112378,1.1963090157956269
28-11-2022,1738,142.7191619873047,144.22000122070312,146.63999938964844,143.3800048828125,145.13999938964844,69246000,60480,-2.626425882,0,96.74450717271046,2.273674428662769
29-11-2022,1739,139.7009277,141.1699981689453,144.80999755859375,140.35000610351562,144.2899932861328,83763800,60504,-2.114826672,0,20.965543136065623,3.177763634572729
30-11-2022,1740,146.48953247070312,148.02999877929688,148.72000122070312,140.5500030517578,141.39999389648438,111380900,60528,4.859389884061516,1,32.97020908793535,5.812876550373816
01-12-2022,1741,146.76661682128906,148.30999755859375,149.1300048828125,146.61000061035156,148.2100067138672,71250400,60552,0.18915002472865705,1,-36.02996564,1.7188488247526885
02-12-2022,1742,146.27182006835938,147.80999755859375,148,145.64999389648438,145.9600067138672,65447400,60576,-0.337131689,0,-8.14451568,1.6134611754160522
05-12-2022,1743,145.1040802001953,146.6300048828125,150.9199981689453,145.77000427246094,147.77000427246094,68826400,60648,-0.798317228,0,5.162924730394169,3.5329585961035184
06-12-2022,1744,141.42282104492188,142.91000366210938,147.3000030517578,141.9199981689453,147.07000732421875,64727200,60672,-2.536998634,0,-5.955854149,3.790871584149825
07-12-2022,1745,139.4733123779297,140.94000244140625,143.3699951171875,140,142.19000244140625,69721100,60696,-1.378490778,0,7.715303612700697,2.407139369419643
08-12-2022,1746,141.16549682617188,142.64999389648438,143.52000427246094,141.10000610351562,142.36000061035156,62128300,60720,1.213276163940069,1,-10.890247,1.7150943049356937
09-12-2022,1747,140.6806182861328,142.16000366210938,145.57000732421875,140.89999389648438,142.33999633789062,76097000,60744,-0.343491241,0,22.483634672122044,3.3144170546702183
12-12-2022,1748,142.98635864257812,144.49000549316406,144.5,141.05999755859375,142.6999969482422,70462700,60816,1.6389995575638139,1,-7.404102658,2.4386803494572127
13-12-2022,1749,143.95616149902344,145.47000122070312,149.97000122070312,144.24000549316406,149.5,93886200,60840,0.6782446468835079,1,33.24241052358199,3.972542643733207
14-12-2022,1750,141.7196807861328,143.2100067138672,146.66000366210938,141.16000366210938,145.35000610351562,82291200,60864,-1.553581142,0,-12.35005784,3.8962877991737597
15-12-2022,1751,135.07949829101562,136.5,141.8000030517578,136.02999877929688,141.11000061035156,98931900,60888,-4.685431464,0,20.221724801679898,4.241714566080776
16-12-2022,1752,133.1102294921875,134.50999450683594,137.64999389648438,133.72999572753906,136.69000244140625,160156900,60912,-1.457879482,0,61.88600441313672,2.9312781680872106
19-12-2022,1753,130.9925079345703,132.3699951171875,135.1999969482422,131.32000732421875,135.11000061035156,79592600,60984,-1.590959391,0,-50.30335877,2.9546066156119295
20-12-2022,1754,130.9232177734375,132.3000030517578,133.25,129.88999938964844,131.38999938964844,77432800,61008,-0.052876081,0,-2.713568849,2.586804701008673
21-12-2022,1755,134.0404510498047,135.4499969482422,136.80999755859375,132.75,132.97999572753906,85928000,61032,2.3809477126406797,1,10.971061359010648,3.058378575211864
22-12-2022,1756,130.85394287109375,132.22999572753906,134.55999755859375,130.3000030517578,134.35000610351562,77852100,61056,-2.377261937,0,-9.398449865,3.2693740652820864
23-12-2022,1757,130.487793,131.86000061035156,132.4199981689453,129.63999938964844,130.9199981689453,63814900,61080,-0.279811789,0,-18.03059905,2.1443989450672998
27-12-2022,1758,128.6768341064453,130.02999877929688,131.41000366210938,128.72000122070312,131.3800048828125,69007800,61176,-1.387836965,0,8.137441256,2.0898092106089834
28-12-2022,1759,124.7283706665039,126.04000091552734,131.02999877929688,125.87000274658205,129.6699981689453,85438400,61200,-3.068521035,0,23.80977222864662,4.099464463430265
29-12-2022,1760,128.26119995117188,129.61000061035156,130.47999572753906,127.7300033569336,127.98999786376952,75703700,61224,2.832433885189234,1,-11.39382292,2.152972910304234
30-12-2022,1761,128.57785034179688,129.92999267578125,129.9499969482422,127.43000030517578,128.41000366210938,77034200,61248,0.246888407,1,1.7575098707196535,1.977553666351245
03-01-2023,1762,123.76846313476562,125.06999969482422,130.89999389648438,124.16999816894533,130.27999877929688,112117500,61344,-3.740470449,0,45.54249930550327,5.419985364244136
04-01-2023,1763,125.04503631591795,126.36000061035156,128.66000366210938,125.08000183105467,126.88999938964844,89113600,61368,1.0314231379827232,1,-20.51767119,2.862169634351464
05-01-2023,1764,123.71898651123048,125.0199966430664,127.7699966430664,124.76000213623048,127.12999725341795,80962700,61392,-1.060465306,0,-9.146639795,2.4126278096317995
06-01-2023,1765,128.2711181640625,129.6199951171875,130.2899932861328,124.88999938964844,126.01000213623048,87754700,61416,3.6794101724815675,1,8.389048290138534,4.323800082372293
09-01-2023,1766,128.7955780029297,130.14999389648438,133.41000366210938,129.88999938964844,130.47000122070312,70790800,61488,0.4088865910060413,1,-19.33104438,2.7099886742639123
10-01-2023,1767,129.36956787109375,130.72999572753906,131.25999450683594,128.1199951171875,130.25999450683594,63896200,61512,0.4456410743407302,1,-9.739401165,2.450826966373496
11-01-2023,1768,132.10084533691406,133.49000549316406,133.50999450683594,130.4600067138672,131.25,69458900,61536,2.111229140844828,1,8.705838531868881,2.337871865711435
12-01-2023,1769,132.0216827392578,133.41000366210938,134.25999450683594,131.44000244140625,133.8800048828125,71379600,61560,-0.059930952,0,2.765232389225858,2.1454595351873893
13-01-2023,1770,133.35763549804688,134.75999450683594,134.9199981689453,131.66000366210938,132.02999877929688,57809700,61584,1.0119112567793076,1,-19.01089387,2.4760704968551783
17-01-2023,1771,134.52532958984375,135.94000244140625,137.2899932861328,134.1300048828125,134.8300018310547,63646600,61680,0.8756366745847899,1,10.096748469547489,2.355914626321791
18-01-2023,1772,133.80294799804688,135.2100067138672,138.61000061035156,135.02999877929688,136.82000732421875,69672800,61704,-0.536998466,0,9.468219826353641,2.651264062
19-01-2023,1773,133.86228942871094,135.27000427246094,136.25,133.77000427246094,134.0800018310547,58280400,61728,0.044373608,1,-16.35128773,1.853925131442652
20-01-2023,1774,136.4352264404297,137.8699951171875,138.02000427246094,134.22000122070312,135.27999877929688,80223600,61752,1.9220749335452592,1,37.651079951407326,2.8311749494841094
23-01-2023,1775,139.6415557861328,141.11000061035156,143.32000732421875,137.89999389648438,138.1199951171875,81760300,61824,2.350043960188808,1,1.9155211184738619,3.9303942477350273
24-01-2023,1776,141.0467529296875,142.52999877929688,143.16000366210938,140.3000030517578,140.30999755859375,66435100,61848,1.0063058343160014,1,-18.74406038,2.038489342937851
25-01-2023,1777,140.3837432861328,141.86000061035156,142.42999267578125,138.80999755859375,140.88999938964844,65799300,61872,-0.470075194,0,-0.957024224,2.6078778048097337
26-01-2023,1778,142.46189880371094,143.9600067138672,144.25,141.89999389648438,143.1699981689453,54105100,61896,1.4803370185255682,1,-17.77252949,1.6561002146553632
27-01-2023,1779,144.411377,145.92999267578125,147.22999572753906,143.0800018310547,143.16000366210938,70555800,61920,1.3684258613779976,1,30.40508196085028,2.900470955671768
30-01-2023,1780,141.51187133789062,143,145.5500030517578,142.85000610351562,144.9600067138672,64015300,61992,-2.007807046,0,-9.269967884,1.8900922876304582
31-01-2023,1781,142.78843688964844,144.2899932861328,144.33999633789062,142.27999877929688,142.6999969482422,65874500,62016,0.9020932070858745,1,2.904305689421127,1.4478476077225688
01-02-2023,1782,143.91656494140625,145.42999267578125,146.61000061035156,141.32000732421875,143.97000122070312,77663600,62040,0.7900751560697472,1,17.896302818237707,3.743272722875269
02-02-2023,1783,149.25051879882812,150.82000732421875,151.17999267578125,148.1699981689453,148.89999389648438,118339000,62064,3.706260688917107,1,52.373827636112665,2.0314466788370367
03-02-2023,1784,152.89218139648438,154.5,157.3800048828125,147.8300018310547,148.02999877929688,154357300,62088,2.4399897209064214,1,30.43654247543075,6.4601250987413845
06-02-2023,1785,150.15103149414062,151.72999572753906,153.10000610351562,150.77999877929688,152.57000732421875,69858300,62160,-1.792883024,0,-54.74247088,1.5386704755281526
07-02-2023,1786,153.04061889648438,154.64999389648438,155.22999572753906,150.63999938964844,150.63999938964844,83322600,62184,1.9244699473851767,1,19.27372982165325,3.0469970502443036
08-02-2023,1787,150.33905029296875,151.9199981689453,154.5800018310547,151.1699981689453,153.8800048828125,64120100,62208,-1.765273738,0,-23.04596832,2.2557410223015326
09-02-2023,1788,149.2999725341797,150.8699951171875,154.3300018310547,150.4199981689453,153.77999877929688,56007100,62232,-0.691155256,0,-12.65281869,2.5993908454365395
10-02-2023,1789,149.6666717529297,151.00999450683594,151.33999633789062,149.22000122070312,149.4600067138672,57450700,62256,0.09279472,1,2.577530349,1.4207177991185855
13-02-2023,1790,152.4814453,153.85000610351562,154.25999450683594,150.9199981689453,150.9499969482422,62199000,62328,1.880677902118011,1,8.264999382078898,2.2130906297465707
14-02-2023,1791,151.83718872070312,153.1999969482422,153.77000427246094,150.86000061035156,152.1199951171875,61707600,62352,-0.422495372,0,-0.790044856,1.928943159443219
15-02-2023,1792,153.94825744628906,155.3300018310547,155.5,152.8800048828125,153.11000061035156,65573800,62376,1.3903426404976438,1,6.265354672682144,1.7137591794269051
16-02-2023,1793,152.34266662597656,153.7100067138672,156.3300018310547,153.35000610351562,153.50999450683594,68167900,62400,-1.04293768,0,3.9560007197996683,1.9432641727627191
17-02-2023,1794,151.1929931640625,152.5500030517578,153,150.85000610351562,152.35000610351562,59144100,62424,-0.754670231,0,-13.2376089,1.4252527739435528
21-02-2023,1795,147.1591797,148.47999572753906,151.3000030517578,148.41000366210938,150.1999969482422,58867200,62520,-2.66798246,0,-0.468178567,1.9473076735637092
22-02-2023,1796,147.58535766601562,148.91000366210938,149.9499969482422,147.16000366210938,148.8699951171875,51011300,62544,0.28960664530148783,1,-13.34512258,1.8958910143403167
23-02-2023,1797,148.0709991455078,149.39999389648438,150.33999633789062,147.24000549316406,150.08999633789062,48394200,62568,0.32905125399556034,1,-5.130431885,2.1053998431631995
24-02-2023,1798,145.40493774414062,146.7100067138672,147.19000244140625,145.72000122070312,147.11000061035156,55469600,62592,-1.80052697,0,14.62034707,1.0087847985100586
27-02-2023,1799,146.6041717529297,147.9199981689453,149.1699981689453,147.4499969482422,147.7100067138672,44998500,62664,0.8247504598905886,1,-18.87718678,1.1664979696858717
28-02-2023,1800,146.0987091064453,147.41000366210938,149.0800018310547,146.8300018310547,147.0500030517578,50547000,62688,-0.344777253,0,12.330411013700449,1.5323843710012968
01-03-2023,1801,144.0174102783203,145.30999755859375,147.22999572753906,145.00999450683594,146.8300018310547,55479000,62712,-1.424602165,0,9.757255623479132,1.5309298012548174
02-03-2023,1802,144.6120605,145.91000366210938,146.7100067138672,143.89999389648438,144.3800048828125,52238100,62736,0.41291453691869595,1,-5.841669821,1.9527539517508372
03-03-2023,1803,149.6865234,151.02999877929688,151.11000061035156,147.3300018310547,148.0399932861328,70732300,62760,3.5090089703815774,1,35.403661312337164,2.5656680460992938
06-03-2023,1804,152.4615936279297,153.8300018310547,156.3000030517578,153.4600067138672,153.7899932861328,87558000,62832,1.853938339660255,1,23.787859294834178,1.8506426519229342
07-03-2023,1805,150.25143432617188,151.60000610351562,154.02999877929688,151.1300048828125,153.6999969482422,56182000,62856,-1.449649419,0,-35.83453254,1.918873687
08-03-2023,1806,151.5101318359375,152.8699951171875,153.47000122070312,151.8300018310547,152.80999755859375,47204800,62880,0.83772359,1,-15.97878324,1.0801550219786658
09-03-2023,1807,149.25042724609375,150.58999633789062,154.5399932861328,150.22999572753906,153.55999755859375,53833600,62904,-1.491462584,0,14.04263973155273,2.868932757217454
10-03-2023,1808,147.1790008544922,148.5,150.94000244140625,147.61000061035156,150.2100067138672,68572400,62928,-1.387871963,0,27.378440230636624,2.2559459503322854
13-03-2023,1809,149.13148498535156,150.47000122070312,153.13999938964844,147.6999969482422,147.80999755859375,84457100,63000,1.3266001486216261,1,23.164859331159484,3.6831432320967243
14-03-2023,1810,151.23263549804688,152.58999633789062,153.39999389648438,150.10000610351562,151.27999877929688,73695900,63024,1.408915464869298,1,-12.74161675,2.198526088461936
15-03-2023,1811,151.62905883789062,152.99000549316406,153.25,149.9199981689453,151.19000244140625,77167900,63048,0.26214638237991306,1,4.7112525934278615,2.221185880286697
16-03-2023,1812,154.463623,155.85000610351562,156.4600067138672,151.63999938964844,152.16000366210938,76161100,63072,1.8694035607962345,1,-1.304687571,3.178585692178381
17-03-2023,1813,153.62118530273438,155,156.74000549316406,154.27999877929688,156.0800018310547,98944600,63096,-0.545400109,0,29.914877805073715,1.5945078644875519
20-03-2023,1814,155.9998321533203,157.39999389648438,157.82000732421875,154.14999389648438,155.07000732421875,73641400,63168,1.5483831590221708,1,-25.57309848,2.380806729190584
21-03-2023,1815,157.86309814453125,159.27999877929688,159.39999389648438,156.5399932861328,157.32000732421875,73938300,63192,1.1944122971497162,1,0.40316995603015826,1.8270095394241448
22-03-2023,1816,156.4260254,157.8300018310547,162.13999938964844,157.80999755859375,159.3000030517578,75701800,63216,-0.910344651,0,2.385096763111938,2.7438070452076317
23-03-2023,1817,157.51620483398438,158.92999267578125,161.5500030517578,157.67999267578125,158.8300018310547,67622100,63240,0.6969466083539766,1,-10.67306194,2.4543445939485853
24-03-2023,1818,158.82447814941406,160.25,160.33999633789062,157.85000610351562,158.86000061035156,59196500,63264,0.8305589788276002,1,-12.45983192,1.577440695657688
27-03-2023,1819,156.87200927734375,158.27999877929688,160.77000427246094,157.8699951171875,159.94000244140625,52390300,63336,-1.229329935,0,-11.49763922,1.8369603122624725
28-03-2023,1820,156.24758911132812,157.64999389648438,158.49000549316406,155.97999572753906,157.97000122070312,45992200,63360,-0.398031898,0,-12.21237519,1.609186969083783
29-03-2023,1821,159.3398895263672,160.77000427246094,161.0500030517578,159.35000610351562,159.3699951171875,51305700,63384,1.9790742129842442,1,11.553045951270002,1.0668320571872771
30-03-2023,1822,160.91571044921875,162.36000061035156,162.47000122070312,161.27000427246094,161.52999877929688,49501700,63408,0.9889881791605992,1,-3.516178514,0.7440918437720309
31-03-2023,1823,163.43312072753906,164.89999389648438,165,161.91000366210938,162.44000244140625,68749800,63432,1.5644205941022005,1,38.88371510473378,1.9084653622386114
03-04-2023,1824,164.69183349609375,166.1699981689453,166.2899932861328,164.22000122070312,164.27000427246094,56976200,63504,0.770166355,1,-17.12528618,1.2604993606398323
04-04-2023,1825,164.15663146972656,165.6300048828125,166.83999633789062,165.11000061035156,166.60000610351562,46278300,63528,-0.324964369,0,-18.77608545,1.047783732750226
05-04-2023,1826,162.30325317382812,163.75999450683594,165.0500030517578,161.8000030517578,164.74000549316406,51511700,63552,-1.129028751,0,11.308539855612665,2.0086526197161847
06-04-2023,1827,163.1952667236328,164.66000366210938,164.9600067138672,162,162.42999267578125,45390100,63576,0.5495903672834368,1,-11.8839021,1.8271646381896218
10-04-2023,1828,160.58863830566406,162.02999877929688,162.02999877929688,160.0800018310547,161.4199981689453,47716900,63672,-1.597233587,0,5.126227966010211,1.2181390092062694
11-04-2023,1829,159.36961364746094,160.8000030517578,162.36000061035156,160.50999450683594,162.35000610351562,47644200,63696,-0.759116051,0,-0.152356922,1.1525800055004272
12-04-2023,1830,158.67584228515625,160.10000610351562,162.05999755859375,159.77999877929688,161.22000122070312,50133100,63720,-0.435321477,0,5.223930719793812,1.4269613197620707
13-04-2023,1831,164.08726501464844,165.55999755859375,165.8000030517578,161.4199981689453,161.6300048828125,68445600,63744,3.4103630524210393,1,36.527763094642054,2.7134214672882737
14-04-2023,1832,163.74037170410156,165.2100067138672,166.32000732421875,163.82000732421875,164.58999633789062,49386500,63768,-0.211398194,0,-27.84561754,1.5260651252763107
17-04-2023,1833,163.7602081298828,165.22999572753906,165.38999938964844,164.02999877929688,165.08999633789062,41516200,63840,0.012099154,1,-15.93613639,0.8291170032753885
18-04-2023,1834,164.9891815185547,166.47000122070312,167.41000366210938,165.64999389648438,166.10000610351562,49923000,63864,0.7504723871135432,1,20.24944479504387,1.0624870694078263
19-04-2023,1835,166.13885498046875,167.6300048828125,168.16000366210938,165.5399932861328,165.8000030517578,47720200,63888,0.6968244450070493,1,-4.412395088,1.5827053776956022
20-04-2023,1836,165.1675262451172,166.64999389648438,167.8699951171875,165.55999755859375,166.08999633789062,52456400,63912,-0.584627428,0,9.924937447873216,1.3952631025959112
21-04-2023,1837,163.5520782470703,165.02000427246094,166.4499969482422,164.49000549316406,165.0500030517578,58337300,63936,-0.978091619,0,11.211024774860645,1.1915565624803746
24-04-2023,1838,163.85931396484375,165.3300018310547,165.60000610351562,163.88999938964844,165,41949600,64008,0.1878545331279513,1,-28.09128979,1.043386857181961
25-04-2023,1839,162.3131866455078,163.77000427246094,166.30999755859375,163.72999572753906,165.19000244140625,48714100,64032,-0.943565923,0,16.125302744245484,1.5757661383855617
26-04-2023,1840,162.30325317382812,163.75999450683594,165.27999877929688,162.8000030517578,163.05999755859375,45498800,64056,-0.006112087,0,-6.600347743,1.5233388704241089
27-04-2023,1841,166.91189575195312,168.41000366210938,168.55999755859375,165.19000244140625,165.19000244140625,64902300,64080,2.839526936524983,1,42.64617967946407,2.040072079049006
28-04-2023,1842,168.17059326171875,169.67999267578125,169.85000610351562,167.8800048828125,168.49000549316406,55209200,64104,0.7541054486406518,1,-14.93490986,1.1734579243539283
01-05-2023,1843,168.0814208984375,169.58999633789062,170.4499969482422,168.63999938964844,169.27999877929688,52472900,64176,-0.053038862,0,-4.956239178,1.0732907762954205
02-05-2023,1844,167.04074096679688,168.5399932861328,170.35000610351562,167.5399932861328,170.08999633789062,48425700,64200,-0.619142092,0,-7.712933724,1.6772191297535377
03-05-2023,1845,165.96046447753906,167.4499969482422,170.9199981689453,167.16000366210938,169.5,65136000,64224,-0.646728599,0,34.507090243403816,2.2493386123849586
04-05-2023,1846,164.31517028808594,165.7899932861328,167.0399932861328,164.30999755859375,164.88999938964844,81235400,64248,-0.991342904,0,24.716592974699083,1.6614909427927735
05-05-2023,1847,172.02601623535156,173.57000732421875,174.3000030517578,170.75999450683594,170.97999572753906,113316400,64272,4.692692172716728,1,39.49140399382536,2.073090102365961
08-05-2023,1848,171.95660400390625,173.5,173.85000610351562,172.11000061035156,172.47999572753906,55962800,64344,-0.040333768,0,-50.61367993,1.0109845372107968
09-05-2023,1849,170.24203491210938,171.77000427246094,173.5399932861328,171.60000610351562,173.0500030517578,45326900,64368,-0.997115693,0,-19.00530352,1.1305286209878767
10-05-2023,1850,172.01608276367188,173.55999755859375,174.02999877929688,171.89999389648438,173.02000427246094,53724500,64392,1.0420872338650744,1,18.526746810392947,1.2390953801284934
11-05-2023,1851,172.2043914794922,173.75,174.58999633789062,172.1699981689453,173.85000610351562,49514700,64416,0.10947363682816125,1,-7.835903545,1.405586452159127
12-05-2023,1852,171.27146911621094,172.57000732421875,174.05999755859375,171,173.6199951171875,45497800,64440,-0.679132475,0,-8.112540316,1.7894722564875731
15-05-2023,1853,170.77525329589844,172.07000732421875,173.2100067138672,171.47000122070312,173.16000366210938,37266700,64512,-0.289737486,0,-18.09120441,1.0147579639452267
16-05-2023,1854,170.77525329589844,172.07000732421875,173.13999938964844,171.8000030517578,171.99000549316406,42110300,64536,0,0,12.997126120638525,0.7799745716459197
17-05-2023,1855,171.3905792236328,172.69000244140625,172.92999267578125,170.4199981689453,171.7100067138672,57951600,64560,0.36031562201266354,1,37.61858737648509,1.4728286197654237
18-05-2023,1856,173.73280334472656,175.0500030517578,175.24000549316406,172.5800018310547,173,65496700,64584,1.3666110237923634,1,13.019657783391647,1.5413162787617518
19-05-2023,1857,173.8419952392578,175.16000366210938,176.38999938964844,174.94000244140625,176.38999938964844,55772400,64608,0.062839536,1,-14.84700756,0.8288538516099793
22-05-2023,1858,172.88919067382812,174.1999969482422,174.7100067138672,173.4499969482422,173.97999572753906,43570900,64680,-0.548074157,0,-21.87730849,0.7264397738796095
23-05-2023,1859,170.26907348632812,171.55999755859375,173.3800048828125,171.27999877929688,173.1300048828125,50747300,64704,-1.515499102,0,16.470626037102743,1.2260661597864626
24-05-2023,1860,170.54696655273438,171.83999633789062,172.4199981689453,170.52000427246094,171.08999633789062,45143500,64728,0.163207498,1,-11.04255793,1.1142351916954678
25-05-2023,1861,171.68832397460938,172.99000549316406,173.89999389648438,171.69000244140625,172.41000366210938,56058300,64752,0.6692325301335345,1,24.178010123273562,1.2871986858013722
26-05-2023,1862,174.1099395751953,175.42999267578125,175.77000427246094,173.11000061035156,173.32000732421875,54835000,64776,1.4104787011603337,1,-2.182192467,1.5365973385308354
30-05-2023,1863,175.96588134765625,177.3000030517578,178.99000549316406,176.57000732421875,176.9600067138672,55964400,64872,1.0659581907596527,1,2.0596334457919196,1.3705601566305083
31-05-2023,1864,175.9162598,177.25,179.35000610351562,176.75999450683594,177.3300018310547,99625300,64896,-0.02820251,0,78.01548841763693,1.4652702405348415
01-06-2023,1865,178.7348633,180.08999633789062,180.1199951171875,176.92999267578125,177.6999969482422,68901800,64920,1.6022546335066945,1,-30.83905394,1.8029743816537829
02-06-2023,1866,179.58840942382812,180.9499969482422,181.77999877929688,179.25999450683594,181.02999877929688,61945900,64944,0.47753935689909266,1,-10.09538212,1.4057817414274432
05-06-2023,1867,178.22872924804688,179.5800018310547,184.9499969482422,178.0399932861328,182.6300048828125,121946500,65016,-0.75711254,0,96.85967917166431,3.8811525065630197
06-06-2023,1868,177.8614959716797,179.2100067138672,180.1199951171875,177.42999267578125,179.97000122070312,64848400,65040,-0.206033586,0,-46.82225402,1.516092291296943
07-06-2023,1869,176.48199462890625,177.82000732421875,181.2100067138672,177.32000732421875,178.44000244140625,61944600,65064,-0.77562599,0,-4.477828289,2.1937735331444084
08-06-2023,1870,179.21128845214844,180.57000732421875,180.83999633789065,177.4600067138672,177.89999389648438,50214900,65088,1.546507640721173,1,-18.93579101,1.9046486510469318
09-06-2023,1871,179.59832763671875,180.9600067138672,182.22999572753903,180.6300048828125,181.5,48870700,65112,0.2159823746078704,1,-2.676894707,0.8857835362206637
12-06-2023,1872,182.4070281982422,183.7899932861328,183.88999938964844,180.97000122070312,181.27000427246097,54274900,65184,1.5638740424785524,1,11.058159592557493,1.6135260812559813
13-06-2023,1873,181.9306641,183.30999755859375,184.1499938964844,182.44000244140625,182.8000030517578,54929100,65208,-0.261165322,0,1.2053453806455616,0.9372897567392582
14-06-2023,1874,182.5658416748047,183.9499969482422,184.38999938964844,182.02000427246097,183.3699951171875,57462900,65232,0.3491350161869189,1,4.612855480974565,1.302052006
15-06-2023,1875,184.61033630371097,186.0099945068359,186.52000427246097,183.77999877929688,183.9600067138672,65433200,65256,1.1198682211304156,1,13.87034068938393,1.4909160471018335
16-06-2023,1876,183.52853393554688,184.9199981689453,186.9900054931641,184.27000427246097,186.72999572753903,101235600,65280,-0.585988049,0,54.71595459185856,1.476095489031053
20-06-2023,1877,183.61785888671875,185.0099945068359,186.1000061035156,184.41000366210935,184.41000366210935,49799100,65376,0.048667715,1,-50.80870761,0.9164375076434609
21-06-2023,1878,182.5757751464844,183.9600067138672,185.41000366210935,182.58999633789065,184.8999938964844,49515700,65400,-0.567530309,0,-0.56908659,1.5444478781850393
22-06-2023,1879,185.59288024902344,187,187.0500030517578,183.6699981689453,183.7400054931641,51245300,65424,1.6525294494369236,1,3.4930335227008724,1.8402596594482827
23-06-2023,1880,185.2752990722656,186.67999267578125,187.55999755859375,185.0099945068359,185.5500030517578,53079300,65448,-0.171126911,0,3.5788647934542395,1.3783055658993717
26-06-2023,1881,183.8759002685547,185.27000427246097,188.0500030517578,185.22999572753903,186.8300018310547,48088700,65520,-0.75529701,0,-9.402158657,1.5224355607969786
27-06-2023,1882,186.6448974609375,188.05999755859375,188.38999938964844,185.6699981689453,185.88999938964844,50730800,65544,1.5059066345298744,1,5.494222135345717,1.4649653942626395
28-06-2023,1883,187.82595825195312,189.25,189.8999938964844,187.6000061035156,187.92999267578125,51216800,65568,0.6327780797909854,1,0.9579979026548058,1.2260062463429235
29-06-2023,1884,188.1634063720703,189.58999633789065,190.07000732421875,188.94000244140625,189.0800018310547,46347300,65592,0.1796546039052327,1,-9.507622499,0.5980760390658592
30-06-2023,1885,192.5104522705078,193.97000122070312,194.47999572753903,191.2599945068359,191.6300048828125,85069600,65616,2.3102510509079632,1,83.54812470197832,1.683572787401726
03-07-2023,1886,191.0118103027344,192.4600067138672,193.8800048828125,191.7599945068359,193.77999877929688,31458200,65688,-0.778468061,0,-63.02063252,1.1055540450075556
05-07-2023,1887,189.8903045654297,191.3300018310547,192.97999572753903,190.6199951171875,191.57000732421875,46920300,65736,-0.587137506,0,49.15125468081454,1.238065612634538
06-07-2023,1888,190.3666992,191.80999755859375,192.02000427246097,189.1999969482422,189.83999633789065,45094300,65760,0.2508732153585047,1,-3.891705722,1.490490153120998
07-07-2023,1889,189.24517822265625,190.67999267578125,192.6699981689453,190.2400054931641,191.41000366210935,46778000,65784,-0.589127208,0,3.733731314157218,1.2773300071569536
10-07-2023,1890,187.19078063964844,188.61000061035156,189.9900054931641,187.0399932861328,189.2599945068359,59922200,65856,-1.085584301,0,28.099106417546714,1.5772093204250521
11-07-2023,1891,186.66476440429688,188.0800018310547,189.3000030517578,186.6000061035156,189.16000366210935,46638100,65880,-0.28100248,0,-22.16891236,1.446943654838041
12-07-2023,1892,188.342041,189.77000427246097,191.6999969482422,188.47000122070312,189.67999267578125,60750200,65904,0.8985550962107736,1,30.258736955407706,1.7137983268523758
13-07-2023,1893,189.10623168945312,190.5399932861328,191.19000244140625,189.77999877929688,190.5,41342300,65928,0.4057485357729984,1,-31.94705532,0.7429674734844569
14-07-2023,1894,189.255127,190.69000244140625,191.17999267578125,189.6300048828125,190.22999572753903,41573900,65952,0.078728435,1,0.5602010531586377,0.8173747577165392
17-07-2023,1895,192.53028869628903,193.9900054931641,194.32000732421875,191.80999755859375,191.8999938964844,50520200,66024,1.7305590274832694,1,21.51902996832147,1.3085917301355718
18-07-2023,1896,192.27224731445312,193.72999572753903,194.3300018310547,192.4199981689453,193.3500061035156,48353800,66048,-0.134032557,0,-4.288185716,0.9926222223702477
19-07-2023,1897,193.6319580078125,195.1000061035156,198.22999572753903,192.6499938964844,193.1000061035156,80507300,66072,0.7071751438550322,1,66.496325,2.8964453713156635
20-07-2023,1898,191.67677307128903,193.1300048828125,196.47000122070312,192.5,195.08999633789065,59581200,66096,-1.00973919,0,-25.99279817,2.062338296469156
21-07-2023,1899,190.4956970214844,191.94000244140625,194.97000122070312,191.22999572753903,194.1000061035156,71917800,66120,-0.616166526,0,20.705524561438835,1.955762995724155
24-07-2023,1900,191.29962158203125,192.75,194.91000366210935,192.25,193.41000366210935,45377800,66192,0.42200559981810937,1,-36.90324231,1.3836169893936783
25-07-2023,1901,192.16307067871097,193.6199951171875,194.44000244140625,192.9199981689453,193.3300018310547,37283200,66216,0.4513593344682265,1,-17.83823808,0.7878935760355069
26-07-2023,1902,193.0364532470703,194.5,195.63999938964844,193.32000732421875,193.6699981689453,47471900,66240,0.45450103553605903,1,27.32785812376619,1.2000786144906397
27-07-2023,1903,191.76608276367188,193.22000122070312,197.1999969482422,192.5500030517578,196.02000427246097,47460200,66264,-0.658097059,0,-0.024646159,2.4149539458768263
28-07-2023,1904,194.35643005371097,195.8300018310547,196.6300048828125,194.13999938964844,194.6699981689453,48291400,66288,1.3507921508448373,1,1.751362194006778,1.2825824152633791
31-07-2023,1905,194.9717712402344,196.4499969482422,196.4900054931641,195.2599945068359,196.05999755859375,38824100,66360,0.3165986372825502,1,-19.60452586,0.629934969
01-08-2023,1906,194.1381072998047,195.61000061035156,196.72999572753903,195.27999877929688,196.2400054931641,35175100,66384,-0.42758786,0,-9.39880126,0.742521998
02-08-2023,1907,191.1309051513672,192.5800018310547,195.17999267578125,191.8500061035156,195.0399932861328,50389300,66408,-1.548999933,0,43.25275550033973,1.7357239855749125
03-08-2023,1908,189.73150634765625,191.1699981689453,192.3699951171875,190.69000244140625,191.57000732421875,61235200,66432,-0.732165151,0,21.524212481618132,0.8810072128964732
04-08-2023,1909,180.62057495117188,181.9900054931641,187.3800048828125,181.9199981689453,185.52000427246097,115799700,66456,-4.802004898,0,89.10642898202342,3.001322981982769
07-08-2023,1910,177.5042266845703,178.85000610351562,183.1300048828125,177.35000610351562,182.1300048828125,97576100,66528,-1.725369138,0,-15.73717376,3.2590913901199454
08-08-2023,1911,178.4470672607422,179.8000030517578,180.27000427246097,177.5800018310547,179.69000244140625,67823000,66552,0.5311696482092065,1,-30.49220045,1.5148115855779085
09-08-2023,1912,176.84918212890625,178.19000244140625,180.92999267578125,177.00999450683594,180.8699951171875,60378500,66576,-0.895439701,0,-10.97636495,2.2145631832071078
10-08-2023,1913,176.63082885742188,177.97000122070312,180.75,177.60000610351562,179.47999572753906,54686900,66600,-0.123464402,0,-9.42653428,1.7736451510302171
11-08-2023,1914,176.69046020507812,177.7899932861328,178.6199951171875,176.5500030517578,177.32000732421875,51988100,66624,-0.101145099,0,-4.935002715,1.1724678729248414
14-08-2023,1915,178.35015869140625,179.4600067138672,179.69000244140625,177.30999755859375,177.97000122070312,43675600,66696,0.9393180104611876,1,-15.989236,1.3422846515047777
15-08-2023,1916,176.35256958007812,177.4499969482422,179.47999572753906,177.0500030517578,178.8800048828125,43622600,66720,-1.120032147,0,-0.12134922,1.3724894853974554
16-08-2023,1917,175.4780273,176.57000732421875,178.5399932861328,176.5,177.1300048828125,46964900,66744,-0.495908503,0,7.661854176504845,1.1558035615483357
17-08-2023,1918,172.92391967773438,174,177.50999450683594,173.47999572753906,177.13999938964844,66062900,66768,-1.455517482,0,40.664411081467236,2.323033709
18-08-2023,1919,173.41090393066406,174.49000549316406,175.10000610351562,171.9600067138672,172.3000030517578,61114200,66792,0.28161235239314575,1,-7.490891257,1.8260056216869305
21-08-2023,1920,174.7525177001953,175.83999633789062,176.1300048828125,173.74000549316406,175.07000732421875,46311900,66864,0.7736780344014926,1,-24.22072121,1.3756183458521152
22-08-2023,1921,176.13392639160156,177.22999572753906,177.67999267578125,176.25,177.05999755859375,42084200,66888,0.7904910251348207,1,-9.128755244,0.811343362
23-08-2023,1922,179.9998779296875,181.1199951171875,181.5500030517578,178.3300018310547,178.52000427246094,52722800,66912,2.1948877071738204,1,25.279320980320396,1.8056418929180924
24-08-2023,1923,175.2891845703125,176.3800048828125,181.1000061035156,176.00999450683594,180.6699981689453,54945800,66936,-2.617044149,0,4.216392149127124,2.891887822019091
25-08-2023,1924,177.50540161132812,178.61000061035156,179.14999389648438,175.82000732421875,177.3800048828125,51449600,66960,1.264313224744873,1,-6.362997718,1.8939747659804176
28-08-2023,1925,179.07562255859375,180.19000244140625,180.58999633789065,178.5500030517578,180.08999633789062,43820700,67032,0.8846099466185864,1,-14.82790925,1.142533325
29-08-2023,1926,182.98130798339844,184.1199951171875,184.8999938964844,179.5,179.6999969482422,53003900,67056,2.181027039532446,1,20.956306038013995,3.0083531456737624
30-08-2023,1927,186.489502,187.6499938964844,187.8500061035156,184.7400054931641,184.94000244140625,60813900,67080,1.9172272827023162,1,14.734764800326005,1.6834472869313541
31-08-2023,1928,186.70811462402344,187.8699951171875,189.1199951171875,187.47999572753903,187.83999633789065,60794500,67104,0.1172401960345626,1,-0.031900602,0.8747596687765261
01-09-2023,1929,188.28829956054688,189.4600067138672,189.9199981689453,188.27999877929688,189.4900054931641,45732600,67128,0.8463361036912254,1,-24.77510301,0.8710428087323583
05-09-2023,1930,188.5268096923828,189.6999969482422,189.97999572753903,187.61000061035156,188.27999877929688,45280000,67224,0.12667065653462206,1,-0.989666015,1.263256281369419
06-09-2023,1931,181.77879333496097,182.91000366210935,188.8500061035156,181.47000122070312,188.3999938964844,81755800,67248,-3.579332312,0,80.55609540636041,4.066790562169522
07-09-2023,1932,176.46188354492188,177.55999755859375,178.2100067138672,173.5399932861328,175.17999267578125,112488800,67272,-2.924939039,0,37.59121677,2.691030084364735
08-09-2023,1933,177.07803344726562,178.17999267578125,180.2400054931641,177.7899932861328,178.35000610351562,65551300,67296,0.3491749975851999,1,-41.72637631,1.3780371784413432
11-09-2023,1934,178.25076293945312,179.36000061035156,180.3000030517578,177.33999633789062,180.07000732421875,58953100,67368,0.6622561359722834,1,-10.06570427,1.6691140041682464
12-09-2023,1935,175.20968627929688,176.3000030517578,180.1300048828125,174.82000732421875,179.49000549316406,90370200,67392,-1.706064646,0,53.29168440675724,3.0374083835529775
13-09-2023,1936,173.1326141357422,174.2100067138672,177.3000030517578,173.97999572753906,176.50999450683594,84267900,67416,-1.185477199,0,-6.752557812,1.9082695745193827
14-09-2023,1937,174.6531524658203,175.74000549316406,176.10000610351562,173.5800018310547,174,60895800,67440,0.8782496529087691,1,-27.73547223,1.4517826050685587
15-09-2023,1938,173.9276580810547,175.00999450683594,176.5,173.82000732421875,176.47999572753906,109205100,67464,-0.415392605,0,79.33108687,1.5418205976613375
18-09-2023,1939,176.86935424804688,177.97000122070312,179.3800048828125,176.1699981689453,176.47999572753906,67257600,67536,1.6913358132535583,1,-38.41166759,1.8221074798382086
19-09-2023,1940,177.96255493164062,179.07000732421875,179.6300048828125,177.1300048828125,177.52000427246094,51826900,67560,0.6180851244426799,1,-22.94268603,1.4113927234710888
20-09-2023,1941,174.40469360351562,175.49000549316406,179.6999969482422,175.39999389648438,179.25999450683594,58436200,67584,-1.999219124,0,12.752643897281146,2.4515411638472124
21-09-2023,1942,172.85433959960938,173.92999267578125,176.3000030517578,173.86000061035156,174.5500030517578,63047900,67608,-0.888946817,0,7.891854706500423,1.4034294448639115
22-09-2023,1943,173.7090301513672,174.7899932861328,177.0800018310547,174.0500030517578,174.6699981689453,56725400,67632,0.49445216268977354,1,-10.02808975,1.7408783258658342
25-09-2023,1944,174.99105834960938,176.0800018310547,176.97000122070312,174.14999389648438,174.1999969482422,46172700,67704,0.738033408,1,-18.60313017,1.6192979747647747
26-09-2023,1945,170.89651489257812,171.9600067138672,175.1999969482422,171.66000366210938,174.82000732421875,64588900,67728,-2.339842727,0,39.885473450762035,2.0622120532519816
27-09-2023,1946,169.37599182128906,170.42999267578125,173.0399932861328,169.0500030517578,172.6199951171875,66921800,67752,-0.889749929,0,3.6119209337827307,2.360242627829702
28-09-2023,1947,169.63438415527344,170.69000244140625,172.02999877929688,167.6199951171875,169.33999633789062,56294400,67776,0.15256103784480057,1,-15.88032599,2.6309532219149787
29-09-2023,1948,170.15118408203125,171.2100067138672,173.07000732421875,170.33999633789062,172.02000427246094,51814200,67800,0.3046483478957418,1,-7.958518076,1.602683483
02-10-2023,1949,172.67544555664062,173.75,174.3000030517578,170.92999267578125,171.22000122070312,52164500,67872,1.4835542237771948,1,0.6760694944629053,1.9715734630427169
03-10-2023,1950,171.33377075195312,172.39999389648438,173.6300048828125,170.82000732421875,172.25999450683594,49594600,67896,-0.77698193,0,-4.926530495,1.6450049397670004
04-10-2023,1951,172.5860137939453,173.66000366210938,174.2100067138672,170.97000122070312,171.08999633789062,53020300,67920,0.730864159,1,6.9074052416997045,1.8950725098150865
05-10-2023,1952,173.82827758789062,174.91000366210938,175.4499969482422,172.67999267578125,173.7899932861328,48527900,67944,0.7197972898999483,1,-8.472981103,1.6041257759732557
06-10-2023,1953,176.39231872558594,177.49000549316406,177.99000549316406,173.17999267578125,173.8000030517578,57224100,67968,1.4750453244736894,1,17.92000065941448,2.777464499832768
09-10-2023,1954,177.8830566,178.99000549316406,179.0500030517578,175.8000030517578,176.80999755859375,42390800,68040,0.8451180086631815,1,-25.92142122,1.8486916630161592
10-10-2023,1955,177.28675842285156,178.38999938964844,179.72000122070312,177.9499969482422,178.10000610351562,43698000,68064,-0.335217657,0,3.0836879700312236,0.9946638397390666
11-10-2023,1956,178.6880340576172,179.8000030517578,179.85000610351562,177.60000610351562,178.1999969482422,47551100,68088,0.7904051050695804,1,8.817566021328215,1.2668918483530733
12-10-2023,1957,179.5924072265625,180.7100067138672,182.33999633789065,179.0399932861328,180.07000732421875,56743100,68112,0.5061199369654101,1,19.330783094397397,1.8431653125030787
13-10-2023,1958,177.74392700195312,178.85000610351562,181.92999267578125,178.13999938964844,181.4199981689453,51427100,68136,-1.029273721,0,-9.368539963,2.127536375389168
16-10-2023,1959,177.61471557617188,178.72000122070312,179.0800018310547,176.50999450683594,176.75,52517000,68208,-0.072689337,0,2.1193106358320835,1.4560123529544486
17-10-2023,1960,176.05441284179688,177.14999389648438,178.4199981689453,174.8000030517578,176.64999389648438,57549400,68232,-0.878473206,0,9.582420930365409,2.0709353855764117
18-10-2023,1961,174.7525177001953,175.83999633789062,177.5800018310547,175.11000061035156,175.5800018310547,54764400,68256,-0.739484958,0,-4.839320653,1.410542637253073
19-10-2023,1962,174.37489318847656,175.4600067138672,177.83999633789062,175.19000244140625,176.0399932861328,59302900,68280,-0.216099654,0,8.287318039,1.5126399106996344
20-10-2023,1963,171.8108367919922,172.8800048828125,175.4199981689453,172.63999938964844,175.30999755859375,64189300,68304,-1.470421596,0,8.239731952400309,1.6102866016712722
23-10-2023,1964,171.93008422851562,173,174.00999450683594,169.92999267578125,170.91000366210938,55980100,68376,0.069409483,1,-12.7890474,2.400989823402833
24-10-2023,1965,172.36737060546875,173.44000244140625,173.6699981689453,171.4499969482422,173.0500030517578,43816600,68400,0.2543366713330997,1,-21.72825701,1.2948388802674082
25-10-2023,1966,170.04183959960938,171.10000610351562,173.05999755859375,170.64999389648438,171.8800048828125,57157000,68424,-1.349167611,0,30.445995353359233,1.4122494862620822
26-10-2023,1967,165.85787963867188,166.88999938964844,171.3800048828125,165.6699981689453,170.3699951171875,70625300,68448,-2.460553222,0,23.563692985985973,3.446614822826456
27-10-2023,1968,167.1796417236328,168.22000122070312,168.9600067138672,166.8300018310547,166.91000366210938,58499100,68472,0.7969332110484562,1,-17.16976777,1.276751698995671
30-10-2023,1969,169.23684692382812,170.2899932861328,171.1699981689453,168.8699951171875,169.02000427246094,51131000,68544,1.2305267212035398,1,-12.59523651,1.3619962801335568
31-10-2023,1970,169.71388244628906,170.77000427246094,170.89999389648438,167.89999389648438,169.35000610351562,44846000,68568,0.28187856318813154,1,-12.29195596,1.7867779089078433
01-11-2023,1971,172.8940887451172,173.97000122070312,174.22999572753906,170.1199951171875,171,56934900,68592,1.8738635990994235,1,26.956473264059234,2.4159421163399286
02-11-2023,1972,176.47181701660156,177.57000732421875,177.77999877929688,175.4600067138672,175.52000427246094,77334800,68616,2.0693257908003027,1,35.83022012860302,1.3222341141323635
03-11-2023,1973,175.55751037597656,176.64999389648438,176.82000732421875,173.35000610351562,174.24000549316406,79763700,68640,-0.518113076,0,3.1407593993906913,2.0017312365313797
06-11-2023,1974,178.12155151367188,179.22999572753906,179.42999267578125,176.2100067138672,176.3800048828125,63841300,68712,1.4605162299448304,1,-19.96196265,1.8273570394573169
07-11-2023,1975,180.69552612304688,181.82000732421875,182.44000244140625,178.97000122070312,179.17999267578125,70530000,68736,1.4450770844278482,1,10.477073618488353,1.9388731055681068
08-11-2023,1976,181.75892639160156,182.88999938964844,183.4499969482422,181.58999633789065,182.3500061035156,49340300,68760,0.5884897273828127,1,-30.04352758,1.024285835047085
09-11-2023,1977,181.28189086914065,182.41000366210935,184.1199951171875,181.80999755859375,182.9600067138672,53763500,68784,-0.262450505,0,8.964679987758494,1.2705558493004674
10-11-2023,1978,185.4912872314453,186.3999938964844,186.57000732421875,183.52999877929688,183.97000122070312,66133400,68808,2.1873746802647975,1,23.007988691212432,1.656409614309224
13-11-2023,1979,183.89907836914065,184.8000030517578,186.02999877929688,184.2100067138672,185.82000732421875,43627500,68880,-0.858364215,0,-34.03106448,0.9879984795053374
14-11-2023,1980,186.5261993408203,187.44000244140625,188.11000061035156,186.3000030517578,187.6999969482422,60108400,68904,1.428571074703422,1,37.776402498424154,0.9715499350211482
15-11-2023,1981,187.09341430664065,188.0099945068359,189.5,187.77999877929688,187.8500061035156,53790500,68928,0.3040930740533021,1,-10.51084374,0.9159661475579681
16-11-2023,1982,188.78514099121097,189.7100067138672,190.9600067138672,188.6499938964844,189.57000732421875,54412900,68952,0.9042137421952257,1,1.157081640810187,1.2244966298012865
17-11-2023,1983,188.76524353027344,189.69000244140625,190.3800048828125,188.57000732421875,190.25,50922700,68976,-0.010544659,0,-6.414287788,0.9598544245065028
20-11-2023,1984,190.51663208007812,191.4499969482422,191.91000366210935,189.8800048828125,189.88999938964844,46505100,69048,0.9278267089376957,1,-8.675109529,1.069095600955821
21-11-2023,1985,189.71060180664065,190.63999938964844,191.52000427246097,189.7400054931641,191.41000366210935,38134500,69072,-0.423085699,0,-17.9993162,0.9381251859197424
22-11-2023,1986,190.37733459472656,191.30999755859375,192.92999267578125,190.8300018310547,191.4900054931641,39617700,69096,0.35144679557825853,1,3.889391495889538,1.100451094993817
24-11-2023,1987,189.0438537597656,189.97000122070312,190.8999938964844,189.25,190.8699951171875,24048300,69144,-0.700431946,0,-39.29910116,0.8718593904805302
27-11-2023,1988,188.86473083496097,189.7899932861328,190.6699981689453,188.8999938964844,189.9199981689453,40552600,69216,-0.094755979,0,68.62979919578515,0.9370059976978382
28-11-2023,1989,189.4717712402344,190.3999938964844,191.0800018310547,189.3999938964844,189.77999877929688,38415400,69240,0.3214082048213829,1,-5.270192293,0.887015834
29-11-2023,1990,188.44679260253903,189.3699951171875,192.08999633789065,188.97000122070312,190.8999938964844,43014200,69264,-0.540965763,0,11.971240700344143,1.6510531285564223
30-11-2023,1991,189.02395629882812,189.9499969482422,190.32000732421875,188.19000244140625,189.83999633789065,48794400,69288,0.30627968844576525,1,13.437887953280537,1.1318374276952816
01-12-2023,1992,190.30767822265625,191.2400054931641,191.55999755859375,189.22999572753903,190.3300018310547,45679300,69312,0.6791305952341897,1,-6.384134245,1.2313068137514236
04-12-2023,1993,188.50648498535156,189.42999267578125,190.0500030517578,187.4499969482422,189.97999572753903,43389500,69384,-0.946461392,0,-5.012773838,1.3870398217363142
05-12-2023,1994,192.4770508,193.4199981689453,194.3999938964844,190.17999267578125,190.2100067138672,66628400,69408,2.106321938149014,1,53.558810311250426,2.2189511953012895
06-12-2023,1995,191.38243103027344,192.32000732421875,194.7599945068359,192.11000061035156,194.4499969482422,41089700,69432,-0.56870585,0,-38.33005145,1.3794148602701921
07-12-2023,1996,193.3229217529297,194.27000427246097,195,193.58999633789065,193.6300048828125,47477700,69456,1.013933482726448,1,15.546475150706861,0.7283453116287765
08-12-2023,1997,194.75588989257812,195.7100067138672,195.9900054931641,193.6699981689453,194.1999969482422,53377300,69480,0.7412376639404528,1,12.426044227079247,1.1979177705134032
11-12-2023,1998,192.2382049560547,193.17999267578125,193.4900054931641,191.4199981689453,193.11000061035156,60943700,69552,-1.292736166,0,14.17531422533549,1.081395540706155
12-12-2023,1999,193.76077270507812,194.7100067138672,194.72000122070312,191.72000122070312,193.0800018310547,52696900,69576,0.7920147510585007,1,-13.53183348,1.5647819637485176
13-12-2023,2000,196.9949188232422,197.9600067138672,198,194.8500061035156,195.08999633789065,70404200,69600,1.6691489332522957,1,33.602166351341346,1.6166249924626352
14-12-2023,2001,197.14418029785156,198.11000061035156,199.6199951171875,196.16000366210935,198.02000427246097,66831600,69624,0.075769798,1,-5.074413174,1.763861842620108
15-12-2023,2002,196.6068115234375,197.57000732421875,198.3999938964844,197,197.52999877929688,128256700,69648,-0.272572452,0,91.91026400684706,0.7106568002458901
18-12-2023,2003,194.93499755859375,195.88999938964844,196.6300048828125,194.38999938964844,196.08999633789065,55751900,69720,-0.850335513,0,-56.53100384,1.1523254798072429
19-12-2023,2004,195.9798889160156,196.94000244140625,196.9499969482422,195.88999938964844,196.16000366210935,40714100,69744,0.5360166700849378,1,-26.97271304,0.5411187717068134
20-12-2023,2005,193.88018798828125,194.8300018310547,197.67999267578125,194.8300018310547,196.8999938964844,52242800,69768,-1.071392599,0,28.316234424928965,1.4628090221945949
21-12-2023,2006,193.7308807373047,194.67999267578125,197.0800018310547,193.5,196.1000061035156,46482500,69792,-0.076994895,0,-11.02601698,1.8501301452479006
22-12-2023,2007,192.65618896484375,193.6000061035156,195.41000366210935,192.97000122070312,195.17999267578125,37122800,69816,-0.554749647,0,-20.13596515,1.2644465077323332
26-12-2023,2008,192.10885620117188,193.0500030517578,193.88999938964844,192.8300018310547,193.61000061035156,28919300,69912,-0.284092476,0,-22.09827922,0.5497057244870288
27-12-2023,2009,192.20835876464844,193.1499938964844,193.5,191.08999633789065,192.4900054931641,48087700,69936,0.051795309,1,66.28237889575475,1.2611877692686282
28-12-2023,2010,192.63626098632812,193.5800018310547,194.66000366210935,193.1699981689453,194.13999938964844,34049900,69960,0.22262901794380952,1,-29.1920803,0.7713441565914828
29-12-2023,2011,191.5914001464844,192.52999877929688,194.3999938964844,191.72999572753903,193.8999938964844,42628800,69984,-0.542412977,0,25.195081336509073,1.3925823963088242
02-01-2024,2012,184.73497009277344,185.63999938964844,188.44000244140625,183.88999938964844,187.1499938964844,82488700,70080,-3.578662771,0,93.50462598055775,2.474306958975357
03-01-2024,2013,183.3517608642578,184.25,185.8800048828125,183.42999267578125,184.22000122070312,58414500,70104,-0.748760717,0,-29.18484592,1.3356660878037159
04-01-2024,2014,181.02316284179688,181.91000366210935,183.08999633789065,180.8800048828125,182.1499938964844,71983600,70128,-1.270011581,0,23.228992801444836,1.2217997542127168
05-01-2024,2015,180.29672241210935,181.17999267578125,182.7599945068359,180.1699981689453,181.9900054931641,62303300,70152,-0.401303376,0,-13.44792425,1.4375292025379043
08-01-2024,2016,184.6553649902344,185.55999755859375,185.6000061035156,181.5,182.08999633789065,59144500,70224,2.4174881663950876,1,-5.070036419,2.2589565308625876
09-01-2024,2017,184.23741149902344,185.13999938964844,185.1499938964844,182.72999572753903,183.9199981689453,42841800,70248,-0.2263409,0,-27.56418602,1.3243573718207307
10-01-2024,2018,185.28228759765625,186.19000244140625,186.3999938964844,183.9199981689453,184.3500061035156,46792900,70272,0.5671400319862574,1,9.222535000863651,1.348410043621801
11-01-2024,2019,184.6852264404297,185.58999633789065,187.0500030517578,183.6199951171875,186.5399932861328,49128400,70296,-0.322254737,0,4.991141818523759,1.8679926074397608
12-01-2024,2020,185.01361083984375,185.9199981689453,186.7400054931641,185.19000244140625,186.05999755859375,40444700,70320,0.17781229460980263,1,-17.67551966,0.836979875
16-01-2024,2021,182.7347717285156,183.6300048828125,184.2599945068359,180.92999267578125,182.16000366210935,65603000,70416,-1.231708966,0,62.20419486360389,1.8404918840746756
17-01-2024,2022,181.78939819335935,182.67999267578125,182.92999267578125,180.3000030517578,181.27000427246097,47317400,70440,-0.517351294,0,-27.87311556,1.458674198
18-01-2024,2023,187.71041870117188,188.6300048828125,189.13999938964844,185.8300018310547,186.08999633789065,78005800,70464,3.2570683411353496,1,64.85647985730407,1.7811965376844792
19-01-2024,2024,190.62611389160156,191.55999755859375,191.9499969482422,188.82000732421875,189.3300018310547,68741000,70488,1.5533014896551123,1,-11.87706555,1.657657823648423
22-01-2024,2025,192.9447479248047,193.88999938964844,195.3300018310547,192.2599945068359,192.3000030517578,60133900,70560,1.216330058858972,1,-12.5210573,1.5967998605709015
23-01-2024,2026,194.2284698486328,195.17999267578125,195.75,193.8300018310547,195.02000427246097,42355600,70584,0.6653222395139657,1,-29.56452184,0.9905577830096775
24-01-2024,2027,193.55177307128903,194.5,196.3800048828125,194.33999633789065,195.4199981689453,53631300,70608,-0.348392613,0,26.62150931635958,1.0497111162722113
25-01-2024,2028,193.2233887,194.1699981689453,196.27000427246097,193.11000061035156,195.22000122070312,54822100,70632,-0.169666751,0,2.220345208861252,1.636374942841781
26-01-2024,2029,191.48191833496097,192.4199981689453,194.7599945068359,191.94000244140625,194.27000427246097,44594000,70656,-0.90127209,0,-18.65689202,1.4692049752841498
29-01-2024,2030,190.7952880859375,191.72999572753903,192.1999969482422,189.5800018310547,192.0099945068359,47145600,70728,-0.358591855,0,5.721845988249541,1.3819997319771755
30-01-2024,2031,187.12326049804688,188.0399932861328,191.8000030517578,187.47000122070312,190.94000244140625,55859400,70752,-1.924582759,0,18.482742822235785,2.3097038474742946
31-01-2024,2032,183.5010223388672,184.3999938964844,187.1000061035156,184.3500061035156,187.0399932861328,55467800,70776,-1.935758094,0,-0.70104584,1.4917276425018555
01-02-2024,2033,185.9490509033203,186.86000061035156,186.9499969482422,183.82000732421875,183.9900054931641,64885400,70800,1.3340600842145944,1,16.978499237395383,1.7027469803669482
02-02-2024,2034,184.94395446777344,185.8500061035156,187.3300018310547,179.25,179.86000061035156,102518000,70824,-0.540508671,0,57.99856362140019,4.507671872275976
05-02-2024,2035,186.76502990722656,187.67999267578125,189.25,185.83999633789065,188.1499938964844,69668800,70896,0.9846577950857638,1,-32.04237305,1.834913758774158
06-02-2024,2036,188.3771514892578,189.3000030517578,189.30999755859375,186.77000427246097,186.86000061035156,43490800,70920,0.863176918,1,-37.57492594,1.3599578240772698
07-02-2024,2037,188.4866180419922,189.41000366210935,191.0500030517578,188.61000061035156,190.63999938964844,53439000,70944,0.058109143,1,22.874263062532773,1.2936760688777253
08-02-2024,2038,187.4019317626953,188.32000732421875,189.5399932861328,187.3500061035156,189.38999938964844,40962000,70968,-0.575469255,0,-23.34811654,1.168928268626366
09-02-2024,2039,188.1691436767578,188.8500061035156,189.9900054931641,188,188.6499938964844,45155200,70992,0.28143519471321987,1,10.236804843513504,1.0585135601936655
12-02-2024,2040,186.4752655029297,187.1499938964844,188.6699981689453,186.7899932861328,188.4199981689453,41781900,71064,-0.900191767,0,-7.470457445,1.0064805130822125
13-02-2024,2041,184.37286376953125,185.0399932861328,186.2100067138672,183.5099945068359,185.77000427246097,56529500,71088,-1.127438247,0,35.29662366,1.4713161614370276
14-02-2024,2042,183.4860687255859,184.1499938964844,185.52999877929688,182.44000244140625,185.32000732421875,54630500,71112,-0.480976774,0,-3.359307972,1.6937054903203206
15-02-2024,2043,183.19712829589844,183.86000061035156,184.4900054931641,181.3500061035156,183.5500030517578,65434500,71136,-0.157476674,0,19.77649847612597,1.731458111
16-02-2024,2044,181.65269470214844,182.30999755859375,184.8500061035156,181.6699981689453,183.4199981689453,49701400,71160,-0.843034399,0,-24.04404404,1.7504309828929556
20-02-2024,2045,180.90541076660156,181.55999755859375,182.42999267578125,180,181.7899932861328,53665600,71256,-0.411387203,0,7.976032868289429,1.3499959309895833
21-02-2024,2046,181.6626892089844,182.32000732421875,182.88999938964844,180.66000366210935,181.94000244140625,41529700,71280,0.41859978841414236,1,-22.61392773,1.2343605016802057
22-02-2024,2047,183.70526123046875,184.3699951171875,184.9600067138672,182.4600067138672,183.47999572753903,52292200,71304,1.1243899246467626,1,25.91518840733258,1.370163273051111
23-02-2024,2048,181.86196899414065,182.52000427246097,185.0399932861328,182.22999572753903,185.0099945068359,45119700,71328,-1.003412103,0,-13.71619477,1.5420060497587582
26-02-2024,2049,180.50686645507812,181.16000366210935,182.7599945068359,180.6499938964844,182.2400054931641,40867400,71400,-0.745124139,0,-9.424486422,1.1680048057796075
27-02-2024,2050,181.9715576171875,182.6300048828125,183.9199981689453,179.55999755859375,181.1000061035156,54318900,71424,0.8114380608232441,1,32.91498847492134,2.4281580917981542
28-02-2024,2051,180.7659149169922,181.4199981689453,183.1199951171875,180.1300048828125,182.5099945068359,48953900,71448,-0.66254541,0,-9.876856858,1.6599068191444304
29-02-2024,2052,180.09832763671875,180.75,182.57000732421875,179.52999877929688,181.27000427246097,136682600,71472,-0.369307781,0,179.20676391462172,1.6933150813748261
01-03-2024,2053,179.01226806640625,179.66000366210938,180.52999877929688,177.3800048828125,179.5500030517578,73488000,71496,-0.603040851,0,-46.23456095,1.7758449711203037
04-03-2024,2054,174.4687042236328,175.10000610351562,176.89999389648438,173.7899932861328,176.14999389648438,81510100,71568,-2.538126164,0,10.91620400609623,1.7895165029618065
05-03-2024,2055,169.50665283203125,170.1199951171875,172.0399932861328,169.6199951171875,170.75999450683594,95132400,71592,-2.844095267,0,16.71240741944864,1.4267175089077073
06-03-2024,2056,168.51026916503906,169.1199951171875,171.24000549316406,168.67999267578125,171.05999755859375,68587700,71616,-0.587820379,0,-27.90290164,1.5176742521582847
07-03-2024,2057,168.3907012939453,169,170.72999572753906,168.49000549316406,169.14999389648438,71765100,71640,-0.070952649,0,4.632609053809933,1.3294499147404208
08-03-2024,2058,170.1144561767578,170.72999572753906,173.6999969482422,168.94000244140625,169,76114600,71664,1.0236661109698675,1,6.060745404103107,2.817565075
11-03-2024,2059,172.12718200683594,172.75,174.3800048828125,172.0500030517578,172.94000244140625,60139500,71736,1.183157220764297,1,-20.98822039,1.3542585235257176
12-03-2024,2060,172.60543823242188,173.22999572753906,174.02999877929688,171.00999450683594,173.14999389648438,59825400,71760,0.2778557033511264,1,-0.522285686,1.7659811528385354
13-03-2024,2061,170.51303100585938,171.1300048828125,173.19000244140625,170.75999450683594,172.77000427246094,52488700,71784,-1.212255901,0,-12.26352018,1.4230545869881914
14-03-2024,2062,172.37628173828125,173,174.30999755859375,172.0500030517578,172.91000366210938,72913500,71808,1.0927336316434166,1,38.91275645996186,1.3135684200807967
15-03-2024,2063,171.99765014648438,172.6199951171875,172.6199951171875,170.2899932861328,171.1699981689453,121664700,71832,-0.219656002,0,66.86169227920755,1.368255283878989
18-03-2024,2064,173.0936737060547,173.72000122070312,177.7100067138672,173.52000427246094,175.57000732421875,75604200,71904,0.6372414173507979,1,-37.85855717,2.4147085858914066
19-03-2024,2065,175.4451904296875,176.0800018310547,176.61000061035156,173.02999877929688,174.33999633789062,55215200,71928,1.3585082856137465,1,-26.96807849,2.069006447616664
20-03-2024,2066,178.0258331298828,178.6699981689453,178.6699981689453,175.08999633789062,175.72000122070312,53423100,71952,1.4709202129471022,1,-3.245664237,2.0446638334185354
21-03-2024,2067,170.75213623046875,171.3699951171875,177.49000549316406,170.83999633789062,177.0500030517578,106181300,71976,-4.085746419,0,98.75540730507963,3.8925364655949313
22-03-2024,2068,171.6588592529297,172.27999877929688,173.0500030517578,170.05999755859375,171.75999450683594,71106600,72000,0.5310169154682409,1,-33.032841,1.758206242554992
25-03-2024,2069,170.23403930664062,170.85000610351562,171.94000244140625,169.4499969482422,170.57000732421875,54288300,72072,-0.830039869,0,-23.65223481,1.4694632859300816
26-03-2024,2070,169.0981445,169.7100067138672,171.4199981689453,169.5800018310547,170,57388400,72096,-0.667251594,0,5.710438529112172,1.0850314412213151
27-03-2024,2071,172.68515014648438,173.30999755859375,173.60000610351562,170.11000061035156,170.41000366210938,60273300,72120,2.1212602099510702,1,5.026974092325287,2.051616883570623
28-03-2024,2072,170.8617401123047,171.47999572753906,172.22999572753906,170.50999450683594,171.75,65672700,72144,-1.055912444,0,8.958195419862536,1.008739238821668
01-04-2024,2073,169.4169922,170.02999877929688,171.25,169.47999572753906,171.19000244140625,46240500,72240,-0.845577901,0,-29.58946412,1.0443735644804049
02-04-2024,2074,168.23126220703125,168.83999633789062,169.33999633789062,168.22999572753906,169.0800018310547,49329500,72264,-0.699877933,0,6.6802910868178245,0.659811353
03-04-2024,2075,169.03836059570312,169.64999389648438,170.67999267578125,168.5800018310547,168.7899932861328,47691700,72288,0.4797427008780275,1,-3.320122847,1.2456939268698692
04-04-2024,2076,168.21136474609375,168.82000732421875,171.9199981689453,168.82000732421875,170.2899932861328,53704400,72312,-0.489234661,0,12.607434836669684,1.8362698200652436
05-04-2024,2077,168.96861267089844,169.5800018310547,170.38999938964844,168.9499969482422,169.58999633789062,42055200,72336,0.4501803541427263,1,-21.69133255,0.8523246329784749
08-04-2024,2078,167.84268188476562,168.4499969482422,169.1999969482422,168.24000549316406,169.02999877929688,37425500,72408,-0.666355036,0,-11.00862676,0.5706083117770294
09-04-2024,2079,169.0582733154297,169.6699981689453,170.0800018310547,168.35000610351562,168.6999969482422,42451200,72432,0.7242512572309456,1,13.428544708821534,1.027618452520469
10-04-2024,2080,167.17507934570312,167.77999877929688,169.08999633789062,167.11000061035156,168.8000030517578,49709300,72456,-1.113926687,0,17.097514322327754,1.184845742509328
11-04-2024,2081,174.40892028808594,175.0399932861328,175.4600067138672,168.16000366210938,168.33999633789062,91070300,72480,4.327091762818491,1,83.20575827863198,4.341105431007245
12-04-2024,2082,175.91348266601562,176.5500030517578,178.36000061035156,174.2100067138672,174.25999450683594,101593300,72504,0.8626655756074131,1,11.554809855682912,2.3821788281660363
15-04-2024,2083,172.0673828,172.69000244140625,176.6300048828125,172.5,175.36000061035156,73531800,72576,-2.186349784,0,-27.6214081,2.3942057291666665
16-04-2024,2084,168.7693328857422,169.3800048828125,173.75999450683594,168.27000427246094,171.75,73711200,72600,-1.916727959,0,0.2439760756570708,3.2626077702391143
17-04-2024,2085,167.39430236816406,168,170.64999389648438,168,169.61000061035156,50901200,72624,-0.814738956,0,-30.94509383,1.5773773193359375
18-04-2024,2086,166.4377441,167.0399932861328,168.63999938964844,166.5500030517578,168.02999877929688,43122900,72648,-0.571432568,0,-15.28117215,1.254876193
19-04-2024,2087,164.40512084960938,165,166.39999389648438,164.0800018310547,166.2100067138672,67772100,72672,-1.221260398,0,57.160348677848674,1.4139395657847884
22-04-2024,2088,165.24208068847656,165.83999633789062,167.25999450683594,164.77000427246094,165.52000427246094,48116400,72744,0.5090886896306879,1,-29.00264268,1.5111914607088277
23-04-2024,2089,166.29824829101562,166.89999389648438,167.0500030517578,164.9199981689453,165.35000610351562,49537800,72768,0.6391688265803275,1,2.954086340623996,1.2915382648928402
24-04-2024,2090,168.41062927246094,169.02000427246094,169.3000030517578,166.2100067138672,166.5399932861328,48251800,72792,1.2702279529689164,1,-2.5959974,1.8590916389348906
25-04-2024,2091,169.27749633789062,169.88999938964844,170.61000061035156,168.14999389648438,169.52999877929688,50558300,72816,0.5147290824730311,1,4.780132554640448,1.4629835284927837
26-04-2024,2092,168.6896209716797,169.3000030517578,171.33999633789062,169.17999267578125,169.8800048828125,44838400,72840,-0.347281382,0,-11.31347375,1.276748880258456
29-04-2024,2093,172.8744659423828,173.5,176.02999877929688,173.10000610351562,173.3699951171875,68169400,72912,2.4808014604454476,1,52.03352483585497,1.6926589095722409
30-04-2024,2094,169.7158966064453,170.3300018310547,174.99000549316406,170,173.3300018310547,65934800,72936,-1.827088282,0,-3.278010368,2.9352973489200367
01-05-2024,2095,168.6896209716797,169.3000030517578,172.7100067138672,169.11000061035156,169.5800018310547,50383100,72960,-0.604707784,0,-23.5864824,2.1287955121060187
02-05-2024,2096,172.4061737060547,173.02999877929688,173.4199981689453,170.88999938964844,172.50999450683594,94214900,72984,2.203187040935095,1,86.99702876559799,1.4804838131739897
03-05-2024,2097,182.7188415527344,183.3800048828125,187,182.66000366210935,186.6499938964844,163224100,73008,5.981625253732603,1,73.24658838,2.375997071542233
06-05-2024,2098,181.05487060546875,181.7100067138672,184.1999969482422,180.4199981689453,182.3500061035156,78569700,73080,-0.910676259,0,-51.8639098,2.095110751
07-05-2024,2099,181.7423858642578,182.3999938964844,184.8999938964844,181.32000732421875,183.4499969482422,77305800,73104,0.3797188691450071,1,-1.60863539,1.9744023977807759
08-05-2024,2100,182.08116149902344,182.7400054931641,183.07000732421875,181.4499969482422,182.8500061035156,45057100,73128,0.18640987283840005,1,-41.71575742,0.8928136694533333
09-05-2024,2101,183.90457153320312,184.57000732421875,184.66000366210935,182.11000061035156,182.55999755859375,48983000,73152,1.0014237583697128,1,8.713166182466248,1.4002542656698207
10-05-2024,2102,182.63742065429688,183.0500030517578,185.08999633789065,182.1300048828125,184.8999938964844,50759500,73176,-0.823538068,0,3.6267684706939196,1.625208024884584
13-05-2024,2103,185.8601531982422,186.27999877929688,187.1000061035156,184.6199951171875,185.44000244140625,72044800,73248,1.7645428427694565,1,41.93362818782691,1.3433057371461363
14-05-2024,2104,187.0075531005859,187.42999267578125,188.3000030517578,186.2899932861328,187.5099945068359,52393600,73272,0.6173469529849429,1,-27.27636138,1.0789681883437068
15-05-2024,2105,189.2924041748047,189.72000122070312,190.6499938964844,187.3699951171875,187.91000366210935,70400000,73296,1.2217940748059153,1,34.36755634275943,1.7505464400772823
16-05-2024,2106,189.41212463378903,189.83999633789065,191.1000061035156,189.66000366210935,190.47000122070312,52845200,73320,0.063248533,1,-24.93579545,0.7592546734163839
17-05-2024,2107,189.4420623779297,189.8699951171875,190.80999755859375,189.17999267578125,189.5099945068359,41282900,73344,0.015802138577503122,1,-21.87956522,0.8616158927577613
20-05-2024,2108,190.6094207763672,191.0399932861328,191.9199981689453,189.0099945068359,189.3300018310547,44361300,73416,0.6162101432736655,1,7.456840483590055,1.5396030615746923
21-05-2024,2109,191.91647338867188,192.3500061035156,192.72999572753903,190.9199981689453,191.08999633789065,42309400,73440,0.6857270013722605,1,-4.625428019,0.9480397946537024
22-05-2024,2110,190.46974182128903,190.8999938964844,192.82000732421875,190.27000427246097,192.27000427246097,34648500,73464,-0.753840479,0,-18.10685096,1.3402023411458255
23-05-2024,2111,186.45880126953125,186.8800048828125,191,186.6300048828125,190.97999572753903,51005900,73488,-2.105808875,0,47.20954731085041,2.341528695
24-05-2024,2112,189.5518035888672,189.97999572753903,190.5800018310547,188.0399932861328,188.82000732421875,36294600,73512,1.658813550797178,1,-28.84234961,1.3507810229799613
28-05-2024,2113,189.56179809570312,189.9900054931641,193,189.1000061035156,191.5099945068359,52280100,73608,0.005268852,1,44.04374204427104,2.062397552
29-05-2024,2114,189.86111450195312,190.2899932861328,192.25,189.5099945068359,189.61000061035156,53068000,73632,0.15789661787208864,1,1.5070743935072795,1.4458369334527392
30-05-2024,2115,190.85885620117188,191.2899932861328,192.17999267578125,190.6300048828125,190.7599945068359,49947900,73656,0.5255137081729533,1,-5.879437703,0.8130870027106102
31-05-2024,2116,191.8166961669922,192.25,192.57000732421875,189.91000366210935,191.44000244140625,75158300,73680,0.5018593484036549,1,50.47339327579336,1.400665373500872
03-06-2024,2117,193.59266662597656,194.02999877929688,194.9900054931641,192.52000427246097,192.8999938964844,50080500,73752,0.9258771283728873,1,-33.36664081,1.2829841917141733
04-06-2024,2118,193.91195678710935,194.3500061035156,195.32000732421875,193.02999877929688,194.63999938964844,47471400,73776,0.16492672588361845,1,-5.209812202,1.1863485258269018
05-06-2024,2119,195.42852783203125,195.8699951171875,196.8999938964844,194.8699951171875,195.3999938964844,54156800,73800,0.7820884826020169,1,14.083005767683288,1.0417195207893029
06-06-2024,2120,194.04165649414065,194.47999572753903,196.5,194.1699981689453,195.69000244140625,41181800,73824,-0.709654069,0,-23.95821023,1.1999803538275655
07-06-2024,2121,196.4462432861328,196.88999938964844,196.94000244140625,194.13999938964844,194.6499938964844,53103900,73848,1.239203884745943,1,28.94992448120286,1.4422597406823259
10-06-2024,2122,192.68472290039065,193.1199951171875,197.3000030517578,192.1499938964844,196.8999938964844,97262100,73920,-1.914776923,0,83.1543446,2.680202611948995
11-06-2024,2123,206.6831055,207.1499938964844,207.16000366210935,193.6300048828125,193.6499938964844,172373300,73944,7.264912559045644,1,77.22555856803422,6.987552774935571
12-06-2024,2124,212.58978271484375,213.07000732421875,220.1999969482422,206.8999938964844,207.3699951171875,198134300,73968,2.857839054869893,1,14.944889956855256,6.4282278608533945
13-06-2024,2125,213.75714111328125,214.2400054931641,216.75,211.6000061035156,214.7400054931641,97862700,73992,0.5491144359726752,1,-50.60789576,2.433834474449403
14-06-2024,2126,212.01107788085935,212.4900054931641,215.1699981689453,211.3000030517578,213.8500061035156,70122700,74016,-0.816840905,0,-28.34583554,1.8315168297652826
17-06-2024,2127,216.18165588378903,216.6699981689453,218.9499969482422,212.72000122070312,213.3699951171875,93728300,74088,1.9671478976528656,1,33.66327879559685,2.928730580945824
18-06-2024,2128,213.8070068359375,214.2899932861328,218.6300048828125,213,217.58999633789065,79943300,74112,-1.098446902,0,-14.70740427,2.6431947806631455
20-06-2024,2129,209.20741271972656,209.67999267578125,214.2400054931641,208.8500061035156,213.92999267578125,86172500,74160,-2.15129066,0,7.792022596014925,2.580799249283701
21-06-2024,2130,207.02235412597656,207.4900054931641,211.88999938964844,207.11000061035156,210.38999938964844,246421400,74184,-1.044442607,0,185.96292320635933,2.307951699681452
24-06-2024,2131,207.67086791992188,208.13999938964844,212.6999969482422,206.58999633789065,207.72000122070312,80727000,74256,0.313265159,1,-67.24026404,2.9575491159592513
25-06-2024,2132,208.59878540039065,209.07000732421875,211.3800048828125,208.61000061035156,209.1499938964844,56713900,74280,0.4468184574312861,1,-29.7460577,1.3278386771278718
26-06-2024,2133,212.7693634033203,213.25,214.86000061035156,210.63999938964844,211.5,66213200,74304,1.9993267945406679,1,16.74950937953483,2.0034187395228935
27-06-2024,2134,213.61746215820312,214.1000061035156,215.7400054931641,212.3500061035156,214.69000244140625,49772700,74328,0.39859606260990166,1,-24.82964122,1.5964206697483916
28-06-2024,2135,210.1452789306641,210.6199951171875,216.07000732421875,210.3000030517578,215.77000427246097,82542700,74352,-1.625413773,0,65.83930548272447,2.7437014687255417
01-07-2024,2136,216.2614746,216.75,217.5099945068359,211.9199981689453,212.08999633789065,60402900,74424,2.910457233370378,1,-26.82223867,2.6377861391987087
02-07-2024,2137,219.77354431152344,220.27000427246097,220.3800048828125,215.1000061035156,216.1499938964844,58046200,74448,1.6239927439266388,1,-3.901633862,2.4546716083103854
03-07-2024,2138,221.0506591796875,221.5500030517578,221.5500030517578,219.02999877929688,220,37369800,74472,0.5811044420344968,1,-35.62059187,1.150529282064322
05-07-2024,2139,225.8298492431641,226.33999633789065,226.4499969482422,221.6499938964844,221.6499938964844,60412400,74520,2.162037111330495,1,61.66102039614876,2.165577795594028
08-07-2024,2140,227.30653381347656,227.82000732421875,227.8500061035156,223.25,227.08999633789065,59085900,74592,0.653888403,1,-2.195741272,2.0604730586855977
09-07-2024,2141,228.16458129882812,228.67999267578125,229.3999938964844,226.3699951171875,227.92999267578125,48076100,74616,0.37748456,1,-18.63354878,1.3385160775076792
10-07-2024,2142,232.4548797607422,232.97999572753903,233.0800018310547,229.25,229.3000030517578,62627700,74640,1.8803582252402196,1,30.267846185526693,1.6706660113651854
11-07-2024,2143,227.05709838867188,227.57000732421875,232.38999938964844,225.77000427246097,231.38999938964844,64710600,74664,-2.322082798,0,3.3258446342433245,2.932185406347608
12-07-2024,2144,230.0203857421875,230.5399932861328,232.63999938964844,228.67999267578125,228.9199981689453,53046500,74688,1.3050867277438316,1,-18.02502218,1.7316804445947398
15-07-2024,2145,233.87168884277344,234.3999938964844,237.22999572753903,233.08999633789065,236.47999572753903,62631300,74760,1.674330147811176,1,18.06867559593941,1.7761377385097972
16-07-2024,2146,234.2907562255859,234.82000732421875,236.27000427246097,232.3300018310547,235,43234300,74784,0.17918662059344115,1,-30.97013793,1.6958646797030383
17-07-2024,2147,228.3641357421875,228.8800048828125,231.4600067138672,226.63999938964844,229.4499969482422,57345900,74808,-2.529598099,0,32.639825323874796,2.126724028061791
18-07-2024,2148,223.6747131347656,224.17999267578125,230.44000244140625,222.27000427246097,230.27999877929688,66034600,74832,-2.053483095,0,15.151388329418491,3.6757088279579158
19-07-2024,2149,223.8044281005859,224.30999755859375,226.8000030517578,223.27999877929688,224.82000732421875,49151500,74856,0.057991296,1,-25.56705121,1.5764978017311426
22-07-2024,2150,223.45523071289065,223.9600067138672,227.77999877929688,223.08999633789065,227.0099945068359,48201800,74928,-0.15602998,0,-1.932189252,2.1022916842505004
23-07-2024,2151,224.5028533935547,225.0099945068359,226.94000244140625,222.67999267578125,224.3699951171875,39960300,74952,0.4688282557118395,1,-17.09790921,1.9130635466777255
24-07-2024,2152,218.04742431640625,218.5399932861328,224.8000030517578,217.1300048828125,224,61777600,74976,-2.875428371,0,54.59743795717249,3.5324450773557974
25-07-2024,2153,216.99981689453125,217.4900054931641,220.8500061035156,214.6199951171875,218.92999267578125,51391200,75000,-0.480455672,0,-16.81256637,2.902810142608738
26-07-2024,2154,217.46875,217.9600067138672,219.4900054931641,216.0099945068359,218.6999969482422,41601300,75024,0.2161024455525462,1,-19.04975949,1.6110416530833493
29-07-2024,2155,217.7481231689453,218.2400054931641,219.3000030517578,215.75,216.9600067138672,36311800,75096,0.1284633743219077,1,-12.71474689,1.6454243577092988
30-07-2024,2156,218.30685424804688,218.8000030517578,220.3300018310547,216.1199951171875,219.19000244140625,41643800,75120,0.25659711533101426,1,14.683931944987583,1.947995006933246
31-07-2024,2157,221.5794677734375,222.0800018310547,223.82000732421875,220.6300048828125,221.44000244140625,50036300,75144,1.4990853444005525,1,20.15305999932764,1.4458606584814329
01-08-2024,2158,217.8678436279297,218.36000061035156,224.47999572753903,217.02000427246097,224.3699951171875,62501000,75168,-1.675072582,0,24.911314385755933,3.4374671957486056
02-08-2024,2159,219.3644561767578,219.86000061035156,225.6000061035156,217.7100067138672,219.1499938964844,105568600,75192,0.6869389978967133,1,68.90705748708021,3.6240866962160863
05-08-2024,2160,208.7983398,209.27000427246097,213.5,196,199.08999633789065,119548600,75264,-4.816699858,0,13.242574022957587,8.928571428571429
06-08-2024,2161,206.7629241943359,207.22999572753903,209.9900054931641,201.07000732421875,205.3000030517578,69660500,75288,-0.974821285,0,-41.73039249,4.436264904771272
07-08-2024,2162,209.34710693359375,209.82000732421875,213.63999938964844,206.38999938964844,206.8999938964844,63516400,75312,1.2498246634550902,1,-8.82006302,3.5127671018170594
08-08-2024,2163,212.8292236328125,213.30999755859375,214.1999969482422,208.8300018310547,213.11000061035156,47161100,75336,1.6633257613904107,1,-25.74972763,2.5714672557115974
09-08-2024,2164,215.7526397705078,216.2400054931641,216.77999877929688,211.97000122070312,212.1000061035156,42201600,75360,1.3735914716165532,1,-10.51608211,2.2691878713467486
12-08-2024,2165,217.2909393310547,217.52999877929688,219.5099945068359,215.6000061035156,216.07000732421875,38028100,75432,0.5965562584919315,1,-9.889435472,1.813538169123714
13-08-2024,2166,221.02682495117188,221.27000427246097,221.88999938964844,219.0099945068359,219.0099945068359,44155300,75456,1.719305619524536,1,16.112295907499984,1.3150107095786605
14-08-2024,2167,221.4763336181641,221.72000122070312,223.02999877929688,219.6999969482422,220.57000732421875,41960600,75480,0.20337006352115772,1,-4.970411253,1.515704086
15-08-2024,2168,224.47303771972656,224.72000122070312,225.3500061035156,222.7599945068359,224.6000061035156,46414000,75504,1.353057903429189,1,10.613289609776789,1.1626915337350698
16-08-2024,2169,225.80157470703125,226.0500030517578,226.8300018310547,223.6499938964844,223.9199981689453,44340200,75528,0.5918484442105632,1,-4.468048434,1.4218681070217867
19-08-2024,2170,225.64175415039065,225.88999938964844,225.9900054931641,223.0399932861328,225.72000122070312,40687800,75600,-0.07078242,0,-8.2372204,1.3226382244581476
20-08-2024,2171,226.2610626220703,226.5099945068359,227.1699981689453,225.4499969482422,225.77000427246097,30299000,75624,0.27446771387076296,1,-25.53296074,0.7629191590089023
21-08-2024,2172,226.15118408203125,226.3999938964844,227.97999572753903,225.0500030517578,226.52000427246097,34765500,75648,-0.048563248,0,14.741410607610806,1.3019296316594011
22-08-2024,2173,224.2832489013672,224.52999877929688,228.33999633789065,223.8999938964844,227.7899932861328,43695300,75672,-0.825969597,0,25.685809207403885,1.9830292820190938
23-08-2024,2174,226.5906982421875,226.83999633789065,228.22000122070312,224.3300018310547,225.66000366210935,38677300,75696,1.0288146667049247,1,-11.48407266,1.7340522256929491
26-08-2024,2175,226.93032836914065,227.17999267578125,227.27999877929688,223.88999938964844,226.7599945068359,30602200,75768,0.14988376978464224,1,-20.87813782,1.5141361377864089
27-08-2024,2176,227.7793884277344,228.02999877929688,228.8500061035156,224.88999938964844,226,35934600,75792,0.37415535298863656,1,17.424891020906983,1.7608638554914045
28-08-2024,2177,226.2410888671875,226.4900054931641,229.86000061035156,225.67999267578125,227.9199981689453,38052200,75816,-0.675346794,0,5.892927707557627,1.8521836539473127
29-08-2024,2178,229.53746032714844,229.7899932861328,232.9199981689453,228.8800048828125,230.1000061035156,51906300,75840,1.4570125448949867,1,36.40814460136339,1.7651141209129675
30-08-2024,2179,228.7483367919922,229,230.3999938964844,227.47999572753903,230.19000244140625,52990800,75864,-0.343789246,0,2.0893417562030114,1.2836285492297776
03-09-2024,2180,222.52517700195312,222.77000427246097,229,221.1699981689453,228.5500030517578,50190600,75960,-2.720522152,0,-5.284313503,3.540264003200641
04-09-2024,2181,220.6072998046875,220.8500061035156,221.77999877929688,217.47999572753903,221.66000366210935,43840200,75984,-0.861874638,0,-12.65256841,1.977194747210187
05-09-2024,2182,222.13560485839844,222.3800048828125,225.47999572753903,221.52000427246097,221.6300048828125,36615400,76008,0.6927773316790287,1,-16.47985183,1.7876450788649467
06-09-2024,2183,220.57733154296875,220.82000732421875,225.2400054931641,219.77000427246097,223.9499969482422,48423000,76032,-0.70150082,0,32.24763350939768,2.488966243965516
09-09-2024,2184,220.6672210693359,220.91000366210935,221.27000427246097,216.7100067138672,220.82000732421875,67180000,76104,0.040755518,1,38.73572475889557,2.104193353938919
10-09-2024,2185,219.86810302734375,220.11000061035156,221.47999572753903,216.72999572753903,218.9199981689453,51591000,76128,-0.362139803,0,-23.20482286,2.1916670943746235
11-09-2024,2186,222.4152984619141,222.66000366210935,223.08999633789065,217.88999938964844,221.4600067138672,44587100,76152,1.1585130365211915,1,-13.57581749,2.386523917026207
12-09-2024,2187,222.52517700195312,222.77000427246097,223.5500030517578,219.82000732421875,222.5,37498200,76176,0.049402950032528814,1,-15.89899321,1.6968408712850176
13-09-2024,2188,222.25547790527344,222.5,224.0399932861328,221.91000366210935,223.5800018310547,36766600,76200,-0.121203155,0,-1.951026983,0.959843896
16-09-2024,2189,216.0822754,216.32000732421875,217.22000122070312,213.9199981689453,216.5399932861328,59357400,76272,-2.777524798,0,61.44381041488742,1.5426341997028274
17-09-2024,2190,216.55174255371097,216.7899932861328,216.8999938964844,214.5,215.75,45519300,76296,0.21726421320320544,1,-23.3131842,1.1188782734193023
18-09-2024,2191,220.4474639892578,220.69000244140625,222.7100067138672,217.5399932861328,217.5500030517578,59894900,76320,1.7989802463465043,1,31.58132923836703,2.3765806689780478
19-09-2024,2192,228.61846923828125,228.8699951171875,229.82000732421875,224.6300048828125,224.9900054931641,66781300,76344,3.7065533487195657,1,11.497473073667376,2.3104671364423592
20-09-2024,2193,227.94920349121097,228.1999969482422,233.08999633789065,227.6199951171875,229.97000122070312,318679900,76368,-0.292741811,0,377.19930579368776,2.403128608225735
23-09-2024,2194,226.2211151123047,226.47000122070312,229.4499969482422,225.80999755859375,227.33999633789065,54146000,76440,-0.758105062,0,-83.00928298,1.6119744161034861
24-09-2024,2195,227.1201172,227.3699951171875,229.3500061035156,225.72999572753903,228.6499938964844,43556100,76464,0.39740093241191765,1,-19.55804676,1.6036904463268553
25-09-2024,2196,226.1212158203125,226.3699951171875,227.2899932861328,224.02000427246097,224.92999267578125,42308700,76488,-0.43981177,0,-2.863892773,1.4596861669972883
26-09-2024,2197,227.26995849609375,227.52000427246097,228.5,225.41000366210935,227.3000030517578,36636700,76512,0.5080219022305155,1,-13.40622614,1.3708337197503322
27-09-2024,2198,227.53965759277344,227.7899932861328,229.52000427246097,227.3000030517578,228.4600067138672,34026000,76536,0.11866605511685613,1,-7.125914725,0.9766833219961037
30-09-2024,2199,232.7439422607422,233,233,229.6499938964844,230.0399932861328,54541900,76608,2.287197360475246,1,60.29477458414154,1.4587442597649813
01-10-2024,2200,225.96141052246097,226.2100067138672,229.6499938964844,223.7400054931641,229.52000427246097,63285000,76632,-2.914160209,0,16.03006129232756,2.6414535881920678
02-10-2024,2201,226.53077697753903,226.77999877929688,227.3699951171875,223.02000427246097,225.88999938964844,32880600,76656,0.2519747352073054,1,-48.04361223,1.950493570707765
03-10-2024,2202,225.42198181152344,225.6699981689453,226.80999755859375,223.32000732421875,225.13999938964844,34044200,76680,-0.489461424,0,3.538864863,1.5627754432714973
04-10-2024,2203,226.55075073242188,226.8000030517578,228,224.1300048828125,227.8999938964844,37245100,76704,0.5007333238716605,1,9.402188919111044,1.7266742662192625
07-10-2024,2204,221.4463653564453,221.69000244140625,225.69000244140625,221.3300018310547,224.5,39505400,76776,-2.253086659,0,6.068717764215958,1.969909444847713
08-10-2024,2205,225.5218811035156,225.77000427246097,225.97999572753903,223.25,224.3000030517578,31855700,76800,1.8404085823099159,1,-19.36368193,1.2228424311485036
09-10-2024,2206,229.28773498535156,229.5399932861328,229.75,224.8300018310547,225.22999572753903,33591100,76824,1.6698360908574017,1,5.447690680160844,2.188319231808918
10-10-2024,2207,228.7882843017578,229.0399932861328,229.5,227.1699981689453,227.77999877929688,28183500,76848,-0.217826965,0,-16.09831176,1.0256644142427098
11-10-2024,2208,227.2999267578125,227.5500030517578,229.41000366210935,227.33999633789065,229.3000030517578,31759200,76872,-0.650537145,0,12.687210601947951,0.910533719
14-10-2024,2209,231.0458068847656,231.3000030517578,231.72999572753903,228.6000061035156,228.6999969482422,39882100,76944,1.647989430765695,1,25.576525857074483,1.369199274039434
15-10-2024,2210,233.5930023193359,233.8500061035156,237.4900054931641,232.3699951171875,233.61000061035156,64751400,76968,1.1024656368842312,1,62.357047397203246,2.203387048054331
16-10-2024,2211,231.5252685546875,231.77999877929688,232.1199951171875,229.83999633789065,231.6000061035156,34082200,76992,-0.885185918,0,-47.36453575,0.9919939156042241
17-10-2024,2212,231.89486694335935,232.1499938964844,233.8500061035156,230.52000427246097,233.42999267578125,32993800,77016,0.1596320300009335,1,-3.193455822,1.4445608924762843
18-10-2024,2213,234.74172973632812,235,236.17999267578125,234.0099945068359,236.17999267578125,46431500,77040,1.227657195109133,1,40.727954949111655,0.9273100379829934
21-10-2024,2214,236.22010803222656,236.47999572753903,236.8500061035156,234.4499969482422,234.4499969482422,36254500,77112,0.629785416,1,-21.91830977,1.0236763431492992
22-10-2024,2215,235.60079956054688,235.86000061035156,236.22000122070312,232.6000061035156,233.88999938964844,38846600,77136,-0.26217656,0,7.149733136576142,1.5563177223548725
23-10-2024,2216,230.5063934326172,230.7599945068359,235.13999938964844,227.7599945068359,234.0800018310547,52287000,77160,-2.162302251,0,34.598652134292315,3.240255119777423
24-10-2024,2217,230.31661987304688,230.57000732421875,230.82000732421875,228.41000366210935,229.97999572753903,31109500,77184,-0.082331074,0,-40.50241934,1.0551217650145313
25-10-2024,2218,231.1556854248047,231.41000366210935,233.22000122070312,229.57000732421875,229.7400054931641,38802300,77208,0.36431292501519774,1,24.72813770713127,1.5899262882931986
28-10-2024,2219,233.14349365234375,233.3999938964844,234.72999572753903,232.5500030517578,233.32000732421875,36087100,77280,0.8599413175243376,1,-6.997523343,0.9374296483221412
29-10-2024,2220,233.41319274902344,233.6699981689453,234.3300018310547,232.32000732421875,233.1000061035156,35417200,77304,0.11568306748999113,1,-1.856342017,0.8651835586553035
30-10-2024,2221,229.8471221923828,230.1000061035156,233.47000122070312,229.5500030517578,232.61000061035156,47070900,77328,-1.527792226,0,32.90406920931073,1.707688136280029
31-10-2024,2222,225.66172790527344,225.91000366210935,229.8300018310547,225.3699951171875,229.33999633789065,64370100,77352,-1.820948427,0,36.75136868,1.9789709413394099
