date,Price,adj_close,close,high,low,open,volume,elapsed_time,price_change,price_trend,volume_change,high_low_spread
2016-01-04,0,23.860578536987305,26.337499618530273,26.342500686645508,25.5,25.65250015258789,270597600,0.0,,0,,3.3039242613549327
2016-01-05,1,23.26264762878418,25.677499771118164,26.462499618530273,25.602500915527344,26.4375,223164000,24.0,-2.5059320625400394,0,-17.52920203283399,3.3590417820524703
2016-01-06,2,22.807411193847656,25.174999237060547,25.592500686645508,24.967500686645508,25.13999938964844,273829600,48.0,-1.9569683128683124,0,22.703303400190002,2.503254161656224
2016-01-07,3,21.844825744628903,24.112499237060547,25.032499313354492,24.107500076293945,24.670000076293945,324377600,72.0,-4.220456930286121,0,18.459655201629044,3.836977016004006
2016-01-08,4,21.960338592529297,24.239999771118164,24.77750015258789,24.190000534057617,24.637500762939453,283192000,96.0,0.5287736157256084,1,-12.696807671059895,2.428687910540226
2016-01-11,5,22.3159236907959,24.63249969482422,24.76499938964844,24.334999084472656,24.74250030517578,198957600,168.0,1.6192241229874726,1,-29.74462555439419,1.7670035806582525
2016-01-12,6,22.63981056213379,24.989999771118164,25.17250061035156,24.709999084472656,25.137500762939453,196616800,192.0,1.4513349466074077,1,-1.1765320852282102,1.8717181020436815
2016-01-13,7,22.05773162841797,24.34749984741211,25.29750061035156,24.325000762939453,25.079999923706055,249758400,216.0,-2.5710281296145276,0,27.028005745185556,3.997943748860085
2016-01-14,8,22.54015350341797,24.8799991607666,25.1200008392334,23.934999465942383,24.489999771118164,252680400,240.0,2.1870800562345583,1,1.1699306209520977,4.950914559146655
2016-01-15,9,21.99884033203125,24.282499313354492,24.427499771118164,23.84000015258789,24.049999237060547,319335600,264.0,-2.4015267989008215,0,26.37925220951052,2.46434402168617
2016-01-19,10,21.892396926879883,24.165000915527344,24.662500381469727,23.875,24.602500915527344,212350800,360.0,-0.4838809889825768,0,-33.50230916941299,3.2984309171506876
2016-01-20,11,21.921836853027344,24.197500228881836,24.54750061035156,23.354999542236328,23.774999618530273,289337600,384.0,0.13448918735032844,1,36.254537303367826,5.105977698516557
2016-01-21,12,21.810863494873047,24.075000762939453,24.469999313354492,23.73500061035156,24.26499938964844,208646000,408.0,-0.5062484338616446,0,-27.888390585945277,3.0966871038645682
2016-01-22,13,22.970483779907227,25.354999542236328,25.364999771118164,24.592500686645508,24.657499313354492,263202000,432.0,5.3167133488414065,1,26.147637625451715,3.1411977753533105
2016-01-25,14,22.522031784057617,24.86000061035156,25.38249969482422,24.802499771118164,25.3799991607666,207178000,504.0,-1.9522734798720909,0,-21.28555254139406,2.338473658132834
2016-01-26,15,22.646604537963867,24.997499465942383,25.219999313354492,24.517499923706055,24.982500076293945,300308000,528.0,0.5530927281376163,1,44.95168405911825,2.8652978151707402
2016-01-27,16,21.158567428588867,23.354999542236328,24.157499313354492,23.334999084472656,24.010000228881836,533478800,552.0,-6.57065690087868,0,77.64388561077294,3.5247493514115282
2016-01-28,17,21.310317993164062,23.522499084472656,23.6299991607666,23.09749984741211,23.447500228881836,222715200,576.0,0.717189233651716,1,-58.25228668880562,2.305441354572211
2016-01-29,18,22.046411514282227,24.334999084472656,24.334999084472656,23.587499618530273,23.697500228881836,257666000,600.0,3.4541397879629843,1,15.693046545543377,3.169049191441849
2016-02-01,19,21.840303421020508,24.107500076293945,24.177499771118164,23.850000381469727,24.11750030517578,163774000,672.0,-0.9348634343030238,0,-36.439421576769924,1.373163037359481
2016-02-02,20,21.398653030395508,23.6200008392334,24.010000228881836,23.56999969482422,23.854999542236328,149428800,696.0,-2.022189092679616,0,-8.759143698022886,1.8667820948433773
2016-02-03,21,21.822181701660156,24.087499618530273,24.209999084472656,23.520000457763672,23.75,183857200,720.0,1.979249630340174,1,23.040002998083374,2.933667573468197
2016-02-04,22,21.99752426147461,24.149999618530273,24.332500457763672,23.79750061035156,23.96500015258789,185886800,744.0,0.2594706839223804,1,1.1039002008080168,2.2481346094782575
2016-02-05,23,21.410017013549805,23.5049991607666,24.229999542236328,23.42250061035156,24.1299991607666,185672400,768.0,-2.6708093911055997,0,-0.11533901277551717,3.4475351087317105
2016-02-08,24,21.63545799255371,23.752500534057617,23.924999237060547,23.260000228881836,23.282499313354492,216085600,840.0,1.0529733338775493,1,16.38003278893363,2.8589810904343187
2016-02-09,25,21.630903244018555,23.747499465942383,23.98500061035156,23.482500076293945,23.572500228881836,177324800,864.0,-0.021054912126261538,0,-17.937706168296263,2.139893675822439
2016-02-10,26,21.46693992614746,23.5674991607666,24.087499618530273,23.524999618530273,23.979999542236328,169374400,888.0,-0.7579758257661218,0,-4.4835240192009245,2.3910733650211307
2016-02-11,27,21.337142944335938,23.424999237060547,23.68000030517578,23.147499084472656,23.447500228881836,200298800,912.0,-0.6046459267230131,0,18.258013017315488,2.300469777576649
2016-02-12,28,21.403179168701172,23.497499465942383,23.625,23.252500534057617,23.54750061035156,161405600,936.0,0.3094993863100415,1,-19.417590120360185,1.6019759483363434
2016-02-16,29,22.006635665893555,24.15999984741211,24.212499618530273,23.65250015258789,23.7549991607666,196231600,1032.0,2.819450565069559,1,21.576698701903773,2.3676121438735582
2016-02-17,30,22.343658447265625,24.530000686645508,24.552499771118164,24.037500381469727,24.167499542236328,179452800,1056.0,1.5314604369628393,1,-8.550508684635904,2.1424831262631847
2016-02-18,31,21.920103073120117,24.065000534057617,24.72249984741211,24.022499084472656,24.709999084472656,156084000,1080.0,-1.895638563275881,0,-13.022254319798854,2.9139381397329736
2016-02-19,32,21.870006561279297,24.010000228881836,24.190000534057617,23.950000762939453,24.0,141496800,1104.0,-0.22854894641678447,0,-9.345736910894132,1.0020866950849658
2016-02-22,33,22.06128692626953,24.219999313354492,24.225000381469727,23.979999542236328,24.07749938964844,137123200,1176.0,0.8746317470669895,1,-3.0909532936433948,1.0216882565067393
2016-02-23,34,21.562583923339844,23.67250061035156,24.125,23.637500762939453,24.100000381469727,127770400,1200.0,-2.260523197872477,0,-6.820727637628055,2.062397551880285
2016-02-24,35,21.883668899536133,24.024999618530273,24.094999313354492,23.329999923706055,23.4950008392334,145022800,1224.0,1.48906536736797,1,13.502657892594838,3.279037257394532
2016-02-25,36,22.033964157104492,24.190000534057617,24.190000534057617,23.8125,24.012500762939453,110330800,1248.0,0.6867884210082664,1,-23.921755751509423,1.5853040800319882
2016-02-26,37,22.068117141723633,24.227500915527344,24.5049991607666,24.145000457763672,24.299999237060547,115964400,1272.0,0.1550243102182991,1,5.106099112849716,1.490986523825782
2016-02-29,38,22.018022537231445,24.17250061035156,24.5575008392334,24.162500381469727,24.21500015258789,140865200,1344.0,-0.2270160070060534,0,21.472796823852836,1.6347664833007043
2016-03-01,39,22.8924560546875,25.13249969482422,25.1924991607666,24.354999542236328,24.412500381469727,201628400,1368.0,3.971451278241167,1,43.13570704474916,3.438717447224277
2016-03-02,40,22.942554473876953,25.1875,25.22249984741211,24.90999984741211,25.127500534057617,132678400,1392.0,0.2188413641445619,1,-34.19657151472709,1.2545162662153349
2016-03-03,41,23.113340377807617,25.375,25.427499771118164,25.112499237060547,25.145000457763672,147822800,1416.0,0.7444168734491274,1,11.414367372533896,1.2543575654658274
2016-03-04,42,23.457195281982425,25.752500534057617,25.9375,25.342500686645508,25.592500686645508,184220400,1440.0,1.4876868337245996,1,24.62245336984552,2.347831892012272
2016-03-07,43,23.197595596313477,25.467500686645508,25.707500457763672,25.239999771118164,25.59749984741211,143315600,1512.0,-1.1066880555354097,0,-22.204272708125707,1.8522214377373465
2016-03-08,44,23.006311416625977,25.25749969482422,25.440000534057617,25.100000381469727,25.19499969482422,126247600,1536.0,-0.8245842197283526,0,-11.909380416367787,1.3545822606397186
2016-03-09,45,23.026809692382812,25.280000686645508,25.395000457763672,25.0674991607666,25.32749938964844,108806800,1560.0,0.08908637867230951,1,-13.8147576666804,1.3064777419426263
2016-03-10,46,23.038196563720703,25.292499542236328,25.559999465942383,25.037500381469727,25.352500915527344,134054400,1584.0,0.049441674253691836,1,23.204064451854123,2.0868660070370213
2016-03-11,47,23.28640937805176,25.565000534057617,25.56999969482422,25.375,25.559999465942383,109632800,1608.0,1.0773984254353275,1,-18.21767879308699,0.7684717037407636
2016-03-14,48,23.345609664916992,25.6299991607666,25.727500915527344,25.44499969482422,25.477500915527344,100304400,1680.0,0.2542484856293825,1,-8.508767449157551,1.110242578468526
2016-03-15,49,23.814714431762695,26.145000457763672,26.295000076293945,25.962499618530273,25.989999771118164,160270800,1704.0,2.0093691527911295,1,59.78441623697466,1.2806950896452034
2016-03-16,50,24.13123893737793,26.49250030517578,26.57749938964844,26.147499084472656,26.15250015258789,153214000,1728.0,1.329125421028321,1,-4.403047841528219,1.6445179089082929
2016-03-17,51,24.092531204223633,26.450000762939453,26.61750030517578,26.239999771118164,26.3799991607666,137682800,1752.0,-0.16042103141176156,0,-10.136932656284669,1.4386453405122523
2016-03-18,52,24.119853973388672,26.479999542236328,26.625,26.29750061035156,26.584999084472656,176820800,1776.0,0.11341693168835931,1,28.426208647703266,1.245363179189457
2016-03-21,53,24.11758041381836,26.477500915527344,26.912500381469727,26.28499984741211,26.482500076293945,142010800,1848.0,-0.009435901632093291,0,-19.686597956801467,2.38729517862028
2016-03-22,54,24.302026748657227,26.68000030517578,26.822500228881836,26.302499771118164,26.3125,129777600,1872.0,0.7647979705278196,1,-8.614274407298595,1.9770001417685243
2016-03-23,55,24.167675018310547,26.532499313354492,26.767499923706055,26.475000381469727,26.6200008392334,102814000,1896.0,-0.5528522868595065,0,-20.77677503667813,1.1048141190624994
2016-03-24,56,24.062929153442383,26.417499542236328,26.5625,26.22249984741211,26.36750030517578,104532000,1920.0,-0.4334298467701503,0,1.670978660493705,1.2965970238014708
2016-03-28,57,23.95362091064453,26.29750061035156,26.54750061035156,26.26499938964844,26.5,77645600,2016.0,-0.4542403102644643,0,-25.720736233880537,1.075580534048888
2016-03-29,58,24.520641326904297,26.920000076293945,26.947500228881836,26.219999313354492,26.22249984741211,124760400,2040.0,2.36714308011976,1,60.6792915503261,2.7746031067087387
2016-03-30,59,24.948747634887695,27.38999938964844,27.604999542236328,27.149999618530273,27.162500381469727,182404400,2064.0,1.745911263084965,1,46.20376337363459,1.6758745123352066
2016-03-31,60,24.818946838378903,27.247499465942383,27.475000381469727,27.219999313354492,27.43000030517578,103553600,2088.0,-0.5202626027071555,0,-43.22856246888781,0.9368151158994611
2016-04-01,61,25.04666328430176,27.497499465942383,27.5,27.049999237060547,27.19499969482422,103496000,2112.0,0.9175153863659524,1,-0.055623367994928063,1.6635888193405863
2016-04-04,62,25.30398750305176,27.780000686645508,28.04750061035156,27.5674991607666,27.604999542236328,149424800,2184.0,1.027370583470777,1,44.377367241246034,1.7411860495060205
2016-04-05,63,25.005678176879883,27.45249938964844,27.6825008392334,27.354999542236328,27.377500534057617,106314800,2208.0,-1.178910327221494,0,-28.850632558986188,1.1972264758820623
2016-04-06,64,25.267553329467773,27.739999771118164,27.7450008392334,27.299999237060547,27.5575008392334,105616400,2232.0,1.047264867905362,1,-0.6569170049701478,1.6300425443556383
2016-04-07,65,24.716476440429688,27.135000228881836,27.604999542236328,27.030000686645508,27.487499237060547,127207600,2256.0,-2.1809644817165075,0,20.44303725557772,2.1272617128526576
2016-04-08,66,24.743804931640625,27.165000915527344,27.4424991607666,27.042499542236328,27.227500915527344,94326800,2280.0,0.11056084906009289,1,-25.848141148799286,1.4791517992097367
2016-04-11,67,24.825777053833008,27.2549991607666,27.65250015258789,27.207500457763672,27.24250030517578,117630000,2352.0,0.33130219843950925,1,24.70474986960227,1.6355772758876785
2016-04-12,68,25.149139404296875,27.61000061035156,27.625,27.165000915527344,27.334999084472656,108929200,2376.0,1.302518659020846,1,-7.396752529116723,1.6933519932617551
2016-04-13,69,25.513486862182617,28.010000228881836,28.084999084472656,27.700000762939453,27.700000762939453,133029200,2400.0,1.448749039072128,1,22.12446249490494,1.389885599022446
2016-04-14,70,25.527145385742188,28.024999618530273,28.09749984741211,27.832500457763672,27.905000686645508,101895600,2424.0,0.05355012326266895,1,-23.40358357413259,0.9521221064940928
2016-04-15,71,25.01478385925293,27.462499618530273,28.075000762939453,27.4325008392334,28.02750015258789,187756000,2448.0,-2.0071365126016705,0,84.26310851498985,2.342112108084453
2016-04-18,72,24.47509765625,26.8700008392334,27.237499237060547,26.73500061035156,27.22249984741211,243286000,2520.0,-2.1574830679181423,0,29.575619420950595,1.879553451419877
2016-04-19,73,24.34529685974121,26.727500915527344,27.0,26.5575008392334,26.969999313354492,129539600,2544.0,-0.5303309239126919,0,-46.75419054117377,1.666192777118913
2016-04-20,74,24.39539337158203,26.782499313354492,27.022499084472656,26.51499938964844,26.65999984741211,122444000,2568.0,0.20577456156851692,1,-5.477552810105946,1.9140098303088968
2016-04-21,75,24.13123893737793,26.49250030517578,26.732500076293945,26.3799991607666,26.732500076293945,126210000,2592.0,-1.0827929267755443,0,3.075691744797626,1.3362430884819638
2016-04-22,76,24.065200805664062,26.420000076293945,26.6200008392334,26.155000686645508,26.252500534057617,134732400,2616.0,-0.2736632180680654,0,6.752555265034466,1.7778632780740673
2016-04-25,77,23.92857551574707,26.270000457763672,26.412500381469727,26.127500534057617,26.25,112126400,2688.0,-0.5677502577483562,0,-16.778443789318676,1.0908041013743641
2016-04-26,78,23.762338638305664,26.087499618530273,26.325000762939453,25.977500915527344,25.977500915527344,224064800,2712.0,-0.6947119758403453,0,99.83233208236419,1.337695448619543
2016-04-27,79,22.275344848632812,24.454999923706055,24.677499771118164,23.920000076293945,24.0,458408400,2736.0,-6.257785217808431,0,104.58742292408267,3.166804734147736
2016-04-28,80,21.59446907043457,23.707500457763672,24.469999313354492,23.5625,24.40250015258789,328970800,2760.0,-3.056632460741804,0,-28.23630631550381,3.8514559717962533
2016-04-29,81,21.34625244140625,23.434999465942383,23.68000030517578,23.127500534057617,23.497499465942383,274126000,2784.0,-1.1494294487382373,0,-16.67163164633457,2.3889298815691364
2016-05-02,82,21.323486328125,23.40999984741211,23.520000457763672,23.100000381469727,23.49250030517578,192640400,2856.0,-0.10667642031144675,0,-29.725600636203787,1.8181821184334672
2016-05-03,83,21.67416763305664,23.795000076293945,23.934999465942383,23.420000076293945,23.549999237060547,227325200,2880.0,1.644597314785523,1,18.004946003019096,2.198972621565989
2016-05-04,84,21.448719024658203,23.54750061035156,23.975000381469727,23.454999923706055,23.799999237060547,164102000,2904.0,-1.0401322342879937,0,-27.811786814660234,2.2170132571098646
2016-05-05,85,21.361665725708008,23.309999465942383,23.517499923706055,23.170000076293945,23.5,143562000,2928.0,-1.0086044728873311,0,-12.516605525831492,1.499783540215215
2016-05-06,86,21.242530822753903,23.18000030517578,23.362499237060547,22.962499618530273,23.342500686645508,174799600,2952.0,-0.557696970163124,0,21.75896128501971,1.741968971912282
2016-05-09,87,21.258569717407227,23.197500228881836,23.4424991607666,23.147499084472656,23.25,131745600,3024.0,0.07549578721164352,1,-24.63049114528866,1.2744360642045836
2016-05-10,88,21.40290069580078,23.354999542236328,23.392499923706055,23.02750015258789,23.332500457763672,134747200,3048.0,0.6789495066300333,1,2.278330357901903,1.5850603352493928
2016-05-11,89,21.19442367553711,23.127500534057617,23.392499923706055,23.114999771118164,23.3700008392334,114876400,3072.0,-0.9740912551391423,0,-14.74672572046024,1.2005198154257513
2016-05-12,90,20.6972713470459,22.584999084472656,23.19499969482422,22.36750030517578,23.18000030517578,305258800,3096.0,-2.345698571214261,0,165.72803465289653,3.69956132047959
2016-05-13,91,20.738502502441406,22.6299991607666,22.917499542236328,22.5,22.5,177571200,3120.0,0.19924763390795075,1,-41.82929370095145,1.8555535210503473
2016-05-16,92,21.508291244506836,23.469999313354492,23.59749984741211,22.912500381469727,23.09749984741211,245039200,3192.0,3.7118876877564766,1,37.99490007388586,2.989632098364829
2016-05-17,93,21.41893768310547,23.372499465942383,23.674999237060547,23.252500534057617,23.637500762939453,187667600,3216.0,-0.41542330747590395,0,-23.413233474480823,1.8170033041569082
2016-05-18,94,21.664085388183594,23.63999938964844,23.802499771118164,23.47249984741211,23.540000915527344,168249600,3240.0,1.1445071336758428,1,-10.347017812344806,1.405900205991216
2016-05-19,95,21.58160972595215,23.549999237060547,23.65999984741211,23.392499923706055,23.65999984741211,121768400,3264.0,-0.3807113151927721,0,-27.626336110160143,1.143528586420852
2016-05-20,96,21.81529426574707,23.80500030517578,23.857500076293945,23.6299991607666,23.65999984741211,128104000,3288.0,1.0828071183711208,1,5.2029919092309695,0.9627631130223163
2016-05-23,97,22.09250831604004,24.107500076293945,24.29750061035156,23.917499542236328,23.967500686645508,152074400,3360.0,1.27074046309672,1,18.711671766689577,1.5887993117515498
2016-05-24,98,22.42929458618164,24.475000381469727,24.522499084472656,24.209999084472656,24.30500030517578,140560800,3384.0,1.5244231214880832,1,-7.571031021657815,1.2907889790067164
2016-05-25,99,22.823352813720703,24.905000686645508,24.934999465942383,24.52750015258789,24.667499542236328,152675200,3408.0,1.7568960101072673,1,8.618619131365213,1.6613976590333324
2016-05-26,100,23.004348754882812,25.102500915527344,25.1825008392334,24.65999984741211,24.920000076293945,225324800,3432.0,0.7930143482699714,1,47.584414495608975,2.1188199312828537
2016-05-27,101,22.99060440063477,25.087499618530273,25.11750030517578,24.8125,24.86000061035156,145364800,3456.0,-0.05976016910645976,0,-35.48655096997756,1.229220373504408
2016-05-31,102,22.87834358215332,24.96500015258789,25.100000381469727,24.704999923706055,24.899999618530273,169228800,3552.0,-0.4882888602094959,0,16.416629060130106,1.5988684840457874
2016-06-01,103,22.55759048461914,24.614999771118164,24.885000228881836,24.582500457763672,24.7549991607666,116693200,3576.0,-1.4019642672962074,0,-31.044124877089473,1.2305492341509476
2016-06-02,104,22.38805770874023,24.43000030517578,24.459999084472656,24.157499313354492,24.399999618530273,160766400,3600.0,-0.7515720806930526,0,37.768438949313236,1.2521981981427166
2016-06-03,105,22.43387031555176,24.479999542236328,24.5674991607666,24.362499237060547,24.447500228881836,114019600,3624.0,0.20466326826018566,1,-29.07746892385473,0.8414568707064594
2016-06-06,106,22.596538543701172,24.657499313354492,25.47249984741211,24.387500762939453,24.497499465942383,93170000,3696.0,0.7250807779302315,1,-18.285978901873012,4.448996619290644
2016-06-07,107,22.68818092346191,24.75749969482422,24.967500686645508,24.739999771118164,24.8125,89638000,3720.0,0.4055576771954561,1,-3.7909198239776787,0.9195671690867663
2016-06-08,108,22.667564392089844,24.73500061035156,24.88999938964844,24.670000076293945,24.7549991607666,83392400,3744.0,-0.09087785418558925,0,-6.96758071353667,0.8917685961659112
2016-06-09,109,22.83022689819336,24.912500381469727,24.997499465942383,24.614999771118164,24.625,106405600,3768.0,0.7176056872377101,1,27.596279756908302,1.5539293048177156
2016-06-10,110,22.642362594604492,24.707500457763672,24.837499618530273,24.6200008392334,24.63249969482422,126851600,3792.0,-0.8228797614330818,0,19.21515408963439,0.8834231189394522
2016-06-13,111,22.300996780395508,24.334999084472656,24.780000686645508,24.274999618530273,24.67250061035156,152082000,3864.0,-1.5076449110171586,0,19.88969788319579,2.0803339899117557
2016-06-14,112,22.3284854888916,24.364999771118164,24.6200008392334,24.1875,24.329999923706055,127727600,3888.0,0.12328205372587053,1,-16.01399245144067,1.7881171647892442
2016-06-15,113,22.255172729492188,24.28499984741211,24.602500915527344,24.25749969482422,24.454999923706055,117780800,3912.0,-0.3283395216809537,0,-7.787510295347289,1.4222455943253596
2016-06-16,114,22.349109649658203,24.387500762939453,24.4375,24.017499923706055,24.112499237060547,125307200,3936.0,0.42207500997066827,1,6.390175648322982,1.7487252113172345
2016-06-17,115,21.84049415588379,23.832500457763672,24.162500381469727,23.825000762939453,24.155000686645508,244032800,3960.0,-2.275757202719142,0,94.74762822886473,1.4165775770100493
2016-06-20,116,21.78779983520508,23.774999618530273,24.142499923706055,23.75749969482422,24.0,137647600,4032.0,-0.24127069392194667,0,-43.59463154133378,1.6205418660521405
2016-06-21,117,21.973377227783203,23.977500915527344,24.087499618530273,23.670000076293945,23.73500061035156,142185600,4056.0,0.8517404847369292,1,3.2968246449629257,1.763834139799871
2016-06-22,118,21.890899658203125,23.887500762939453,24.22249984741211,23.837499618530273,24.0625,116876400,4080.0,-0.3753525144466141,0,-17.80011477955573,1.6151032408724313
2016-06-23,119,22.016904830932617,24.024999618530273,24.072500228881836,23.8125,23.98500061035156,128960800,4104.0,0.5756100521162377,1,10.339469730416063,1.0918644782439304
2016-06-24,120,21.398317337036133,23.350000381469727,23.665000915527344,23.162500381469727,23.227500915527344,301245600,4128.0,-2.809570230086189,0,133.59470474748915,2.16945720790845
2016-06-27,121,21.086742401123047,23.010000228881836,23.262500762939453,22.875,23.25,181958400,4200.0,-1.45610341341883,0,-39.597989149053134,1.6939924062926912
2016-06-28,122,21.441850662231445,23.397499084472656,23.415000915527344,23.03499984741211,23.225000381469727,161779600,4224.0,1.6840454225829804,1,-11.089787555836939,1.6496682033098689
2016-06-29,123,21.627422332763672,23.600000381469727,23.637500762939453,23.407499313354492,23.49250030517578,146124000,4248.0,0.8654826580651864,1,-9.677116274239772,0.9825972715237465
2016-06-30,124,21.90235137939453,23.899999618530273,23.9424991607666,23.575000762939453,23.61000061035156,143345600,4272.0,1.2711831873363,1,-1.9013988119679137,1.5588478724669481
2016-07-01,125,21.968793869018555,23.97249984741211,24.11750030517578,23.832500457763672,23.872499465942383,104106000,4296.0,0.30334824284108386,1,-27.374122400687572,1.195845345381155
2016-07-05,126,21.762603759765625,23.747499465942383,23.850000381469727,23.614999771118164,23.84749984741211,110820800,4392.0,-0.9385770482923439,0,6.449964459301105,0.9951328080848645
2016-07-06,127,21.886316299438477,23.88249969482422,23.915000915527344,23.592500686645508,23.649999618530273,123796400,4416.0,0.5684818693245886,1,11.708632314511359,1.366960769293891
2016-07-07,128,21.980247497558594,23.98500061035156,24.125,23.905000686645508,23.924999237060547,100558400,4440.0,0.4291883883057457,1,-18.771143587374105,0.9203066598420743
2016-07-08,129,22.149782180786133,24.170000076293945,24.22249984741211,24.012500762939453,24.122499465942383,115648400,4464.0,0.7713131592022693,1,15.006205349329349,0.8745406675708087
2016-07-11,130,22.218517303466797,24.2450008392334,24.412500381469727,24.1825008392334,24.1875,95179600,4536.0,0.31030518288253095,1,-17.69916401783337,0.9510990768298854
2016-07-12,131,22.319324493408203,24.354999542236328,24.424999237060547,24.280000686645508,24.292499542236328,96670000,4560.0,0.4536964289352685,1,1.5658817645798129,0.5971933538485903
2016-07-13,132,22.193313598632812,24.217500686645508,24.417499542236328,24.209999084472656,24.352500915527344,103568800,4584.0,-0.5645611093211933,0,7.136443570911344,0.8570857728646282
2016-07-14,133,22.63319206237793,24.697500228881836,24.747499465942383,24.329999923706055,24.34749984741211,155676000,4608.0,1.9820358361794854,1,50.311676875661405,1.715986615476868
2016-07-15,134,22.63090133666992,24.69499969482422,24.825000762939453,24.625,24.729999542236328,120548000,4632.0,-0.010124644334219557,0,-22.56481410108173,0.8121858393480331
2016-07-18,135,22.87146759033203,24.957500457763672,25.032499313354492,24.649999618530273,24.674999237060547,145975600,4704.0,1.0629713147737752,1,21.09334041211799,1.551722923909014
2016-07-19,136,22.880624771118164,24.967500686645508,25.0,24.834999084472656,24.88999938964844,95119600,4728.0,0.04006903214830437,1,-34.83869907025557,0.6643886515401793
2016-07-20,137,22.90124893188477,24.989999771118164,25.114999771118164,24.934999465942383,25.0,105104000,4752.0,0.09011348294341026,1,10.496679969217704,0.721878119234114
2016-07-21,138,22.77981948852539,24.857500076293945,25.25,24.782499313354492,24.957500457763672,130808000,4776.0,-0.5302108684985041,0,24.455777135028157,1.8864146054614708
2016-07-22,139,22.603412628173828,24.665000915527344,24.825000762939453,24.57749938964844,24.815000534057617,113254800,4800.0,-0.7744107821614166,0,-13.419056938413554,1.0070242271890963
2016-07-25,140,22.300996780395508,24.334999084472656,24.709999084472656,24.229999542236328,24.5625,161531600,4872.0,-1.3379356124286312,0,42.62671427612781,1.9810134185088233
2016-07-26,141,22.147489547729492,24.167499542236328,24.49250030517578,24.104999542236328,24.204999923706055,224959200,4896.0,-0.6883071647337924,0,39.26637264782866,1.607553496362784
2016-07-27,142,23.586265563964844,25.737499237060547,26.087499618530273,25.6875,26.0674991607666,369379200,4920.0,6.496326573133504,1,64.19830795984338,1.557176130531478
2016-07-28,143,23.904720306396484,26.084999084472656,26.112499237060547,25.704999923706055,25.707500457763672,159479200,4944.0,1.3501694325908975,1,-56.82507298732576,1.5852920232016108
2016-07-29,144,23.874940872192383,26.052499771118164,26.137500762939453,25.920000076293945,26.04750061035156,110934800,4968.0,-0.12459004981847377,0,-30.43933001921254,0.8391230169957862
2016-08-01,145,24.296497344970703,26.512500762939453,26.537500381469727,26.102500915527344,26.102500915527344,152671600,5040.0,1.7656693056811612,1,37.62281989060241,1.666504935102287
2016-08-02,146,23.936798095703125,26.1200008392334,26.517499923706055,26.0,26.512500762939453,135266400,5064.0,-1.4804334272937036,0,-11.400417628425984,1.9903843219463642
2016-08-03,147,24.236927032470703,26.447500228881836,26.459999084472656,26.1924991607666,26.20249938964844,120810400,5088.0,1.2538261069138912,1,-10.68705901835193,1.0212844603493938
2016-08-04,148,24.386648178100582,26.467500686645508,26.5,26.31999969482422,26.395000457763672,109634800,5112.0,0.07562324450547386,1,-9.250528100229783,0.6838917449196551
2016-08-05,149,24.757505416870117,26.8700008392334,26.912500381469727,26.545000076293945,26.5674991607666,162213600,5136.0,1.5207335114606257,1,47.95813008278393,1.384442660084895
2016-08-08,150,24.96250343322754,27.092500686645508,27.092500686645508,26.790000915527344,26.8799991607666,112148800,5208.0,0.8280604408736458,1,-30.863503430045323,1.1291517759629368
2016-08-09,151,25.063861846923828,27.20249938964844,27.23500061035156,27.002500534057617,27.0575008392334,105260800,5232.0,0.4060116276278336,1,-6.141840126688825,0.8610316514972193
2016-08-10,152,24.877286911010746,27.0,27.225000381469727,26.940000534057617,27.177499771118164,96034000,5256.0,-0.7444146464184787,0,-8.765656350702255,1.0579058714264382
2016-08-11,153,24.861156463623047,26.982500076293945,27.232500076293945,26.962499618530273,27.1299991607666,109938000,5280.0,-0.06481453224465028,0,14.478205635504082,1.0013925325310384
2016-08-12,154,24.91874313354492,27.045000076293945,27.11000061035156,26.94499969482422,26.94499969482422,74641600,5304.0,0.23163161242760744,1,-32.10573232185414,0.6123619127709053
2016-08-15,155,25.21819496154785,27.3700008392334,27.385000228881836,27.020000457763672,27.03499984741211,103472800,5376.0,1.2017036865321629,1,38.62618164669567,1.3508503513488597
2016-08-16,156,25.19515609741211,27.344999313354492,27.5575008392334,27.302499771118164,27.407499313354492,135177600,5400.0,-0.09134645638397831,0,30.640709442481494,0.9339843247063634
2016-08-17,157,25.15830421447754,27.30500030517578,27.342500686645508,27.084999084472656,27.274999618530273,101424000,5424.0,-0.14627540385118154,0,-24.96981748455366,0.9507166729810695
2016-08-18,158,25.126056671142575,27.270000457763672,27.399999618530273,27.2549991607666,27.3075008392334,87938800,5448.0,-0.12818109145186218,0,-13.295866855970973,0.5320141707155108
2016-08-19,159,25.19055557250977,27.34000015258789,27.42250061035156,27.09000015258789,27.1924991607666,101472400,5472.0,0.2566912125015808,1,15.389793811150486,1.227391863753477
2016-08-22,160,24.9947566986084,27.127500534057617,27.274999618530273,26.962499618530273,27.21500015258789,103280800,5544.0,-0.7772480517347691,0,1.7821594837611032,1.15901716985183
2016-08-23,161,25.073076248168945,27.212499618530273,27.329999923706055,27.13249969482422,27.147499084472656,85030800,5568.0,0.3133317954079118,1,-17.670273661706727,0.727910185582757
2016-08-24,162,24.884193420410156,27.00749969482422,27.1875,26.920000076293945,27.142499923706055,94700400,5592.0,-0.7533300012118715,0,11.371879366065007,0.9936847063444778
2016-08-25,163,24.77823257446289,26.892499923706055,26.969999313354492,26.670000076293945,26.84749984741211,100344800,5616.0,-0.4258068033606288,0,5.96027049516159,1.124856528692724
2016-08-26,164,24.63311767578125,26.73500061035156,26.987499237060547,26.57749938964844,26.852500915527344,111065200,5640.0,-0.5856625966396578,0,10.683563074519054,1.5426577248715692
2016-08-29,165,24.6054744720459,26.704999923706055,26.86000061035156,26.572500228881836,26.655000686645508,99881200,5712.0,-0.11221502136000705,0,-10.069760825172958,1.0819470467338141
2016-08-30,166,24.416589736938477,26.5,26.625,26.375,26.450000762939453,99455600,5736.0,-0.7676462246460347,0,-0.4261062141824534,0.9478672985781991
2016-08-31,167,24.439626693725582,26.524999618530273,26.642499923706055,26.40999984741211,26.415000915527344,118649600,5760.0,0.0943381831331136,1,19.29906410498756,0.8803486468657733
2016-09-01,168,24.584745407104492,26.6825008392334,26.700000762939453,26.405000686645508,26.53499984741211,106806000,5784.0,0.5937840639707037,1,-9.981997410863585,1.1172129090045562
2016-09-02,169,24.81509017944336,26.9325008392334,27.0,26.704999923706055,26.924999237060547,107210000,5808.0,0.9369436602149506,1,0.378255903226421,1.1046623371531017
2016-09-06,170,24.808181762695312,26.924999237060547,27.075000762939453,26.877500534057617,26.975000381469727,107521600,5904.0,-0.027853344246164813,0,0.29064452942821895,0.7348162029857466
2016-09-07,171,24.960203170776367,27.09000015258789,27.190000534057617,26.767499923706055,26.957500457763672,169457200,5928.0,0.6128167881253921,1,57.60293745628786,1.5784089345504546
2016-09-08,172,24.30602264404297,26.3799991607666,26.8174991607666,26.309999465942383,26.8125,212008000,5952.0,-2.620896965013353,0,25.110057288802135,1.928923242591335
2016-09-09,173,23.755502700805664,25.782499313354492,26.43000030517578,25.782499313354492,26.15999984741211,186228000,5976.0,-2.2649729583795297,0,-12.159918493641753,2.5113973007492905
2016-09-12,174,24.287607192993164,26.36000061035156,26.43000030517578,25.63249969482422,25.662500381469727,181171200,6048.0,2.2398964893909357,1,-2.715381145692375,3.111286920302182
2016-09-13,175,24.865766525268555,26.987499237060547,27.197500228881836,26.809999465942383,26.877500534057617,248704800,6072.0,2.3804954938527967,1,37.27612335735482,1.4453590848881142
2016-09-14,176,25.74568748474121,27.9424991607666,28.25749969482422,27.149999618530273,27.1825008392334,443554800,6096.0,3.538675129982405,1,78.34589440975807,4.079190025247957
2016-09-15,177,26.620996475219727,28.892499923706055,28.9325008392334,28.372499465942383,28.46500015258789,359934400,6120.0,3.399841787499547,1,-18.852326702360113,1.9737470572983071
2016-09-16,178,26.471269607543945,28.729999542236328,29.032499313354492,28.510000228881836,28.780000686645508,319547600,6144.0,-0.5624310180802228,0,-11.220600198258346,1.8326870581479076
2016-09-19,179,26.16260528564453,28.395000457763672,29.045000076293945,28.3125,28.79750061035156,188092000,6216.0,-1.1660253735130466,0,-41.138033895419646,2.5871967374620586
2016-09-20,180,26.160310745239254,28.392499923706055,28.530000686645508,28.127500534057617,28.262500762939453,138057200,6240.0,-0.008806247639747689,0,-26.60123769219318,1.430984427857468
2016-09-21,181,26.155696868896484,28.387500762939453,28.497499465942383,28.11000061035156,28.462499618530273,144012800,6264.0,-0.017607328625635077,0,4.313864108499965,1.378508883589731
2016-09-22,182,26.40216827392578,28.655000686645508,28.73500061035156,28.5,28.587499618530273,124296000,6288.0,0.9423158661972852,1,-13.691005243978315,0.8245635450931894
2016-09-23,183,25.96220970153809,28.177499771118164,28.697500228881836,27.887500762939453,28.604999542236328,209924800,6312.0,-1.6663790057066086,0,68.89103430520693,2.9045251233800617
2016-09-26,184,26.00136947631836,28.219999313354492,28.34749984741211,27.887500762939453,27.90999984741211,119477600,6384.0,0.15082793924778848,1,-43.08552395905581,1.6494812080255075
2016-09-27,185,26.049739837646484,28.272499084472656,28.295000076293945,28.084999084472656,28.25,98429600,6408.0,0.18603746419412204,1,-17.616691329588143,0.7477336609115015
2016-09-28,186,26.24783706665039,28.487499237060547,28.65999984741211,28.357500076293945,28.42250061035156,118564400,6432.0,0.7604568380938481,1,20.456041678519465,1.0667363847458655
2016-09-29,187,25.84012031555176,28.045000076293945,28.450000762939453,27.950000762939453,28.290000915527344,143548000,6456.0,-1.5533099521453875,0,21.071755096808143,1.788908716821859
2016-09-30,188,26.040531158447266,28.262500762939453,28.342500686645508,27.950000762939453,28.114999771118164,145516400,6480.0,0.7755417580810109,1,1.371248641569367,1.4042930697393519
2016-10-03,189,25.91844367980957,28.1299991607666,28.262500762939453,28.06999969482422,28.177499771118164,86807200,6552.0,-0.4688247628341524,0,-40.345418110948316,0.6857893487997769
2016-10-04,190,26.029016494750977,28.25,28.57749938964844,28.157499313354492,28.26499938964844,118947200,6576.0,0.42659382443481775,1,37.02457860638289,1.491610002791519
2016-10-05,191,26.040531158447266,28.262500762939453,28.415000915527344,28.17250061035156,28.350000381469727,85812400,6600.0,0.04425048828125,1,-27.856729708643833,0.860769544492198
2016-10-06,192,26.23401260375977,28.47249984741211,28.584999084472656,28.282499313354492,28.424999237060547,115117200,6624.0,0.7430307962982052,1,34.149843146211964,1.0695652027306124
2016-10-07,193,26.273168563842773,28.51499938964844,28.63999938964844,28.377500534057617,28.57749938964844,97433600,6648.0,0.14926522948139898,1,-15.361388220005356,0.925024581625089
2016-10-10,194,26.7315616607666,29.012500762939453,29.1875,28.68000030517578,28.7549991607666,144944000,6720.0,1.7447006275287391,1,48.76182343667892,1.7695247190518058
2016-10-11,195,26.78915023803711,29.075000762939453,29.67250061035156,29.049999237060547,29.424999237060547,256164000,6744.0,0.21542438037549516,1,76.73308312175737,2.142861926470744
2016-10-12,196,27.028703689575195,29.334999084472656,29.4950008392334,29.1875,29.337499618530273,150347200,6768.0,0.8942332406216558,1,-41.308224418731754,1.0535360658960118
2016-10-13,197,26.945785522460938,29.2450008392334,29.36000061035156,28.93000030517578,29.197500228881836,140769600,6792.0,-0.3067947777332436,0,-6.370321495844289,1.4863473924638972
2016-10-14,198,27.09550666809082,29.407499313354492,29.542499542236328,29.282499313354492,29.469999313354492,142608800,6816.0,0.555645305036534,1,1.306532092156254,0.8879031331975854
2016-10-17,199,27.07708168029785,29.387500762939453,29.459999084472656,29.19499969482422,29.332500457763672,94499600,6888.0,-0.06800493371416083,0,-33.73508507188897,0.9076875917742085
2016-10-18,200,27.058650970458984,29.36750030517578,29.552499771118164,29.362499237060547,29.545000076293945,98214000,6912.0,-0.06805770223541341,0,3.9305986480365984,0.6470857011306574
2016-10-19,201,26.978029251098633,29.280000686645508,29.440000534057617,28.450000762939453,29.3125,80138400,6936.0,-0.2979471103124576,0,-18.404300812511455,3.4797882058681435
2016-10-20,202,26.964214324951172,29.26499938964844,29.344999313354492,29.082500457763672,29.21500015258789,96503200,6960.0,-0.05123393663002407,0,20.420672237029947,0.9026007099081652
2016-10-21,203,26.858245849609375,29.149999618530273,29.227500915527344,29.06999969482422,29.20249938964844,92770800,6984.0,-0.39296010085975164,0,-3.867643767253315,0.5417998705076265
2016-10-24,204,27.10011100769043,29.412500381469727,29.434999465942383,29.25,29.274999618530273,94154800,7056.0,0.9005172088324409,1,1.491848728263645,0.632476806640625
2016-10-25,205,27.238319396972656,29.5625,29.59000015258789,29.32749938964844,29.487499237060547,192516000,7080.0,0.509985946739766,1,104.4675364399903,0.8950669794646827
2016-10-26,206,26.625598907470703,28.897499084472656,28.924999237060547,28.32749938964844,28.57749938964844,264536800,7104.0,-2.24947455569503,0,37.41029317043778,2.109257295158382
2016-10-27,207,26.369922637939453,28.6200008392334,28.96500015258789,28.524999618530273,28.84749984741211,138248000,7128.0,-0.9602846406468579,0,-47.739596154485874,1.5425084660537074
2016-10-28,208,26.19485855102539,28.43000030517578,28.802499771118164,28.362499237060547,28.467500686645508,151446800,7152.0,-0.6638732651508383,0,9.54719055610207,1.551346129196823
2016-10-31,209,26.153400421142575,28.385000228881836,28.5575008392334,28.299999237060547,28.412500381469727,105677600,7224.0,-0.15828376999965643,0,-30.221305435307976,0.9098996788510079
2016-11-01,210,25.68118667602539,27.872499465942383,28.4424991607666,27.63249969482422,28.364999771118164,175303200,7248.0,-1.8055337636318947,0,65.88491790123925,2.931328960058224
2016-11-02,211,25.704221725463867,27.897499084472656,28.087499618530273,27.8075008392334,27.850000381469727,113326800,7272.0,0.08969277606702963,1,-35.35383267390442,1.0069181726026482
2016-11-03,212,25.4287052154541,27.457500457763672,27.864999771118164,27.387500762939453,27.7450008392334,107730400,7296.0,-1.5771973873954903,0,-4.938284677587301,1.7434924504862406
2016-11-04,213,25.19948959350586,27.209999084472656,27.5625,27.02750015258789,27.13249969482422,123348000,7320.0,-0.9013980484921857,0,14.496929371839329,1.9794647836155241
2016-11-07,214,25.5629940032959,27.602500915527344,27.627500534057617,27.364999771118164,27.520000457763672,130240000,7392.0,1.4424911586221612,1,5.587443655349089,0.9592573182350408
2016-11-08,215,25.71348571777344,27.76499938964844,27.93000030517578,27.424999237060547,27.57749938964844,97016800,7416.0,0.5887092427544705,1,-25.509213759213758,1.8413895429860407
2016-11-09,216,25.671810150146484,27.719999313354492,27.829999923706055,27.012500762939453,27.469999313354492,236705600,7440.0,-0.16207483264244482,0,143.9841347065663,3.026373485153926
2016-11-10,217,24.956388473510746,26.947500228881836,27.772499084472656,26.457500457763672,27.772499084472656,228538000,7464.0,-2.7867933030593317,0,-3.4505309549077046,4.970230006452148
2016-11-11,218,25.104568481445312,27.107500076293945,27.217500686645508,26.637500762939453,26.780000686645508,136575600,7488.0,0.5937465295598132,1,-40.23943501737129,2.1773811622485395
2016-11-14,219,24.47481155395508,26.427499771118164,26.95249938964844,26.020000457763672,26.927499771118164,204702000,7560.0,-2.508531968133998,0,49.88182369325121,3.583777538353334
2016-11-15,220,24.798952102661133,26.77750015258789,26.920000076293945,26.540000915527344,26.642499923706055,129058000,7584.0,1.3243794702525458,1,-36.953229572744775,1.4317978434743812
2016-11-16,221,25.465744018554688,27.497499465942383,27.5575008392334,26.649999618530273,26.674999237060547,235362000,7608.0,2.688821993284196,1,82.36916735111346,3.4052579125446645
2016-11-17,222,25.45649528503418,27.487499237060547,27.587499618530273,27.207500457763672,27.45249938964844,110528000,7632.0,-0.03636777552890047,0,-53.03914820574265,1.3966706032276062
2016-11-18,223,25.48195457458496,27.51499938964844,27.635000228881836,27.415000915527344,27.43000030517578,113715600,7656.0,0.10004603311026816,1,2.8839751013317816,0.8024778625117196
2016-11-21,224,25.868608474731445,27.9325008392334,27.997499465942383,27.502500534057617,27.530000686645508,117058400,7728.0,1.5173594724557038,1,2.9396142657647673,1.799832459858643
2016-11-22,225,25.88481330871582,27.950000762939453,28.104999542236328,27.850000381469727,27.987499237060547,103862000,7752.0,0.06265075872287085,1,-11.273347320653626,0.9156163636402238
2016-11-23,226,25.752845764160156,27.8075008392334,27.877500534057617,27.582500457763672,27.84000015258789,109705600,7776.0,-0.5098387113284253,0,5.626311836860443,1.069518975430349
2016-11-25,227,25.882495880126953,27.947500228881836,27.967500686645508,27.737499237060547,27.782499313354492,45903600,7824.0,0.5034590863013166,1,-58.157468716273364,0.8292075922895459
2016-11-28,228,25.83156394958496,27.892499923706055,28.11750030517578,27.84749984741211,27.857500076293945,108776000,7896.0,-0.1967986572156577,0,136.9661638738574,0.9695680375010873
2016-11-29,229,25.80609130859375,27.864999771118164,28.00749969482422,27.517499923706055,27.69499969482422,114115200,7920.0,-0.09859335901447608,0,4.908435684342138,1.780684191793289
2016-11-30,230,25.58845329284668,27.6299991607666,28.049999237060547,27.5674991607666,27.899999618530273,144649200,7944.0,-0.843354072427227,0,26.757171700176663,1.7502497179019698
2016-12-01,231,25.34997940063477,27.372499465942383,27.73500061035156,27.25749969482422,27.592500686645508,148347600,7968.0,-0.9319569404470207,0,2.5568063978231415,1.7518148064696129
2016-12-02,232,25.444908142089844,27.475000381469727,27.522499084472656,27.212499618530273,27.292499542236328,106112000,7992.0,0.3744667733207141,1,-28.470699896729034,1.139180414471332
2016-12-05,233,25.26200294494629,27.27750015258789,27.50749969482422,27.0625,27.5,137298000,8064.0,-0.7188361278969713,0,29.389701447527152,1.6443406737153579
2016-12-06,234,25.45649528503418,27.487499237060547,27.59000015258789,27.29750061035156,27.375,104782000,8088.0,0.7698619129243633,1,-23.68279217468572,1.0715249956818835
2016-12-07,235,25.70653533935547,27.75749969482422,27.79750061035156,27.290000915527344,27.315000534057617,119994800,8112.0,0.982266358372974,1,14.518524173999348,1.85965437082657
2016-12-08,236,25.958904266357425,28.030000686645508,28.107500076293945,27.649999618530273,27.71500015258789,108273200,8136.0,0.9817202371152245,1,-9.768423298342931,1.6546128899657113
2016-12-09,237,26.38260078430176,28.487499237060547,28.674999237060547,28.07749938964844,28.07749938964844,137610400,8160.0,1.6321745958179923,1,27.09553241245295,2.128037967769989
2016-12-12,238,26.23210906982422,28.325000762939453,28.75,28.122499465942383,28.322500228881836,105497600,8232.0,-0.570420284240647,0,-23.336026928197285,2.2313113911426994
2016-12-13,239,26.669692993164062,28.79750061035156,28.979999542236328,28.4375,28.459999084472656,174935200,8256.0,1.6681371039196202,1,65.8191276389226,1.907690697973901
2016-12-14,240,26.669692993164062,28.79750061035156,29.049999237060547,28.7450008392334,28.760000228881836,136127200,8280.0,0.0,0,-22.184214497711153,1.061048491641938
2016-12-15,241,26.8155574798584,28.954999923706055,29.1825008392334,28.8075008392334,28.844999313354492,186098000,8304.0,0.5469200799248508,1,36.70890167431637,1.301744299489116
2016-12-16,242,26.85028648376465,28.99250030517578,29.125,28.912500381469727,29.11750030517578,177404400,8328.0,0.12951262845288802,1,-4.671517157626626,0.7349748922665515
2016-12-19,243,27.005409240722656,29.15999984741211,29.344999313354492,28.9375,28.950000762939453,111117600,8400.0,0.5777340362963734,1,-37.36480042208649,1.4082049705554804
2016-12-20,244,27.077184677124023,29.237499237060547,29.375,29.170000076293945,29.184999465942383,85700000,8424.0,0.26577294257192907,1,-22.874504128958872,0.7027765621181992
2016-12-21,245,27.102649688720703,29.26499938964844,29.350000381469727,29.19499969482422,29.200000762939453,95132800,8448.0,0.09405781378537537,1,11.006767794632433,0.5309151850170658
2016-12-22,246,26.92437171936035,29.072500228881836,29.127500534057617,28.90999984741211,29.087499618530273,104343600,8472.0,-0.6577794798611758,0,9.682044468364225,0.7523372113230138
2016-12-23,247,26.977624893188477,29.1299991607666,29.1299991607666,28.897499084472656,28.897499084472656,56998000,8496.0,0.19777773301947743,1,-45.37470434219253,0.8045681586988037
2016-12-27,248,27.14896011352539,29.315000534057617,29.450000762939453,29.122499465942383,29.1299991607666,73187600,8592.0,0.6350888383827469,1,28.40380364223305,1.1245645222865235
2016-12-28,249,27.03319549560547,29.190000534057617,29.5049991607666,29.049999237060547,29.3799991607666,83623600,8616.0,-0.4264028576590917,0,14.259246101798674,1.5662648387459794
2016-12-29,250,27.0262508392334,29.1825008392334,29.27750015258789,29.100000381469727,29.112499237060547,60158000,8640.0,-0.025692684779055064,0,-28.06097800142543,0.6099648412073294
2016-12-30,251,26.8155574798584,28.954999923706055,29.299999237060547,28.857500076293945,29.162500381469727,122345200,8664.0,-0.7795799159936556,0,103.37311745736227,1.53339395164763
2017-01-03,252,26.89196395874023,29.037500381469727,29.082500457763672,28.690000534057617,28.950000762939453,115127600,8760.0,0.2849264651392014,1,-5.899373248807471,1.3680722077370542
2017-01-04,253,26.861862182617188,29.0049991607666,29.127500534057617,28.9375,28.962499618530273,84472400,8784.0,-0.11192843831648869,0,-26.62715109148458,0.6565893185576404
2017-01-05,254,26.998462677001953,29.15250015258789,29.21500015258789,28.95249938964844,28.979999542236328,88774400,8808.0,0.5085364457476205,1,5.092787703439239,0.9066601104335159
2017-01-06,255,27.299448013305664,29.477500915527344,29.540000915527344,29.11750030517578,29.19499969482422,127007600,8832.0,1.1148298130121193,1,43.06782135390384,1.451019510340525
2017-01-09,256,27.549497604370117,29.747499465942383,29.857500076293945,29.48500061035156,29.487499237060547,134247600,8904.0,0.9159478993445269,1,5.700446272506521,1.2633524104849763
2017-01-10,257,27.577287673950195,29.77750015258789,29.844999313354492,29.575000762939453,29.6924991607666,97848400,8928.0,0.10085112088111803,1,-27.113482848110504,0.9129282956887537
2017-01-11,258,27.72546005249023,29.9375,29.982500076293945,29.649999618530273,29.684999465942383,110354400,8952.0,0.5373179299545949,1,12.78099590795556,1.121418084457141
2017-01-12,259,27.609691619873047,29.8125,29.825000762939453,29.552499771118164,29.725000381469727,108344800,8976.0,-0.41753653444676075,0,-1.821042024604369,0.9220911731047738
2017-01-13,260,27.56107521057129,29.760000228881836,29.905000686645508,29.70249938964844,29.77750015258789,104447600,9000.0,-0.17609986119300203,0,-3.597034652332187,0.6817651751813185
2017-01-17,261,27.783342361450195,30.0,30.059999465942383,29.55500030517578,29.584999084472656,137759200,9096.0,0.8064508376086854,1,31.893121526966638,1.7086758773545478
2017-01-18,262,27.781024932861328,29.997499465942383,30.125,29.927499771118164,30.0,94852000,9120.0,-0.008335113525392845,0,-31.146522337528094,0.6599289295540669
2017-01-19,263,27.732404708862305,29.94499969482422,30.022499084472656,29.842500686645508,29.850000381469727,102389200,9144.0,-0.1750138246615185,0,7.946274195588909,0.6031612421397968
2017-01-20,264,27.783342361450195,30.0,30.112499237060547,29.9325008392334,30.112499237060547,130391600,9168.0,0.18367108277275168,1,27.34897821254585,0.601347674869917
2017-01-23,265,27.80186462402344,30.020000457763672,30.20249938964844,29.9424991607666,30.0,88200800,9240.0,0.06666819254557144,1,-32.35699232159127,0.8683317564303902
2017-01-24,266,27.776397705078125,29.99250030517578,30.024999618530273,29.875,29.887500762939453,92844000,9264.0,-0.09160610315973594,0,5.264351343751983,0.5020907733230909
2017-01-25,267,28.218610763549805,30.469999313354492,30.524999618530273,30.06999969482422,30.104999542236328,129510400,9288.0,1.5920613597403488,1,39.49248201283875,1.5131357775981995
2017-01-26,268,28.232507705688477,30.48500061035156,30.61000061035156,30.399999618530273,30.417499542236328,105350400,9312.0,0.04923300733548075,1,-18.654872504447518,0.6907927449225353
2017-01-27,269,28.23482131958008,30.487499237060547,30.587499618530273,30.399999618530273,30.53499984741211,82251600,9336.0,0.00819624949635056,1,-21.925687989794064,0.6167763235289966
2017-01-30,270,28.16073226928711,30.407499313354492,30.407499313354492,30.165000915527344,30.232500076293945,121510000,9408.0,-0.2624023803461273,0,47.729649028104014,0.803906482569749
2017-01-31,271,28.095901489257812,30.337499618530273,30.34749984741211,30.155000686645508,30.287500381469727,196804000,9432.0,-0.23020536513989054,0,61.965270348119496,0.6383656321780555
2017-02-01,272,29.80921173095703,32.1875,32.622501373291016,31.752500534057617,31.75749969482422,447940000,9456.0,6.098064786920476,1,127.60716245604766,2.73994433383361
2017-02-02,273,29.758272171020508,32.13249969482422,32.34749984741211,31.94499969482422,31.9950008392334,134841600,9480.0,-0.17087473452669366,0,-69.89739697280885,1.259978577032525
2017-02-03,274,29.8856201171875,32.27000045776367,32.29750061035156,32.040000915527344,32.07749938964844,98029200,9504.0,0.427918040131825,1,-27.300477004129288,0.8036819209309957
2017-02-06,275,30.16575813293457,32.5724983215332,32.625,32.224998474121094,32.282501220703125,107383600,9576.0,0.9373965276680218,1,9.542462858005575,1.2412770979652183
2017-02-07,276,30.45284843444824,32.88249969482422,33.022499084472656,32.61249923706055,32.6349983215332,152735200,9600.0,0.9517273444330066,1,42.23326466983786,1.257186223085256
2017-02-08,277,30.570940017700195,33.0099983215332,33.05500030517578,32.80500030517578,32.837501525878906,92016400,9624.0,0.38774006809785266,1,-39.75429370570765,0.7620789442899546
2017-02-09,278,30.791839599609375,33.10499954223633,33.11249923706055,32.779998779296875,32.912498474121094,113399600,9648.0,0.2877952909229764,1,23.238466186462414,1.0143394452280206
2017-02-10,279,30.722082138061523,33.029998779296875,33.23500061035156,33.01250076293945,33.1150016784668,80262000,9672.0,-0.22655418811822203,0,-29.22197256427712,0.6739866482998844
2017-02-13,280,30.9941463470459,33.3224983215332,33.45500183105469,33.1875,33.27000045776367,92141600,9744.0,0.885557229931444,1,14.801026637761328,0.8060318826506591
2017-02-14,281,31.39642906188965,33.755001068115234,33.772499084472656,33.3125,33.36750030517578,132904800,9768.0,1.2979301323950976,1,44.23973536383132,1.3808602910999062
2017-02-15,282,31.510366439819336,33.877498626708984,34.067501068115234,33.654998779296875,33.880001068115234,142492400,9792.0,0.3629019544290957,1,7.213885427764843,1.225679107949079
2017-02-16,283,31.473173141479492,33.837501525878906,33.974998474121094,33.709999084472656,33.91749954223633,90338400,9816.0,-0.11806391395894344,0,-36.60125031229736,0.7861150900193893
2017-02-17,284,31.55920028686523,33.93000030517578,33.95750045776367,33.775001525878906,33.775001525878906,88792800,9840.0,0.273361729222632,1,-1.7109003480247575,0.5403373016724581
2017-02-21,285,31.787073135375977,34.17499923706055,34.1875,33.994998931884766,34.057498931884766,98028800,9936.0,0.7220717055148151,1,10.4017442855727,0.5662629038493153
2017-02-22,286,31.88241195678711,34.27750015258789,34.279998779296875,34.02750015258789,34.10749816894531,83347600,9960.0,0.29992953274506906,1,-14.976415094339623,0.7420428346975736
2017-02-23,287,31.747556686401367,34.13249969482422,34.369998931884766,34.07500076293945,34.345001220703125,83152800,9984.0,-0.42301934831360244,0,-0.2337199871382034,0.8657319511087364
2017-02-24,288,31.777769088745117,34.165000915527344,34.165000915527344,33.81999969482422,33.977500915527344,87106400,10008.0,0.09522074560526228,1,4.754620409655486,1.02011006450696
2017-02-27,289,31.84054946899414,34.23249816894531,34.36000061035156,34.06999969482422,34.28499984741211,81029600,10080.0,0.19756256873768585,1,-6.976295656805931,0.851191423906586
2017-02-28,290,31.854511260986328,34.247501373291016,34.36000061035156,34.17499923706055,34.27000045776367,93931600,10104.0,0.04382737208268317,1,15.922576441201741,0.5413354130828882
2017-03-01,291,32.50559997558594,34.9474983215332,35.037498474121094,34.400001525878906,34.47249984741211,145658400,10128.0,2.0439358206379987,1,55.06858181911092,1.8531887208278248
2017-03-02,292,32.31260681152344,34.7400016784668,35.06999969482422,34.689998626708984,35.0,104844000,10152.0,-0.5937381873727832,0,-28.020629088332704,1.0954196689493636
2017-03-03,293,32.5032844543457,34.94499969482422,34.95750045776367,34.647499084472656,34.69499969482422,84432400,10176.0,0.5900921314131224,1,-19.46854374117737,0.8947294364167928
2017-03-06,294,32.40095901489258,34.834999084472656,34.942501068115234,34.650001525878906,34.842498779296875,87000000,10248.0,-0.3147821185067956,0,3.041012691810252,0.8441544858746115
2017-03-07,295,32.44282150268555,34.880001068115234,34.994998931884766,34.6974983215332,34.76499938964844,69785200,10272.0,0.12918611977985606,1,-19.78712643678161,0.8574122768007576
2017-03-08,296,32.32190704345703,34.75,34.95000076293945,34.70500183105469,34.73749923706055,74828800,10296.0,-0.3727094728620095,0,7.2273204060459895,0.7059470363304692
2017-03-09,297,32.247493743896484,34.66999816894531,34.6974983215332,34.26250076293945,34.685001373291016,88623600,10320.0,-0.2302210965602569,0,18.435147964420118,1.2696024776576484
2017-03-10,298,32.354461669921875,34.78499984741211,34.84000015258789,34.65999984741211,34.8125,78451200,10344.0,0.3317037338923301,1,-11.478206707919792,0.5193315232781831
2017-03-13,299,32.368408203125,34.79999923706055,34.85749816894531,34.70500183105469,34.712501525878906,69686800,10416.0,0.04312028090911468,1,-11.171785772556698,0.43940737601162844
2017-03-14,300,32.31958770751953,34.747501373291016,34.912498474121094,34.709999084472656,34.82500076293945,61236400,10440.0,-0.15085593367951677,0,-12.12625633548965,0.5834036156429188
2017-03-15,301,32.66140365600586,35.1150016784668,35.1875,34.75749969482422,34.852500915527344,102767200,10464.0,1.0576308817941804,1,67.8204466624426,1.2371439515248364
2017-03-16,302,32.714881896972656,35.17250061035156,35.255001068115234,35.064998626708984,35.18000030517578,76928000,10488.0,0.16374463658370697,1,-25.14343097797741,0.5418578321617993
2017-03-17,303,32.5521125793457,34.997501373291016,35.25,34.97249984741211,35.25,175540000,10512.0,-0.49754562235772015,0,128.18739600665558,0.793481031663869
2017-03-20,304,32.89393615722656,35.3650016784668,35.375,35.057498931884766,35.099998474121094,86168000,10584.0,1.0500758361459583,1,-50.912612509969236,0.9056580697103507
2017-03-21,305,32.51722717285156,34.959999084472656,35.70000076293945,34.932498931884766,35.52750015258789,158119600,10608.0,-1.145207337119225,0,83.5015318911893,2.1970997052093155
2017-03-22,306,32.8846321105957,35.35499954223633,35.400001525878906,34.939998626708984,34.962501525878906,103440800,10632.0,1.1298640392102044,1,-34.58065919721527,1.3165509938465896
2017-03-23,307,32.76835250854492,35.22999954223633,35.39500045776367,35.15250015258789,35.314998626708984,81385200,10656.0,-0.3535567857967936,0,-21.32195419989018,0.6898522270767379
2017-03-24,308,32.7032585144043,35.15999984741211,35.435001373291016,35.087501525878906,35.375,89582400,10680.0,-0.1986934309786137,0,10.072101561463253,0.9903807119347318
2017-03-27,309,32.759063720703125,35.220001220703125,35.30500030517578,34.654998779296875,34.84749984741211,94300400,10752.0,0.17065237073778938,1,5.266659522406192,1.8756356911696717
2017-03-28,310,33.43805694580078,35.95000076293945,36.0099983215332,35.154998779296875,35.227500915527344,133499200,10776.0,2.0726846023140233,1,41.568010315968976,2.4320852565065247
2017-03-29,311,33.51246643066406,36.029998779296875,36.122501373291016,35.79750061035156,35.91999816894531,116760000,10800.0,0.22252577095878134,1,-12.538801730647076,0.9078867445999084
2017-03-30,312,33.46828079223633,35.98249816894531,36.125,35.875,36.04750061035156,84829200,10824.0,-0.13183628076850473,0,-27.347379239465575,0.6968641114982579
2017-03-31,313,33.405487060546875,35.915000915527344,36.067501068115234,35.752498626708984,35.93000030517578,78646800,10848.0,-0.18758356660244502,0,-7.288056471120797,0.8810641311959291
2017-04-03,314,33.41480255126953,35.92499923706055,36.029998779296875,35.76250076293945,35.9275016784668,79942800,10920.0,0.02783884526891267,1,1.6478737850745384,0.747984650543871
2017-04-04,315,33.66361618041992,36.192501068115234,36.22249984741211,35.79249954223633,35.8125,79565600,10944.0,0.7446119324582501,1,-0.47183736371505525,1.2013698698755775
2017-04-05,316,33.48920822143555,36.005001068115234,36.3650016784668,35.95249938964844,36.05500030517578,110871600,10968.0,-0.5180631193382301,0,39.3461495922861,1.1473535799214238
2017-04-06,317,33.405487060546875,35.915000915527344,36.130001068115234,35.86249923706055,36.0724983215332,84596000,10992.0,-0.24996569898061427,0,-23.699125835651323,0.745909617972886
2017-04-07,318,33.33109664916992,35.834999084472656,36.04499816894531,35.817501068115234,35.932498931884766,66688800,11016.0,-0.2227532479891936,0,-21.167903919807085,0.6351562617320509
2017-04-10,319,33.29155731201172,35.79249954223633,35.970001220703125,35.724998474121094,35.900001525878906,75733600,11088.0,-0.11859786053334265,0,13.562697184534734,0.6858019791365683
2017-04-11,320,32.93345260620117,35.407501220703125,35.837501525878906,35.01499938964844,35.73500061035156,121517600,11112.0,-1.0756396632174092,0,60.45401248587152,2.348999430437308
2017-04-12,321,32.97299575805664,35.45000076293945,35.537498474121094,35.252498626708984,35.400001525878906,81400000,11136.0,0.12002976988243486,1,-33.01381857442872,0.8084528998355305
2017-04-13,322,32.798587799072266,35.26250076293945,35.595001220703125,35.26250076293945,35.477500915527344,71291600,11160.0,-0.5289139519455754,0,-12.418181818181818,0.9429293174610198
2017-04-17,323,32.9799690246582,35.45750045776367,35.470001220703125,35.217498779296875,35.369998931884766,66328400,11256.0,0.5529945143004866,1,-6.961830005218006,0.7169800529806145
2017-04-18,324,32.833457946777344,35.29999923706055,35.5099983215332,35.27750015258789,35.352500915527344,58790000,11280.0,-0.4441971900719266,0,-11.365267366618227,0.6590551142787165
2017-04-19,325,32.71255874633789,35.16999816894531,35.5,35.11249923706055,35.470001220703125,69313600,11304.0,-0.3682749884559522,0,17.900323184214994,1.1035977824399743
2017-04-20,326,33.121822357177734,35.61000061035156,35.72999954223633,35.290000915527344,35.30500030517578,93278400,11328.0,1.251073256508639,1,34.57445580665266,1.2468082042904913
2017-04-21,327,33.082279205322266,35.567501068115234,35.66999816894531,35.462501525878906,35.61000061035156,69283600,11352.0,-0.11934721007551552,0,-25.723854611571383,0.585115640855129
2017-04-24,328,33.40085220336914,35.90999984741211,35.98749923706055,35.79499816894531,35.875,68537200,11424.0,0.9629542953859982,1,-1.0773112251672878,0.5377876182774682
2017-04-25,329,33.60779571533203,36.13249969482422,36.224998474121094,35.967498779296875,35.977500915527344,75486000,11448.0,0.6196041446882461,1,10.13872758151777,0.7159232739654314
2017-04-26,330,33.4101448059082,35.91999816894531,36.150001525878906,35.845001220703125,36.11750030517578,80164800,11472.0,-0.5881174224692365,0,6.19823543438518,0.8508865805244306
2017-04-27,331,33.435726165771484,35.9474983215332,36.040000915527344,35.82749938964844,35.97999954223633,56985200,11496.0,0.07655944874647158,1,-28.914935233419158,0.5931240792660619
2017-04-28,332,33.403175354003906,35.912498474121094,36.07500076293945,35.817501068115234,36.022499084472656,83441600,11520.0,-0.09736379176946697,0,46.426791517797604,0.718921441042254
2017-05-01,333,34.0844841003418,36.64500045776367,36.79999923706055,36.2400016784668,36.275001525878906,134411600,11592.0,2.039685387443657,1,61.084638837222684,1.5452470547938502
2017-05-02,334,34.300750732421875,36.877498626708984,37.022499084472656,36.709999084472656,36.8849983215332,181408800,11616.0,0.634460816048521,1,34.96513693758574,0.8512667060571492
2017-05-03,335,34.19609832763672,36.76499938964844,36.872501373291016,36.067501068115234,36.397499084472656,182788000,11640.0,-0.30506200596552846,0,0.7602718280480314,2.231927029420472
2017-05-04,336,34.07286834716797,36.63249969482422,36.78499984741211,36.45249938964844,36.630001068115234,93487600,11664.0,-0.3603962927346771,0,-48.85462940674442,0.9121472144049837
2017-05-05,337,34.637916564941406,37.2400016784668,37.244998931884766,36.689998626708984,36.689998626708984,109310800,11688.0,1.6583689038518257,1,16.925453215185748,1.512674641453274
2017-05-08,338,35.57966613769531,38.252498626708984,38.42499923706055,37.25749969482422,37.25749969482422,195009600,11760.0,2.7188423807930295,1,78.39920666576403,3.133596059315049
2017-05-09,339,35.80754089355469,38.497501373291016,38.720001220703125,38.36249923706055,38.467498779296875,156521600,11784.0,0.6404882174440907,1,-19.73646425611867,0.931904830895921
2017-05-10,340,35.637794494628906,38.314998626708984,38.48500061035156,38.02750015258789,38.407501220703125,103222800,11808.0,-0.47406387446393694,0,-34.05204137959233,1.2030779197368238
2017-05-11,341,35.94600296020508,38.48749923706055,38.51750183105469,38.07749938964844,38.11249923706055,109020400,11832.0,0.4502169294906766,1,5.61658858314249,1.1555444776026098
2017-05-12,342,36.448020935058594,39.025001525878906,39.10499954223633,38.66749954223633,38.67499923706055,130108000,11856.0,1.396563298404141,1,19.342801897626494,1.1314411461287297
2017-05-15,343,36.3546142578125,38.92499923706055,39.162498474121094,38.76250076293945,39.002498626708984,104038800,11928.0,-0.256251851142264,0,-20.036584990930606,1.031919260390123
2017-05-16,344,36.30092239379883,38.86750030517578,39.01499938964844,38.68000030517578,38.98500061035156,80194000,11952.0,-0.14771723317086316,0,-22.919141704825506,0.8660782880806491
2017-05-17,345,35.082096099853516,37.5625,38.64250183105469,37.4275016784668,38.400001525878906,203070800,11976.0,-3.3575617030406235,0,153.22443075541813,3.246276395966119
2017-05-18,346,35.61678695678711,38.1349983215332,38.334999084472656,37.782501220703125,37.817501068115234,134272800,12000.0,1.5241219874428058,1,-33.87882452819411,1.4623115090823766
2017-05-19,347,35.73820877075195,38.26499938964844,38.494998931884766,38.157501220703125,38.345001220703125,107843200,12024.0,0.340897007570673,1,-19.683509988620184,0.8844858818965965
2017-05-22,348,35.955345153808594,38.497501373291016,38.64500045776367,38.227500915527344,38.5,91865600,12096.0,0.6076100544914143,1,-14.81558410729652,1.0921444829963944
2017-05-23,349,35.910980224609375,38.45000076293945,38.724998474121094,38.32749938964844,38.724998474121094,79675600,12120.0,-0.12338621639615965,0,-13.269384840462584,1.037111971306987
2017-05-24,350,35.8035888671875,38.334999084472656,38.54249954223633,38.16749954223633,38.459999084472656,76712000,12144.0,-0.29909408630660606,0,-3.719582908694752,0.9825113106637319
2017-05-25,351,35.927330017089844,38.467498779296875,38.587501525878906,38.25749969482422,38.432498931884766,76942400,12168.0,0.3456363583894895,1,0.30034414433204315,0.8625807585102921
2017-05-26,352,35.866607666015625,38.40250015258789,38.560001373291016,38.32749938964844,38.5,87710400,12192.0,-0.16897024441829833,0,13.994884485017355,0.6066192351316629
2017-05-30,353,35.88063430786133,38.41749954223633,38.60749816894531,38.33250045776367,38.35499954223633,80507600,12288.0,0.03905836752513547,1,-8.212025027818825,0.7174009206225522
2017-05-31,354,35.66815185546875,38.189998626708984,38.54249954223633,38.095001220703125,38.49250030517578,97804800,12312.0,-0.5921804340160874,0,21.485176554760056,1.1746903981985057
2017-06-01,355,35.7662239074707,38.29499816894531,38.33250045776367,38.05500030517578,38.29249954223633,65616400,12336.0,0.2749398952921034,1,-32.91085918073551,0.7292081207791986
2017-06-02,356,36.29624938964844,38.86249923706055,38.86249923706055,38.22249984741211,38.39500045776367,111082800,12360.0,1.4819195593419376,1,69.29121378192038,1.67440484584571
2017-06-05,357,35.941341400146484,38.48249816894531,38.61249923706055,38.3650016784668,38.584999084472656,101326800,12432.0,-0.9778091362504404,0,-8.782637816115546,0.6451128574631693
2017-06-06,358,36.06275939941406,38.61249923706055,38.95249938964844,38.44499969482422,38.474998474121094,106499600,12456.0,0.3378186820006013,1,5.105065984517432,1.3200668457608091
2017-06-07,359,36.27756881713867,38.842498779296875,38.994998931884766,38.619998931884766,38.755001068115234,84278400,12480.0,0.5956608527830642,1,-20.865054892224943,0.9709995089885906
2017-06-08,360,36.1888427734375,38.747501373291016,38.8849983215332,38.599998474121094,38.8125,85003200,12504.0,-0.2445707897054561,0,0.8600068344913891,0.7383416027935444
2017-06-09,361,34.785552978515625,37.244998931884766,38.79750061035156,36.505001068115234,38.79750061035156,259530800,12528.0,-3.877675690443194,0,205.3188585841474,6.279960211365886
2017-06-12,362,33.95433807373047,36.35499954223633,36.522499084472656,35.627498626708984,36.435001373291016,289229200,12600.0,-2.389580924075485,0,11.443111954342221,2.5121057954170096
2017-06-13,363,34.22751235961914,36.647499084472656,36.86249923706055,36.287498474121094,36.790000915527344,136661600,12624.0,0.8045648354265911,1,-52.74972236551496,1.5845698577142828
2017-06-14,364,33.893611907958984,36.290000915527344,36.875,35.959999084472656,36.875,126124800,12648.0,-0.9755049536157356,0,-7.710139497854551,2.5444964928334395
2017-06-15,365,33.690486907958984,36.0724983215332,36.119998931884766,35.5525016784668,35.83000183105469,128661600,12672.0,-0.5993457936262492,0,2.011341147815493,1.596223125310157
2017-06-16,366,33.218833923339844,35.567501068115234,36.125,35.54999923706055,35.94499969482422,201444400,12696.0,-1.3999508681562967,0,56.56917059946402,1.6174424058496748
2017-06-19,367,34.16913604736328,36.584999084472656,36.685001373291016,35.915000915527344,35.915000915527344,130165600,12768.0,2.8607520511739537,1,-35.3838577791192,2.1439522153284227
2017-06-20,368,33.85859680175781,36.252498626708984,36.717498779296875,36.23500061035156,36.717498779296875,99600400,12792.0,-0.9088436957342738,0,-23.48178013238521,1.331580407942571
2017-06-21,369,34.05940246582031,36.467498779296875,36.51750183105469,36.15250015258789,36.380001068115234,85063200,12816.0,0.5930629907795915,1,-14.595523712756176,1.0096166985028532
2017-06-22,370,34.00336837768555,36.407501220703125,36.67499923706055,36.279998779296875,36.442501068115234,76425200,12840.0,-0.164523371775116,0,-10.154802546812247,1.0887554328945521
2017-06-23,371,34.155128479003906,36.56999969482422,36.790000915527344,36.27750015258789,36.282501220703125,141757600,12864.0,0.44633240039195776,1,85.48541580525794,1.4127234809008564
2017-06-26,372,34.04772186279297,36.45500183105469,37.06999969482422,36.345001220703125,36.79249954223633,102769600,12936.0,-0.31445956994581303,0,-27.50328730170375,1.9947680554984117
2017-06-27,373,33.55973815917969,35.932498931884766,36.540000915527344,35.904998779296875,36.252498626708984,99047600,12960.0,-1.43328178007337,0,-3.621693574753626,1.7685619212348125
2017-06-28,374,34.0500602722168,36.45750045776367,36.52750015258789,35.790000915527344,36.122501373291016,88329600,12984.0,1.4610771348636753,1,-10.821059773280728,2.0606292768787995
2017-06-29,375,33.54804611206055,35.91999816894531,36.282501220703125,35.56999969482422,36.1775016784668,125997600,13008.0,-1.4743256725486709,0,42.64482121508533,2.0030968006518766
2017-06-30,376,33.62744140625,36.005001068115234,36.2400016784668,35.94499969482422,36.11249923706055,92096400,13032.0,0.23664505429572547,1,-26.906226785272104,0.8207038145699468
2017-07-03,377,33.50602340698242,35.875,36.32500076293945,35.775001525878906,36.220001220703125,57111200,13104.0,-0.3610639196185428,0,-37.98758691979274,1.5373842448691124
2017-07-05,378,33.64377975463867,36.022499084472656,36.1974983215332,35.68000030517578,35.92250061035156,86278400,13152.0,0.41114727379136795,1,51.07089327487429,1.4503868047398898
2017-07-06,379,33.32624435424805,35.682498931884766,35.875,35.602500915527344,35.755001068115234,96515200,13176.0,-0.9438549829388299,0,11.864846821452414,0.7653930972973054
2017-07-07,380,33.664798736572266,36.04499816894531,36.1875,35.724998474121094,35.724998474121094,76806800,13200.0,1.0159020469741487,1,-20.419996021352084,1.294615942990001
2017-07-10,381,33.870269775390625,36.26499938964844,36.48749923706055,35.842498779296875,36.02750015258789,84362400,13272.0,0.6103515935053316,1,9.837149835691639,1.799540991088024
2017-07-11,382,33.98000717163086,36.38249969482422,36.462501525878906,36.095001220703125,36.182498931884766,79127200,13296.0,0.32400470744065046,1,-6.205608185637201,1.0181473687414448
2017-07-12,383,34.02903747558594,36.435001373291016,36.54499816894531,36.20500183105469,36.467498779296875,99538000,13320.0,0.14430475890105932,1,25.79492260562739,0.93908664741178
2017-07-13,384,34.503028869628906,36.942501068115234,37.122501373291016,36.36000061035156,36.375,100797600,13344.0,1.39289056043852,1,1.2654463621933232,2.0970867715617474
2017-07-14,385,34.799564361572266,37.2599983215332,37.33250045776367,36.83250045776367,36.99250030517578,80528400,13368.0,0.8594362705236502,1,-20.10881211457416,1.3574967590738423
2017-07-17,386,34.920989990234375,37.38999938964844,37.724998474121094,37.14250183105469,37.20500183105469,95174000,13440.0,0.3489025066329754,1,18.186875686093362,1.5682751951280334
2017-07-18,387,35.04239273071289,37.52000045776367,37.532501220703125,37.16749954223633,37.29999923706055,71475200,13464.0,0.34768940956770855,1,-24.900498035177677,0.9820452894659137
2017-07-19,388,35.261878967285156,37.755001068115234,37.85499954223633,37.48749923706055,37.619998931884766,83692000,13488.0,0.626334241696247,1,17.09236210601719,0.9803276096167719
2017-07-20,389,35.10309982299805,37.584999084472656,37.935001373291016,37.54750061035156,37.875,68974800,13512.0,-0.45027672846802425,0,-17.584954356449845,1.032028115428333
2017-07-21,390,35.08675003051758,37.567501068115234,37.61000061035156,37.220001220703125,37.497501373291016,105010400,13536.0,-0.046555851493024214,0,52.24458787847155,1.0478220764579276
2017-07-24,391,35.5117073059082,38.022499084472656,38.11000061035156,37.474998474121094,37.64500045776367,85972800,13608.0,1.2111479428254857,1,-18.12925195980588,1.6944687447258435
2017-07-25,392,35.663490295410156,38.185001373291016,38.459999084472656,37.95000076293945,37.95000076293945,75415600,13632.0,0.42738455580559886,1,-12.279697764874475,1.3438690679322682
2017-07-26,393,35.83159255981445,38.3650016784668,38.48249816894531,38.26499938964844,38.337501525878906,63124000,13656.0,0.47139007123797594,1,-16.29848466365049,0.5684013661730605
2017-07-27,394,35.15447235107422,37.63999938964844,38.497501373291016,36.82500076293945,38.4375,129905200,13680.0,-1.8897491387972032,0,105.79367593942082,4.54175309083703
2017-07-28,395,34.9069709777832,37.375,37.557498931884766,37.29750061035156,37.47249984741211,68854800,13704.0,-0.7040366470391524,0,-46.99611716851982,0.6970931490809952
2017-07-31,396,34.72719192504883,37.182498931884766,37.58250045776367,37.032501220703125,37.474998474121094,79383600,13776.0,-0.5150530250574881,0,15.29130866693389,1.485179825642099
2017-08-01,397,35.035396575927734,37.51250076293945,37.55500030517578,37.102500915527344,37.275001525878906,141474400,13800.0,0.8875192376371022,1,78.21615547795766,1.219592691820586
2017-08-02,398,36.69085311889648,39.28499984741211,39.9375,39.040000915527344,39.81999969482422,279747200,13824.0,4.7250890994284145,1,97.73697573553943,2.298921781315058
2017-08-03,399,36.32426452636719,38.89250183105469,39.3025016784668,38.755001068115234,39.26250076293945,108389200,13848.0,-0.9991040292272713,0,-61.254589858272034,1.4127224751956098
2017-08-04,400,36.51572799682617,39.09749984741211,39.349998474121094,38.92250061035156,39.01750183105469,82239600,13872.0,0.5270887875712171,1,-24.125650895107633,1.0983309321494026
2017-08-07,401,37.08077621459961,39.70249938964844,39.72999954223633,39.16749954223633,39.26499938964844,87481200,13944.0,1.5474123527015493,1,6.3735718558942445,1.4361396733876957
2017-08-08,402,37.3773193359375,40.02000045776367,40.45750045776367,39.567501068115234,39.650001525878906,144823600,13968.0,0.7997004546217878,1,65.54825493934698,2.2493191776663086
2017-08-09,403,37.60613250732422,40.26499938964844,40.317501068115234,39.77750015258789,39.814998626708984,104526000,13992.0,0.6121912270923957,1,-27.82529919156822,1.357553675962243
2017-08-10,404,36.40831756591797,38.83000183105469,40.0,38.657501220703125,39.974998474121094,163217200,14016.0,-3.563883224502584,0,56.14985745173448,3.4728027857576484
2017-08-11,405,36.91461563110352,39.369998931884766,39.64250183105469,39.01750183105469,39.150001525878906,105028400,14040.0,1.3906697794647371,1,-35.651144609759264,1.6018452506422438
2017-08-14,406,37.470176696777344,39.962501525878906,40.0525016784668,39.6875,39.83000183105469,88490800,14112.0,1.5049596394941522,1,-15.745836364259569,0.919689268577756
2017-08-15,407,37.88039016723633,40.400001525878906,40.54999923706055,40.03499984741211,40.165000915527344,117862000,14136.0,1.0947763110291886,1,33.1912469996881,1.2863729027383208
2017-08-16,408,37.728023529052734,40.23749923706055,40.627498626708984,40.037498474121094,40.48500061035156,110686400,14160.0,-0.40223337297219386,0,-6.088136973748959,1.4736189199463776
2017-08-17,409,37.003700256347656,39.46500015258789,40.1775016784668,39.459999084472656,40.130001068115234,111762400,14184.0,-1.9198486464614861,0,0.9721158154931464,1.8183036255479155
2017-08-18,410,36.91932678222656,39.375,39.875,39.18000030517578,39.46500015258789,109712400,14208.0,-0.22805055679694375,0,-1.834248369755842,1.7738634237131627
2017-08-21,411,36.85134506225586,39.3025016784668,39.47249984741211,38.77750015258789,39.375,105474000,14280.0,-0.18412272135416297,0,-3.8631913986021615,1.7922756549272727
2017-08-22,412,37.45378112792969,39.94499969482422,40.0,39.505001068115234,39.557498931884766,86418400,14304.0,1.634750941845109,1,-18.066632535032333,1.2530032109891087
2017-08-23,413,37.500640869140625,39.994998931884766,40.11750030517578,39.720001220703125,39.76750183105469,77596400,14328.0,0.12517020263496104,1,-10.208474121251953,1.0007529513001856
2017-08-24,414,37.33422088623047,39.817501068115234,40.185001373291016,39.63750076293945,40.10749816894531,79275600,14352.0,-0.4438001462928609,0,2.1640179183570307,1.3812692521307208
2017-08-25,415,37.47251892089844,39.96500015258789,40.13999938964844,39.817501068115234,39.912498474121094,101920400,14376.0,0.37043782386125823,1,28.564652932301993,0.8099411386503382
2017-08-28,416,37.84992599487305,40.36750030517578,40.5,39.98249816894531,40.03499984741211,103864000,14448.0,1.0071316177933998,1,1.9069783870550028,1.2943209022807756
2017-08-29,417,38.18746566772461,40.727500915527344,40.779998779296875,40.0,40.025001525878906,118067600,14472.0,0.8918080327738442,1,13.675190633905876,1.9499969482421875
2017-08-30,418,38.29060363769531,40.837501525878906,40.97249984741211,40.65250015258789,40.95000076293945,109078400,14496.0,0.27008927107929903,1,-7.613604409677166,0.7871587076394069
2017-08-31,419,38.442962646484375,41.0,41.130001068115234,40.869998931884766,40.90999984741211,107140400,14520.0,0.3979148284037892,1,-1.7767037286942289,0.6361686885869425
2017-09-01,420,38.45470428466797,41.01250076293945,41.23500061035156,40.907501220703125,41.20000076293945,66364400,14544.0,0.03048966570597944,1,-38.05847280764305,0.8005851735639412
2017-09-05,421,37.9929084777832,40.52000045776367,41.0625,40.13999938964844,40.9375,117874000,14640.0,-1.2008541201194545,0,77.61631236024134,2.298207833529422
2017-09-06,422,37.95306015014648,40.477500915527344,40.747501373291016,40.130001068115234,40.6775016784668,86606800,14664.0,-0.10488534490671331,0,-26.525951439672866,1.5387497850489917
2017-09-07,423,37.80070114135742,40.314998626708984,40.560001373291016,40.09000015258789,40.522499084472656,87714000,14688.0,-0.4014632453655853,0,1.2784215558131695,1.1723652255281558
2017-09-08,424,37.18419647216797,39.657501220703125,40.287498474121094,39.63249969482422,40.21500015258789,114446000,14712.0,-1.6309002316826637,0,30.47632076977449,1.6526809672376384
2017-09-11,425,37.85695266723633,40.375,40.51250076293945,39.97249984741211,40.125,126323200,14784.0,1.8092384976648557,1,10.377994862205764,1.3509310590748664
2017-09-12,426,37.706932067871094,40.21500015258789,40.9900016784668,39.692501068115234,40.65250015258789,286856000,14808.0,-0.39628445179469285,0,127.08101124734017,3.268880960977885
2017-09-13,427,37.42329025268555,39.912498474121094,39.9900016784668,39.477500915527344,39.967498779296875,179629600,14832.0,-0.7522110588561781,0,-37.379870039322874,1.2982097423950048
2017-09-14,428,37.10216522216797,39.56999969482422,39.849998474121094,39.522499084472656,39.747501373291016,95042800,14856.0,-0.8581241275059437,0,-47.08956653023778,0.8286403877155211
2017-09-15,429,37.47721099853515,39.970001220703125,40.24250030517578,39.5,39.61750030517578,196458400,14880.0,1.0108706822437252,1,106.70518966192076,1.8797476080399524
2017-09-18,430,37.193572998046875,39.66749954223633,40.125,39.5,40.02750015258789,113077600,14952.0,-0.7568217894126872,0,-42.441962267838896,1.5822784810126582
2017-09-19,431,37.2076530456543,39.682498931884766,39.942501068115234,39.61000061035156,39.877498626708984,83242400,14976.0,0.037812793398961375,1,-26.384712798998212,0.8394356289829926
2017-09-20,432,36.5841178894043,39.01750183105469,39.564998626708984,38.45750045776367,39.474998474121094,211805600,15000.0,-1.6757944149927373,0,154.4443696962125,2.8797975837291694
2017-09-21,433,35.95589828491211,38.34749984741211,38.95000076293945,38.1875,38.95000076293945,150046800,15024.0,-1.717183192669991,0,-29.158246996302275,1.9967286754551963
2017-09-22,434,35.60428237915039,37.97249984741211,38.067501068115234,37.63999938964844,37.8849983215332,186581600,15048.0,-0.9778994758254278,0,24.348936465156214,1.1357643076486506
2017-09-25,435,35.29017639160156,37.63750076293945,37.95750045776367,37.290000915527344,37.497501373291016,177549200,15120.0,-0.8822149866846041,0,-4.840991823416674,1.790022863631481
2017-09-26,436,35.89729690551758,38.28499984741211,38.47999954223633,37.92250061035156,37.94499969482422,146640000,15144.0,1.7203562174623155,1,-17.408808375368633,1.4701006603256201
2017-09-27,437,36.152809143066406,38.557498931884766,38.68000030517578,38.3849983215332,38.45000076293945,102016800,15168.0,0.7117646220679674,1,-30.430441898527004,0.7685345748135359
2017-09-28,438,35.930110931396484,38.31999969482422,38.56999969482422,38.17499923706055,38.47249984741211,88022000,15192.0,-0.6159612102437206,0,-13.718132699712204,1.034709798710887
2017-09-29,439,36.12701797485352,38.529998779296875,38.532501220703125,38.0,38.3025016784668,105199200,15216.0,0.5480143166624929,1,19.5146667878485,1.401319001850329
2017-10-02,440,36.05434799194336,38.45249938964844,38.61249923706055,38.18000030517578,38.564998626708984,74795200,15288.0,-0.2011403895763375,0,-28.90136046661952,1.1327892310837278
2017-10-03,441,36.21141052246094,38.619998931884766,38.772499084472656,38.477500915527344,38.502498626708984,64921200,15312.0,0.43560118300507433,1,-13.201381906860332,0.7666770500322901
2017-10-04,442,35.97699737548828,38.369998931884766,38.46500015258789,38.1150016784668,38.407501220703125,80655200,15336.0,-0.6473330059923899,0,24.23553477138438,0.9182696017532294
2017-10-05,443,36.42472076416016,38.84749984741211,38.86000061035156,38.51250076293945,38.54499816894531,85135200,15360.0,1.2444642398218742,1,5.554508574772621,0.9023040325298952
2017-10-06,444,36.40361785888672,38.82500076293945,38.872501373291016,38.63999938964844,38.74250030517578,69630400,15384.0,-0.05791642849869438,0,-18.21197342579802,0.6017132176892964
2017-10-09,445,36.53020095825195,38.959999084472656,39.182498931884766,38.872501373291016,38.95249938964844,65051600,15456.0,0.3477097717460076,1,-6.575863415979233,0.7974726288304843
2017-10-10,446,36.54426193237305,38.974998474121094,39.5,38.775001525878906,39.01499938964844,62468000,15480.0,0.03849946098797297,1,-3.971616378382703,1.8697574354374196
2017-10-11,447,36.6966438293457,39.13750076293945,39.244998931884766,38.9375,38.99250030517578,67622400,15504.0,0.41693982086044024,1,8.251264647499523,0.7897243836526886
2017-10-12,448,36.567718505859375,39.0,39.342498779296875,38.932498931884766,39.087501525878906,64500400,15528.0,-0.3513273976596287,0,-4.616813363619155,1.0531043695125604
2017-10-13,449,36.79977035522461,39.247501373291016,39.31999969482422,39.102500915527344,39.182498931884766,65576800,15552.0,0.6346189058743956,1,1.6688268599884593,0.5562272852233543
2017-10-16,450,37.47721099853515,39.970001220703125,40.0,39.412498474121094,39.474998474121094,96486000,15624.0,1.840881131617178,1,47.13435239291945,1.4906477605439543
2017-10-17,451,37.61552047729492,40.11750030517578,40.217498779296875,39.807498931884766,39.94499969482422,75989200,15648.0,0.36902446827111746,1,-21.243289181850212,1.0299563107786966
2017-10-18,452,37.44908905029297,39.939998626708984,40.1775016784668,39.900001525878906,40.10499954223633,65496800,15672.0,-0.4424544827482557,0,-13.807751627862908,0.6954890776330063
2017-10-19,453,36.563011169433594,38.994998931884766,39.27000045776367,38.755001068115234,39.1875,170336800,15696.0,-2.3660483908786945,0,160.0688888617459,1.3288591806339571
2017-10-20,454,36.62629699707031,39.0625,39.4375,38.9900016784668,39.15250015258789,95896400,15720.0,0.17310185912080556,1,-43.70188943317005,1.1477258329546194
2017-10-23,455,36.607566833496094,39.04249954223633,39.42250061035156,38.875,39.22249984741211,87937200,15792.0,-0.05120117187500384,0,-8.29979019024697,1.408361698653537
2017-10-24,456,36.8255615234375,39.275001525878906,39.35499954223633,39.04999923706055,39.0724983215332,71028800,15816.0,0.5955099862165802,1,-19.227812575337854,0.7810507327393738
2017-10-25,457,36.663818359375,39.102500915527344,39.38750076293945,38.817501068115234,39.227500915527344,84828400,15840.0,-0.439212230807684,0,19.42817561327237,1.468409040097683
2017-10-26,458,36.898216247558594,39.352500915527344,39.45750045776367,39.19499969482422,39.307498931884766,68002000,15864.0,0.6393452954328138,1,-19.835809705240226,0.6697302334055558
2017-10-27,459,38.22028732299805,40.76250076293945,40.900001525878906,39.67499923706055,39.8224983215332,177816800,15888.0,3.5829993383108327,1,161.48760330578514,3.087592469753801
2017-10-30,460,39.08055877685547,41.68000030517578,42.01750183105469,40.93000030517578,40.97249984741211,178803200,15960.0,2.250842134471065,1,0.5547282371519469,2.6569790319336666
2017-10-31,461,39.6243782043457,42.2599983215332,42.412498474121094,41.73500061035156,41.974998474121094,144187200,15984.0,1.3915499330872105,1,-19.359832486219485,1.6233325838301078
2017-11-01,462,39.12040710449219,41.72249984741211,42.48500061035156,41.40250015258789,42.467498779296875,134551200,16008.0,-1.2718847502821928,0,-6.682978794234162,2.6145775104743514
2017-11-02,463,39.40639877319336,42.02750015258789,42.125,41.31999969482422,41.650001525878906,165573600,16032.0,0.7310211667355349,1,23.05620462693756,1.948209852665164
2017-11-03,464,40.43544006347656,43.125,43.564998626708984,42.779998779296875,43.5,237594400,16056.0,2.6113850298672414,1,43.49775568085734,1.8349693076475853
2017-11-06,465,40.84566879272461,43.5625,43.747501373291016,42.93000030517578,43.092498779296875,140105200,16128.0,1.0144927536231974,1,-41.0317751596839,1.9042652278217518
2017-11-07,466,40.97693634033203,43.70249938964844,43.8125,43.400001525878906,43.477500915527344,97446000,16152.0,0.3213759303263952,1,-30.447977662499326,0.9504572802264207
2017-11-08,467,41.31212615966797,44.060001373291016,44.060001373291016,43.58250045776367,43.665000915527344,97638000,16176.0,0.8180355554841645,1,0.19703220245059772,1.0956253324429965
2017-11-09,468,41.227745056152344,43.970001220703125,44.025001525878906,43.28499984741211,43.77750015258789,117930400,16200.0,-0.20426724871245305,0,20.783301583399915,1.7096030520398386
2017-11-10,469,41.0912971496582,43.66749954223633,43.845001220703125,43.567501068115234,43.77750015258789,100582000,16224.0,-0.6879728680206698,0,-14.71071072429162,0.6369430097770248
2017-11-13,470,40.9266242980957,43.49250030517578,43.625,43.349998474121094,43.375,67928400,16296.0,-0.4007539678137162,0,-32.46465570380386,0.6343749378516715
2017-11-14,471,40.307918548583984,42.834999084472656,43.369998931884766,42.79499816894531,43.2599983215332,99130000,16320.0,-1.5117576963605384,0,45.93307070385877,1.3436167485496218
2017-11-15,472,39.776248931884766,42.27000045776367,42.58000183105469,42.095001220703125,42.49250030517578,116632400,16344.0,-1.3190116465154555,0,17.656007263189743,1.1521572545127519
2017-11-16,473,40.25144958496094,42.775001525878906,42.967498779296875,42.57500076293945,42.79499816894531,94550000,16368.0,1.1947032473298203,1,-18.933332418779003,0.9218978492634162
2017-11-17,474,40.0279655456543,42.537498474121094,42.84749984741211,42.40999984741211,42.7599983215332,87598000,16392.0,-0.5552379737827073,0,-7.352723426758335,1.0315963253338625
2017-11-20,475,39.98797225952149,42.494998931884766,42.63999938964844,42.38999938964844,42.5724983215332,65049600,16464.0,-0.09991076993439707,0,-25.74077033722231,0.5897617447502241
2017-11-21,476,40.73136138916016,43.28499984741211,43.42499923706055,42.69499969482422,42.69499969482422,100525200,16488.0,1.8590444414262386,1,54.53623081463989,1.7098010246029436
2017-11-22,477,41.15953063964844,43.7400016784668,43.75,43.26250076293945,43.34000015258789,102355600,16512.0,1.0511766955265234,1,1.8208369642636946,1.126840169808584
2017-11-24,478,41.1618766784668,43.74250030517578,43.875,43.662498474121094,43.775001525878906,56106800,16560.0,0.005712452247608191,1,-45.18443543880354,0.48669117275745594
2017-11-27,479,40.95485305786133,43.522499084472656,43.77000045776367,43.334999084472656,43.76250076293945,82867200,16632.0,-0.5029461488672449,0,47.69546650316896,1.0038107360820985
2017-11-28,480,40.71489715576172,43.26750183105469,43.717498779296875,42.96500015258789,43.57500076293945,105715200,16656.0,-0.5858975444471781,0,27.571825764596845,1.7514223764378585
2017-11-29,481,39.87035369873047,42.369998931884766,43.22999954223633,41.790000915527344,43.157501220703125,166665600,16680.0,-2.07431180721821,0,57.65528514347984,3.445797069063819
2017-11-30,482,40.42789077758789,42.962501525878906,43.03499984741211,42.11000061035156,42.60749816894531,166108800,16704.0,1.3984012483612807,1,-0.3340821381256798,2.1966260357478165
2017-12-01,483,40.23969268798828,42.76250076293945,42.91749954223633,42.125,42.48749923706055,159037200,16728.0,-0.46552401707563584,0,-4.257209732416345,1.8813045513028561
2017-12-04,484,39.94563293457031,42.45000076293945,43.154998779296875,42.407501220703125,43.119998931884766,130169600,16800.0,-0.7307804605076629,0,-18.151476509898313,1.762654099102697
2017-12-05,485,39.907989501953125,42.40999984741211,42.880001068115234,42.099998474121094,42.26499938964844,109400800,16824.0,-0.09423065914822004,0,-15.955184620679486,1.8527378201061193
2017-12-06,486,39.75978469848633,42.252498626708984,42.54999923706055,41.6150016784668,41.875,114240000,16848.0,-0.3713775554581522,0,4.423368019246654,2.2467800573886647
2017-12-07,487,39.83272171020508,42.33000183105469,42.61000061035156,42.227500915527344,42.25749969482422,102693200,16872.0,0.18342868910647958,1,-10.107492997198875,0.9058070843201876
2017-12-08,488,39.84446334838867,42.342498779296875,42.75,42.20500183105469,42.622501373291016,93420800,16896.0,0.02952267352140936,1,-9.029224914599999,1.291311800262261
2017-12-11,489,40.62079620361328,43.16749954223633,43.22249984741211,42.1974983215332,42.29999923706055,141095200,16968.0,1.9483988586493917,1,51.03189011440708,2.4290575665615997
2017-12-12,490,40.39261245727539,42.92499923706055,43.09749984741211,42.8650016784668,43.037498474121094,77636800,16992.0,-0.5617659298021493,0,-44.9755909485227,0.5423962669809198
2017-12-13,491,40.52669906616211,43.067501068115234,43.3849983215332,43.0,43.125,95273600,17016.0,0.33197864551539613,1,22.717062011829437,0.8953449337981468
2017-12-14,492,40.51494216918945,43.05500030517578,43.282501220703125,42.912498474121094,43.099998474121094,81906000,17040.0,-0.02902597696504694,0,-14.030749336647297,0.8622260640572255
2017-12-15,493,40.9266242980957,43.49250030517578,43.54249954223633,43.1150016784668,43.407501220703125,160677200,17064.0,1.016142136567133,1,96.17268576172687,0.9915292754889055
2017-12-18,494,41.50299453735352,44.10499954223633,44.29999923706055,43.71500015258789,43.720001220703125,117684400,17136.0,1.408287021354937,1,-26.757249939630512,1.3382113289047417
2017-12-19,495,41.06072235107422,43.6349983215332,43.84749984741211,43.522499084472656,43.75749969482422,109745600,17160.0,-1.0656415952414622,0,-6.745838870742427,0.7467419605401343
2017-12-20,496,41.01601791381836,43.587501525878906,43.85499954223633,43.3125,43.717498779296875,93902400,17184.0,-0.10885022913099673,0,-14.436296307095686,1.25252419563943
2017-12-21,497,41.17127990722656,43.752498626708984,44.005001068115234,43.525001525878906,43.54249954223633,83799600,17208.0,0.3785422312680975,1,-10.75883044522824,1.1028133840522258
2017-12-22,498,41.17127990722656,43.752498626708984,43.85499954223633,43.625,43.66999816894531,65397600,17232.0,0.0,0,-21.95953202640586,0.5272195810574857
2017-12-26,499,40.12677383422851,42.64250183105469,42.86750030517578,42.41999816894531,42.70000076293945,132742000,17328.0,-2.5369906416651933,0,102.97686765263556,1.0549320027035611
2017-12-27,500,40.133827209472656,42.650001525878906,42.69499969482422,42.4275016784668,42.525001525878906,85992800,17352.0,0.01758737058612514,1,-35.21809223908032,0.6304826015555495
2017-12-28,501,40.24674987792969,42.77000045776367,42.962501525878906,42.619998931884766,42.75,65920800,17376.0,0.2813573917739509,1,-23.341489054897625,0.8036194335469784
2017-12-29,502,39.81153106689453,42.307498931884766,42.647499084472656,42.30500030517578,42.630001068115234,103999600,17400.0,-1.0813689991320818,0,57.76446887780489,0.8095940830308237
2018-01-02,503,40.52433395385742,43.064998626708984,43.07500076293945,42.314998626708984,42.540000915527344,102223600,17496.0,1.7904620077962896,1,-1.707698875764907,1.7960585156459388
2018-01-03,504,40.51728820800781,43.057498931884766,43.63750076293945,42.9900016784668,43.13249969482422,118071600,17520.0,-0.017414826572337283,0,15.503269303761558,1.5061620358042023
2018-01-04,505,40.70549011230469,43.25749969482422,43.36750030517578,43.02000045776367,43.1349983215332,89738400,17544.0,0.4644969352628925,1,-23.996625776223922,0.8077634674906129
2018-01-05,506,41.16893005371094,43.75,43.842498779296875,43.26250076293945,43.36000061035156,94640000,17568.0,1.138531604115589,1,5.462098722508979,1.3406483816910406
2018-01-08,507,41.01601791381836,43.587501525878906,43.90250015258789,43.48249816894531,43.587501525878906,82271200,17640.0,-0.37142508370535676,0,-13.069315300084527,0.9659104267899183
2018-01-09,508,41.01130676269531,43.58250045776367,43.76499938964844,43.352500915527344,43.63750076293945,86336000,17664.0,-0.01147362877008673,0,4.940732601444986,0.9514986803756719
2018-01-10,509,41.00191116333008,43.5724983215332,43.57500076293945,43.25,43.290000915527344,95839600,17688.0,-0.022949890725432187,0,11.007690882134913,0.7514468507270593
2018-01-11,510,41.23479843139648,43.81999969482422,43.872501373291016,43.622501373291016,43.647499084472656,74670800,17712.0,0.568021992828216,1,-22.087738262680567,0.5730987268718819
2018-01-12,511,41.660614013671875,44.272499084472656,44.34000015258789,43.912498474121094,44.04499816894531,101672400,17736.0,1.032632115015475,1,36.16085538121996,0.9735307562122342
2018-01-16,512,41.44887924194336,44.04750061035156,44.84749984741211,44.03499984741211,44.474998474121094,118263600,17832.0,-0.5082127252220237,0,16.31829287004143,1.8451232038501977
2018-01-17,513,42.13346099853515,44.775001525878906,44.8125,43.76750183105469,44.037498474121094,137547200,17856.0,1.651628141089967,1,16.305608826384454,2.387612098536195
2018-01-18,514,42.17109680175781,44.814998626708984,45.025001525878906,44.5625,44.842498779296875,124773600,17880.0,0.08932908870358247,1,-9.286703037211952,1.037871586825035
2018-01-19,515,41.982906341552734,44.6150016784668,44.89500045776367,44.352500915527344,44.65250015258789,129700400,17904.0,-0.44627235160282774,0,3.9485916892676,1.2231543453875555
2018-01-22,516,41.639434814453125,44.25,44.44499969482422,44.150001525878906,44.32500076293945,108434400,17976.0,-0.8181142322873924,0,-16.39624858520097,0.668172499999568
2018-01-23,517,41.64884567260742,44.2599983215332,44.86000061035156,44.20500183105469,44.32500076293945,130756400,18000.0,0.02259507691120266,1,20.585718185372915,1.4817300128166229
2018-01-24,518,40.98543548583984,43.55500030517578,44.32500076293945,43.29999923706055,44.3125,204420400,18024.0,-1.5928559491481753,0,56.336821754040336,2.3672091084048
2018-01-25,519,40.25381088256836,42.77750015258789,43.73749923706055,42.63249969482422,43.627498626708984,166116000,18048.0,-1.7850996375621597,0,-18.7380515838928,2.5919182551955315
2018-01-26,520,40.3479118347168,42.877498626708984,43.0,42.51499938964844,43.0,156572000,18072.0,0.2337641838920046,1,-5.745382744588124,1.1407752965172346
2018-01-29,521,39.51276016235352,41.9900016784668,42.540000915527344,41.76750183105469,42.540000915527344,202561600,18144.0,-2.0698431034159137,0,29.372812507983536,1.8495218785105623
2018-01-30,522,39.27986526489258,41.74250030517578,41.842498779296875,41.17499923706055,41.38249969482422,184192800,18168.0,-0.5894293007802864,0,-9.068253805262206,1.6211282443340742
2018-01-31,523,39.38808059692383,41.85749816894531,42.11000061035156,41.625,41.717498779296875,129915600,18192.0,0.27549347290840576,1,-29.467601339466043,1.1651666314752251
2018-02-01,524,39.47041702270508,41.94499969482422,42.154998779296875,41.689998626708984,41.79249954223633,188923200,18216.0,0.20904623951898404,1,45.419949567257525,1.1153757925287748
2018-02-02,525,37.75778579711914,40.125,41.70000076293945,40.025001525878906,41.5,346375200,18240.0,-4.339014681287024,0,83.34180238319063,4.184882381522322
2018-02-05,526,36.81443405151367,39.122501373291016,40.970001220703125,39.0,39.775001525878906,290954000,18312.0,-2.4984389450691147,0,-16.000337206589844,5.051285181290064
2018-02-06,527,38.35297775268555,40.75749969482422,40.93000030517578,38.5,38.70750045776367,272975200,18336.0,4.179176341340529,1,-6.179258576957181,6.311689104352679
2018-02-07,528,37.531944274902344,39.8849983215332,40.849998474121094,39.76750183105469,40.772499084472656,206434400,18360.0,-2.1407136841659957,0,-24.376133802631152,2.722063477020017
2018-02-08,529,36.49920272827149,38.787498474121094,40.25,38.75749969482422,40.0724983215332,217562000,18384.0,-2.7516607586757447,0,5.390380672988604,3.8508683917375963
2018-02-09,530,36.94563674926758,39.102500915527344,39.47249984741211,37.560001373291016,39.26750183105469,282690400,18408.0,0.8121236320935088,1,29.935558599387768,5.091848786462172
2018-02-12,531,38.43376541137695,40.6775016784668,40.97249984741211,39.377498626708984,39.625,243278000,18480.0,4.027877312353767,1,-13.941895444627761,4.050539715138907
2018-02-13,532,38.81878662109375,41.084999084472656,41.1875,40.412498474121094,40.48749923706055,130196800,18504.0,1.00177589377759,1,-46.48229597415303,1.9177273248155966
2018-02-14,533,39.53449630737305,41.842498779296875,41.8849983215332,40.720001220703125,40.7599983215332,162579600,18528.0,1.8437378890206801,1,24.87219347940963,2.8609947591007505
2018-02-15,534,40.862003326416016,43.247501373291016,43.272499084472656,42.25,42.4474983215332,204588800,18552.0,3.3578362549641083,1,25.83915817236604,2.420116176266642
2018-02-16,535,40.7297248840332,43.10749816894531,43.70500183105469,42.942501068115234,43.09000015258789,160704400,18576.0,-0.3237255330366118,0,-21.450050051615733,1.7756319356666657
2018-02-20,536,40.59272766113281,42.962501525878906,43.564998626708984,42.85499954223633,43.01250076293945,135722000,18672.0,-0.3363606083056414,0,-15.545560669154046,1.656747385501444
2018-02-21,537,40.40848159790039,42.76750183105469,43.529998779296875,42.752498626708984,43.20750045776367,149886400,18696.0,-0.45388347488741765,0,10.436333092645267,1.818607514327032
2018-02-22,538,40.74626159667969,43.125,43.48749923706055,42.9275016784668,42.95000076293945,123967600,18720.0,0.8359108052594433,1,-17.292296032195054,1.3045193330564933
2018-02-23,539,41.45488739013672,43.875,43.912498474121094,43.3849983215332,43.41749954223633,135249600,18744.0,1.7391304347825987,1,9.100765038606863,1.2158584141884763
2018-02-26,540,42.274539947509766,44.74250030517578,44.84749984741211,44.0525016784668,44.087501525878906,152648800,18816.0,1.9772086727653182,1,12.864511244395537,1.8046606631966007
2018-02-27,541,42.13753128051758,44.59749984741211,45.119998931884766,44.540000915527344,44.775001525878906,155712400,18840.0,-0.3240776817894919,0,2.0069597664704952,1.3021957890333709
2018-02-28,542,42.073760986328125,44.529998779296875,45.154998779296875,44.51250076293945,44.814998626708984,151128400,18864.0,-0.15135617096515563,0,-2.9438888617733694,1.4434102900198265
2018-03-01,543,41.33678436279297,43.75,44.94499969482422,43.165000915527344,44.6349983215332,195208000,18888.0,-1.751625422589309,0,29.166986483017098,4.123708424749674
2018-03-02,544,41.62261199951172,44.0525016784668,44.07500076293945,43.11249923706055,43.20000076293945,153816000,18912.0,0.6914324079241085,1,-21.20404901438465,2.2325347472584394
2018-03-05,545,41.76668548583984,44.20500183105469,44.435001373291016,43.630001068115234,43.8025016784668,113605600,18984.0,0.3461781891547666,1,-26.141883809226606,1.8450613923181285
2018-03-06,546,41.73126220703125,44.16749954223633,44.5625,44.032501220703125,44.477500915527344,95154000,19008.0,-0.08483720679774986,0,-16.241804981444574,1.203653584520157
2018-03-07,547,41.343868255615234,43.75749969482422,43.962501525878906,43.567501068115234,43.73500061035156,126814000,19032.0,-0.9282840361384603,0,33.272379511108305,0.9066401516720269
2018-03-08,548,41.79502868652344,44.23500061035156,44.279998779296875,43.76750183105469,43.869998931884766,95096400,19056.0,1.0912436013427618,1,-25.011118646206253,1.1709531657083332
2018-03-09,549,42.51311874389648,44.994998931884766,45.0,44.34749984741211,44.4900016784668,128740800,19080.0,1.7180927117594669,1,35.379257258949856,1.47133469718241
2018-03-12,550,42.92411804199219,45.43000030517578,45.59749984741211,45.0525016784668,45.0724983215332,128828400,19152.0,0.9667771610563536,1,0.06804369710302627,1.209695685347033
2018-03-13,551,42.51074981689453,44.99250030517578,45.875,44.810001373291016,45.647499084472656,126774000,19176.0,-0.9630200243475606,0,-1.5946794340378379,2.3766984915643774
2018-03-14,552,42.14936447143555,44.61000061035156,45.130001068115234,44.45249938964844,45.08000183105469,117473600,19200.0,-0.8501410062339176,0,-7.336204584536265,1.5241025538927633
2018-03-15,553,42.19894790649414,44.662498474121094,45.060001373291016,44.51750183105469,44.625,90975200,19224.0,0.11768182705953478,1,-22.556897890249385,1.2186208118666022
2018-03-16,554,42.05013656616211,44.505001068115234,44.779998779296875,44.404998779296875,44.662498474121094,157618800,19248.0,-0.35263904032847293,0,73.25468919002103,0.8444995165157797
2018-03-19,555,41.407657623291016,43.82500076293945,44.36750030517578,43.415000915527344,44.33000183105469,133787200,19320.0,-1.52791886047825,0,-15.11976997667791,2.1939407337609356
2018-03-20,556,41.39347839355469,43.810001373291016,44.20000076293945,43.73500061035156,43.810001373291016,78597600,19344.0,-0.03422564606346823,0,-41.25177894447302,1.063222010057159
2018-03-21,557,40.45572662353515,42.817501068115234,43.772499084472656,42.814998626708984,43.7599983215332,148219600,19368.0,-2.265465131395461,0,88.5803128848718,2.2363669005617135
2018-03-22,558,39.88408660888672,42.212501525878906,43.16999816894531,42.150001525878906,42.5,165963200,19392.0,-1.4129725629570933,0,11.971156311311049,2.419920773763572
2018-03-23,559,38.96051788330078,41.23500061035156,42.47999954223633,41.23500061035156,42.09749984741211,164115200,19416.0,-2.3156668763827604,0,-1.1134998602099766,3.019277103083693
2018-03-26,560,40.81003189086914,43.192501068115234,43.275001525878906,41.61000061035156,42.01750183105469,150164800,19488.0,4.747181832882674,1,-8.500370471473694,4.001444102630298
2018-03-27,561,39.76361846923828,42.084999084472656,43.787498474121094,41.72999954223633,43.41999816894531,163690400,19512.0,-2.56410709325684,0,9.00717078836053,4.930503125940134
2018-03-28,562,39.324275970458984,41.619998931884766,42.505001068115234,41.29750061035156,41.8125,166674000,19536.0,-1.1049071229740193,0,1.8227092120246535,2.923906870676338
2018-03-29,563,39.631343841552734,41.94499969482422,42.9375,41.724998474121094,41.95249938964844,153594000,19560.0,0.7808764326768802,1,-7.847654703193063,2.9059354588854704
2018-04-02,564,39.37152862548828,41.66999816894531,42.23500061035156,41.11750030517578,41.65999984741211,150347200,19656.0,-0.6556240979370909,0,-2.113884656952747,2.717821601220035
2018-04-03,565,39.77544403076172,42.09749984741211,42.1875,41.220001220703125,41.90999984741211,121112000,19680.0,1.0259219996447966,1,-19.44512435216619,2.347158541108776
2018-04-04,566,40.53602981567383,42.90250015258789,43.002498626708984,41.192501068115234,41.220001220703125,138422000,19704.0,1.912228298814922,1,14.292555650967698,4.3939977220629745
2018-04-05,567,40.81711959838867,43.20000076293945,43.557498931884766,43.02000045776367,43.14500045776367,107732800,19728.0,0.6934342038190433,1,-22.170753203970474,1.2494153147413396
2018-04-06,568,39.7730712890625,42.095001220703125,43.119998931884766,42.04999923706055,42.74250030517578,140021200,19752.0,-2.5578692655586432,0,29.970816687211332,2.5445890945015286
2018-04-09,569,40.16754531860352,42.51250076293945,43.272499084472656,42.462501525878906,42.470001220703125,116070800,19824.0,0.991803136071634,1,-17.104838410183596,1.9075596808635835
2018-04-10,570,40.92341232299805,43.3125,43.5,42.88249969482422,43.25,113634400,19848.0,1.8817976423488814,1,-2.0990636749294356,1.4399820662747222
2018-04-11,571,40.732086181640625,43.11000061035156,43.47999954223633,42.92499923706055,43.057498931884766,89726400,19872.0,-0.467531058351367,0,-21.039403560893533,1.292953558626055
2018-04-12,572,41.13365173339844,43.53499984741211,43.75,43.2599983215332,43.352500915527344,91557200,19896.0,0.9858483670688978,1,2.040425114570521,1.1326900080411988
2018-04-13,573,41.27301025390625,43.682498931884766,43.959999084472656,43.462501525878906,43.69499969482422,100497200,19920.0,0.33880575396723067,1,9.764387727016555,1.1446592835838607
2018-04-16,574,41.530487060546875,43.95500183105469,44.04750061035156,43.70750045776367,43.75749969482422,86313600,19992.0,0.6238262595618549,1,-14.113428035805974,0.777898870964828
2018-04-17,575,42.102108001708984,44.560001373291016,44.73500061035156,44.102500915527344,44.122501373291016,106421600,20016.0,1.376406590907897,1,23.296444592740894,1.43415833953655
2018-04-18,576,42.00762176513672,44.459999084472656,44.70500183105469,44.220001220703125,44.45249938964844,83018000,20040.0,-0.2244216466256721,0,-21.991400242056123,1.0967901333401426
2018-04-19,577,40.81711959838867,43.20000076293945,43.84749984741211,43.165000915527344,43.439998626708984,139235200,20064.0,-2.8340043802952963,0,67.7168806764798,1.5811396210100779
2018-04-20,578,39.14476013183594,41.43000030517578,42.80500030517578,41.35749816894531,42.650001525878906,261964400,20088.0,-4.097223209500789,0,88.1452391349314,3.499975095972742
2018-04-23,579,39.031368255615234,41.310001373291016,41.72999954223633,41.022499084472656,41.70750045776367,146062000,20160.0,-0.2896426043949907,0,-44.243568973494106,1.7246644489083953
2018-04-24,580,38.48809814453125,40.73500061035156,41.58250045776367,40.30500030517578,41.41749954223633,134768000,20184.0,-1.3919165911991938,0,-7.732332844956247,3.1695822923088777
2018-04-25,581,38.655799865722656,40.912498474121094,41.35499954223633,40.602500915527344,40.654998779296875,113528400,20208.0,0.43573796761997574,1,-15.760121096996315,1.8533307302290125
2018-04-26,582,38.79044342041016,41.05500030517578,41.432498931884766,40.842498779296875,41.029998779296875,111852000,20232.0,0.34830879650340485,1,-1.4766349213060304,1.4445740839122276
2018-04-27,583,38.34164047241211,40.58000183105469,41.08250045776367,40.157501220703125,41.0,142623200,20256.0,-1.1569808076732913,0,27.510639058756215,2.3034282735292932
2018-04-30,584,39.03609848022461,41.314998626708984,41.814998626708984,40.459999084472656,40.532501220703125,169709600,20328.0,1.811229084499022,1,18.991580612410885,3.348985597867541
2018-05-01,585,39.943145751953125,42.275001525878906,42.29999923706055,41.317501068115234,41.602500915527344,214277600,20352.0,2.323618373665659,1,26.261331120926567,2.3779225353575595
2018-05-02,586,41.70762634277344,44.14250183105469,44.4375,43.45000076293945,43.807498931884766,266157600,20376.0,4.417504997681854,1,24.21158347862773,2.2727254769183602
2018-05-03,587,41.78322219848633,44.22249984741211,44.375,43.61000061035156,43.970001220703125,136272800,20400.0,0.1812267384925237,1,-48.79995912196383,1.754183395876523
2018-05-04,588,43.42253494262695,45.95750045776367,46.0625,44.54249954223633,44.5625,224805200,20424.0,3.9233435837822572,1,64.96703670871958,3.412472298107943
2018-05-07,589,43.736671447753906,46.290000915527344,46.91749954223633,46.1875,46.29499816894531,169805600,20496.0,0.723495521844697,1,-24.46544830813522,1.580513217291103
2018-05-08,590,43.9468994140625,46.51250076293945,46.55500030517578,45.91749954223633,46.247501373291016,113611200,20520.0,0.4806650313490701,1,-33.093372656732164,1.3883612332876714
2018-05-09,591,44.256343841552734,46.84000015258789,46.849998474121094,46.30500030517578,46.63750076293945,92844800,20544.0,0.7041104741230875,1,-18.278479586519637,1.1769747659075058
2018-05-10,592,44.88938903808594,47.5099983215332,47.592498779296875,46.912498474121094,46.935001373291016,111957200,20568.0,1.4303974525249785,1,20.585320879575384,1.449507758685882
2018-05-11,593,44.718650817871094,47.147499084472656,47.51499938964844,46.86249923706055,47.372501373291016,104848800,20592.0,-0.7629956848393515,0,-6.3492120203077596,1.3923716472890761
2018-05-14,594,44.61432647705078,47.037498474121094,47.38249969482422,46.96500015258789,47.252498626708984,83115200,20664.0,-0.23331165488645889,0,-20.72851572931689,0.8889588861490142
2018-05-15,595,44.20884704589844,46.61000061035156,46.76750183105469,46.275001525878906,46.69499969482422,94780800,20688.0,-0.9088448102841373,0,14.035459218049162,1.0642901975926562
2018-05-16,596,44.62143325805664,47.04499816894531,47.1150016784668,46.5,46.51750183105469,76732400,20712.0,0.9332708708378323,1,-19.042253283365408,1.322584254767305
2018-05-17,597,44.33926010131836,46.747501373291016,47.227500915527344,46.59000015258789,47.0,69176000,20736.0,-0.6323664730221501,0,-9.84773055449849,1.3683210149207146
2018-05-18,598,44.17802047729492,46.57749938964844,46.95249938964844,46.532501220703125,46.79750061035156,73190800,20760.0,-0.36366004310063316,0,5.803746964265066,0.9025910018317432
2018-05-21,599,44.491024017333984,46.907501220703125,47.317501068115234,46.727500915527344,47.0,73603200,20832.0,0.708500532186207,1,0.5634587953677217,1.2626400749624427
2018-05-22,600,44.379581451416016,46.790000915527344,47.220001220703125,46.69499969482422,47.095001220703125,60962800,20856.0,-0.250493635597715,0,-17.173709838702667,1.1243206538388706
2018-05-23,601,44.664119720458984,47.09000015258789,47.125,46.439998626708984,46.587501525878906,80233600,20880.0,0.6411609984837474,1,31.610752786945472,1.4750245339091193
2018-05-24,602,44.61432647705078,47.037498474121094,47.209999084472656,46.5525016784668,47.192501068115234,92936000,20904.0,-0.11149220279608185,0,15.831771228014201,1.4123782445616444
2018-05-25,603,44.716278076171875,47.14500045776367,47.412498474121094,46.912498474121094,47.057498931884766,69844000,20928.0,0.22854528223206216,1,-24.847206679865717,1.0658140501210378
2018-05-29,604,44.5550537109375,46.974998474121094,47.1875,46.717498779296875,46.900001525878906,90056400,21024.0,-0.36059387420067646,0,28.939350552660215,1.006049623768404
2018-05-30,605,44.460201263427734,46.875,47.0,46.69499969482422,46.93000030517578,74762000,21048.0,-0.21287594969520152,0,-16.983135013169527,0.6531755159419954
2018-05-31,606,44.31080627441406,46.717498779296875,47.057498931884766,46.53499984741211,46.80500030517578,109931200,21072.0,-0.33600260416666305,0,47.04154517000616,1.1228088238657497
2018-06-01,607,45.10990905761719,47.560001373291016,47.564998626708984,46.9375,46.997501373291016,93770000,21096.0,1.8033983325483671,1,-14.701194929192074,1.3368812286742677
2018-06-04,608,45.48693084716797,47.95750045776367,48.35499954223633,47.837501525878906,47.90999984741211,105064800,21168.0,0.8357844259775149,1,12.04521702036898,1.0817831196252343
2018-06-05,609,45.83786392211914,48.32749938964844,48.48500061035156,48.09000015258789,48.26750183105469,86264000,21192.0,0.7715142122776575,1,-17.8944803587881,0.8213775348520466
2018-06-06,610,45.99673843383789,48.494998931884766,48.52000045776367,47.97999954223633,48.407501220703125,83734400,21216.0,0.3465926115602036,1,-2.9323935824909553,1.1254708642754074
2018-06-07,611,45.873443603515625,48.3650016784668,48.54999923706055,48.084999084472656,48.53499984741211,85388800,21240.0,-0.2680632153442497,0,1.9757710092864977,0.9670378734353474
2018-06-08,612,45.45608901977539,47.92499923706055,48.0,47.442501068115234,47.79249954223633,106627200,21264.0,-0.9097538015844786,0,24.872582821166244,1.1751044302751672
2018-06-11,613,45.34465408325195,47.807498931884766,47.99250030517578,47.5525016784668,47.837501525878906,73234000,21336.0,-0.24517539289790058,0,-31.31771255364485,0.9252901764960748
2018-06-12,614,45.59363555908203,48.06999969482422,48.15250015258789,47.787498474121094,47.84749984741211,67644400,21360.0,0.5490786357877919,1,-7.632520414015353,0.7638016010912568
2018-06-13,615,45.218990325927734,47.67499923706055,48.220001220703125,47.61000061035156,48.10499954223633,86553600,21384.0,-0.8217192849414579,0,27.953829141806263,1.2812447018094213
2018-06-14,616,45.24269104003906,47.70000076293945,47.89250183105469,47.55500030517578,47.88750076293945,86440400,21408.0,0.052441586321982925,1,-0.13078601005619417,0.7097077567302073
2018-06-15,617,44.77793502807617,47.209999084472656,47.540000915527344,47.064998626708984,47.50749969482422,246876800,21432.0,-1.027257171130913,0,185.60349096024544,1.0092474294661928
2018-06-18,618,44.75423049926758,47.185001373291016,47.30500030517578,46.79999923706055,46.970001220703125,73939600,21504.0,-0.05295003530271236,0,-70.05000064809654,1.0790621289483442
2018-06-19,619,44.03101348876953,46.42250061035156,46.58250045776367,45.86249923706055,46.28499984741211,134314000,21528.0,-1.6159812244300742,0,81.6536740799247,1.5699127450108665
2018-06-20,620,44.22307205200195,46.625,46.79999923706055,46.432498931884766,46.587501525878906,82514800,21552.0,0.4362095686057943,1,-38.565748916717546,0.7914721663266377
2018-06-21,621,43.97646713256836,46.3650016784668,47.087501525878906,46.23500061035156,46.8125,102847600,21576.0,-0.5576371507414524,0,24.641397664418996,1.8438432016295403
2018-06-22,622,43.848426818847656,46.22999954223633,46.537498474121094,46.17499923706055,46.529998779296875,108801600,21600.0,-0.2911725037058832,0,5.789148215417761,0.7850552096373423
2018-06-25,623,43.19633865356445,45.54249954223633,46.22999954223633,45.182498931884766,45.849998474121094,126652400,21672.0,-1.4871295842689536,0,16.40674401847031,2.318376882896031
2018-06-26,624,43.73222732543945,46.10749816894531,46.63249969482422,45.6349983215332,45.747501373291016,98276800,21696.0,1.2405964371476896,1,-22.40431290682213,2.1858253752150074
2018-06-27,625,43.668216705322266,46.040000915527344,46.81999969482422,46.00749969482422,46.307498931884766,101141200,21720.0,-0.14639105589864254,0,2.914624814808775,1.7660164220821701
2018-06-28,626,43.98595428466797,46.375,46.5525016784668,45.95000076293945,46.025001525878906,69460800,21744.0,0.7276261464184142,1,-31.322942579285197,1.3112098052744436
2018-06-29,627,43.89348602294922,46.27750015258789,46.79750061035156,45.727500915527344,46.5724983215332,90950800,21768.0,-0.210242258570581,0,30.938313408426055,2.339947894377248
2018-07-02,628,44.38431930541992,46.79499816894531,46.82500076293945,45.85499954223633,45.95500183105469,70925200,21840.0,1.1182497210331377,1,-22.018058114936867,2.115366329487523
2018-07-03,629,43.61130142211914,45.97999954223633,46.98749923706055,45.8849983215332,46.9474983215332,55819200,21864.0,-1.7416361974554873,0,-21.298494752217835,2.402748078580522
2018-07-05,630,43.96223831176758,46.349998474121094,46.602500915527344,46.06999969482422,46.314998626708984,66416800,21912.0,0.8046953796615242,1,18.985582021956592,1.155852451118964
2018-07-06,631,44.5716438293457,46.99250030517578,47.10749816894531,46.29999923706055,46.35499954223633,69940800,21936.0,1.3861960133902063,1,5.305886462461307,1.7440581969565307
2018-07-09,632,45.190528869628906,47.64500045776367,47.66999816894531,47.32500076293945,47.375,79026400,22008.0,1.3885197602818922,1,12.990414750760637,0.7289960917993885
2018-07-10,633,45.13599395751953,47.587501525878906,47.81999969482422,47.54499816894531,47.6775016784668,63756400,22032.0,-0.12068198411654407,0,-19.322656732433718,0.5784026426959196
2018-07-11,634,44.55030059814453,46.970001220703125,47.44499969482422,46.90250015258789,47.125,75326000,22056.0,-1.2976102660905098,0,18.146570383522274,1.1566537827864496
2018-07-12,635,45.29723358154297,47.75749969482422,47.852500915527344,47.32749938964844,47.38249969482422,72164400,22080.0,1.6765987942405802,1,-4.197222738496665,1.1092948764449946
2018-07-13,636,45.36836624145508,47.83250045776367,47.959999084472656,47.724998474121094,47.77000045776367,50055600,22104.0,0.1570449948567587,1,-30.636712839017576,0.49240569484563046
2018-07-16,637,45.26877212524414,47.727500915527344,48.162498474121094,47.60499954223633,47.880001068115234,60172400,22176.0,-0.21951506032815704,0,20.21112522874564,1.1710932407217833
2018-07-17,638,45.396820068359375,47.86249923706055,47.967498779296875,47.29999923706055,47.4375,62138000,22200.0,0.28285227372817356,1,3.2666139293097807,1.4112041289703197
2018-07-18,639,45.14784622192383,47.599998474121094,47.95000076293945,47.48249816894531,47.94499969482422,65573600,22224.0,-0.5484476722356302,0,5.528983874601701,0.9845787648550861
2018-07-19,640,45.4987907409668,47.970001220703125,48.13750076293945,47.42250061035156,47.42250061035156,81147200,22248.0,0.777316719417942,1,23.749801749484554,1.5077234295650317
2018-07-20,641,45.39445495605469,47.86000061035156,48.10749816894531,47.54249954223633,47.94499969482422,82704800,22272.0,-0.22931125193319524,0,1.9194747323382666,1.1884074925573584
2018-07-23,642,45.43476104736328,47.90250015258789,47.9900016784668,47.38999938964844,47.66999816894531,63957600,22344.0,0.08879971102033757,1,-22.667608167845156,1.2660947384384647
2018-07-24,643,45.76436233520508,48.25,48.415000915527344,48.01250076293945,48.11249923706055,74791600,22368.0,0.7254315459635396,1,16.93934731759792,0.8383236577807627
2018-07-25,644,46.1959228515625,48.70500183105469,48.712501525878906,48.10749816894531,48.26499938964844,66839600,22392.0,0.9430089762791471,1,-10.632210034281918,1.2576071921448198
2018-07-26,645,46.05127716064453,48.5525016784668,48.9900016784668,48.40250015258789,48.65250015258789,76304000,22416.0,-0.31310983852721463,0,14.159869299038297,1.213783428597324
2018-07-27,646,45.285369873046875,47.744998931884766,48.79750061035156,47.525001525878906,48.747501373291016,96096000,22440.0,-1.6631537380496275,0,25.938351855734965,2.677536125442814
2018-07-30,647,45.03166198730469,47.477500915527344,48.04999923706055,47.26750183105469,47.974998474121094,84118000,22512.0,-0.5602639487730321,0,-12.464618714618714,1.655465966453424
2018-07-31,648,45.121768951416016,47.5724983215332,48.03499984741211,47.334999084472656,47.57500076293945,157492000,22536.0,0.2000893142519944,1,87.2274661784636,1.4788228086584563
2018-08-01,649,47.779884338378906,50.375,50.439998626708984,49.32749938964844,49.782501220703125,271742800,22560.0,5.891012196847933,1,72.54387524445687,2.255332726827845
2018-08-02,650,49.176536560058594,51.84749984741211,52.095001220703125,50.087501525878906,50.14500045776367,249616000,22584.0,2.9230766201729264,1,-8.142552442971807,4.007985293071558
2018-08-03,651,49.318817138671875,51.997501373291016,52.185001373291016,51.369998931884766,51.75749969482422,133789600,22608.0,0.2893129395252769,1,-46.4018332158195,1.586533888168698
2018-08-06,652,49.574893951416016,52.26750183105469,52.3125,51.76750183105469,52.0,101701600,22680.0,0.5192566000918664,1,-23.98392700179984,1.0527805083659163
2018-08-07,653,49.11014175415039,51.77750015258789,52.375,51.689998626708984,52.33000183105469,102349600,22704.0,-0.9374882313117561,0,0.6371581174730689,1.3252106625846674
2018-08-08,654,49.14333724975586,51.8125,51.95249938964844,51.130001068115234,51.51250076293945,90102000,22728.0,0.06759663426965101,1,-11.966436605516773,1.6086413149834933
2018-08-09,655,49.52985382080078,52.220001220703125,52.44499969482422,51.79999923706055,52.38249969482422,93970400,22752.0,0.7864921026839555,1,4.293356418281502,1.245174647227028
2018-08-10,656,49.3823127746582,51.88249969482422,52.275001525878906,51.66749954223633,51.84000015258789,98444800,22776.0,-0.6463070049586683,0,4.761499365757738,1.1757913369621593
2018-08-13,657,49.701168060302734,52.217498779296875,52.73749923706055,51.92499923706055,52.32749938964844,103563600,22848.0,0.6456880189719794,1,5.199665193082814,1.5647568838481416
2018-08-14,658,49.91056823730469,52.4375,52.63999938964844,52.064998626708984,52.540000915527344,82992000,22872.0,0.4213170409271827,1,-19.863735907210646,1.104390239327658
2018-08-15,659,50.02717208862305,52.560001373291016,52.685001373291016,52.08250045776367,52.30500030517578,115230400,22896.0,0.2336140611032489,1,38.845189897821484,1.1568202567692427
2018-08-16,660,50.76005935668945,53.33000183105469,53.45249938964844,52.86750030517578,52.9375,114001600,22920.0,1.464993222307931,1,-1.0663852594454237,1.1065381966156327
2018-08-17,661,51.77373504638672,54.39500045776367,54.48749923706055,53.290000915527344,53.36000061035156,141708000,22944.0,1.9969971688409416,1,24.303518547108105,2.2471351115782823
2018-08-20,662,51.26927185058594,53.8650016784668,54.79499816894531,53.77750015258789,54.525001525878906,121150800,23016.0,-0.9743520081563428,0,-14.506732153442293,1.8920515335788768
2018-08-21,663,51.16933822631836,53.7599983215332,54.29750061035156,53.50749969482422,54.20000076293945,104639200,23040.0,-0.19493799992875704,0,-13.628964893339546,1.4764302575023152
2018-08-22,664,51.17171096801758,53.76250076293945,54.09000015258789,53.459999084472656,53.525001525878906,76072400,23064.0,0.004654839070639127,1,-27.300285170375915,1.1784531966036207
2018-08-23,665,51.27642822265625,53.872501373291016,54.26250076293945,53.650001525878906,53.662498474121094,75532800,23088.0,0.20460471293290983,1,-0.7093242752956419,1.1416574457413544
2018-08-24,666,51.435848236083984,54.040000915527344,54.224998474121094,53.77750015258789,54.150001525878906,73905600,23112.0,0.3109184425569955,1,-2.1542958820538916,0.8321292738849418
2018-08-27,667,51.859397888183594,54.48500061035156,54.685001373291016,54.08250045776367,54.287498474121094,82100400,23184.0,0.8234635219933173,1,11.088198999805154,1.1140404205198935
2018-08-28,668,52.2781867980957,54.92499923706055,55.1349983215332,54.72999954223633,54.752498626708984,91107200,23208.0,0.8075591846931074,1,10.97047030221534,0.7399941214768853
2018-08-29,669,53.05867767333984,55.744998931884766,55.872501373291016,54.852500915527344,55.037498474121094,109019200,23232.0,1.492944390012707,1,19.660356151873827,1.8595331857967041
2018-08-30,670,53.5464973449707,56.25749969482422,57.064998626708984,55.599998474121094,55.8125,195175200,23256.0,0.9193663517075068,1,79.02828125687952,2.6348924330812205
2018-08-31,671,54.1651611328125,56.907501220703125,57.217498779296875,56.5,56.627498626708984,173360400,23280.0,1.1554042206015636,1,-11.177034787206575,1.2699093438882745
2018-09-04,672,54.338863372802734,57.09000015258789,57.29499816894531,56.657501220703125,57.102500915527344,109560400,23376.0,0.32069398228711243,1,-36.80194554234993,1.1251766041691242
2018-09-05,673,53.98431396484375,56.717498779296875,57.41749954223633,56.275001525878906,57.247501373291016,133332000,23400.0,-0.6524809463923753,0,21.697255577745246,2.030205216133183
2018-09-06,674,53.08723831176758,55.775001525878906,56.837501525878906,55.32500076293945,56.557498931884766,137160000,23424.0,-1.661739804650908,0,2.8710287102871046,2.733846799967207
2018-09-07,675,52.65892791748047,55.32500076293945,56.342498779296875,55.1775016784668,55.462501525878906,150479200,23448.0,-0.8068144341164318,0,9.710702828813055,2.1113625397880638
2018-09-10,676,51.952205657958984,54.58250045776367,55.462501525878906,54.11750030517578,55.23749923706055,158066000,23520.0,-1.3420701218917253,0,5.041759924295186,2.4853350822164444
2018-09-11,677,53.26570129394531,55.962501525878906,56.07500076293945,54.13999938964844,54.502498626708984,142996000,23544.0,2.5282848102261113,1,-9.533992129869805,3.5740698099471864
2018-09-12,678,52.60419464111328,55.26750183105469,56.25,54.959999084472656,56.23500061035156,197114800,23568.0,-1.2419024809011248,0,37.84637332512797,2.34716327695827
2018-09-13,679,53.87485885620117,56.602500915527344,57.087501525878906,55.64250183105469,55.880001068115234,166825600,23592.0,2.415522757937505,1,-15.366273866802494,2.596935161563402
2018-09-14,680,53.263328552246094,55.959999084472656,56.709999084472656,55.630001068115234,56.4375,127997200,23616.0,-1.1351120898589695,0,-23.27484510770529,1.941394922921242
2018-09-17,681,51.84513854980469,54.470001220703125,55.73749923706055,54.317501068115234,55.537498474121094,148780400,23688.0,-2.662612380533369,0,16.23723018941039,2.614255333956925
2018-09-18,682,51.93079376220703,54.560001373291016,55.462501525878906,54.279998779296875,54.4474983215332,126286800,23712.0,0.1652288426123416,1,-15.118658102814619,2.178523900470414
2018-09-19,683,51.96171569824219,54.592498779296875,54.904998779296875,53.82500076293945,54.625,108495200,23736.0,0.05956269279305815,1,-14.08824992002331,2.0064988407785425
2018-09-20,684,52.356719970703125,55.00749969482422,55.56999969482422,54.787498474121094,55.060001373291016,106435200,23760.0,0.7601793741024432,1,-1.8987015093755333,1.4282477618005136
2018-09-21,685,51.79277038574219,54.415000915527344,55.34000015258789,54.3224983215332,55.19499969482422,384986800,23784.0,-1.0771236332936307,0,261.7100357776375,1.8730762805350472
2018-09-24,686,52.537567138671875,55.1974983215332,55.314998626708984,54.157501220703125,54.20500183105469,110773600,23856.0,1.438017812809722,1,-71.22664984877403,2.1372799333721395
2018-09-25,687,52.87070846557617,55.54750061035156,55.70500183105469,54.92499923706055,54.9375,98217600,23880.0,0.6340908545882762,1,-11.334830681678664,1.4201230857147382
2018-09-26,688,52.44952392578125,55.10499954223633,55.9375,54.939998626708984,55.25,95938800,23904.0,-0.7966174233819068,0,-2.3201544326067802,1.8156195817705791
2018-09-27,689,53.52745056152344,56.23749923706055,56.61000061035156,55.8849983215332,55.95500183105469,120724800,23928.0,2.055166870940983,1,25.835219952719868,1.297311104219908
2018-09-28,690,53.71543884277344,56.435001373291016,56.459999084472656,56.005001068115234,56.1974983215332,91717600,23952.0,0.35119295649674864,1,-24.027540323115048,0.8124239044367438
2018-10-01,691,54.077117919921875,56.814998626708984,57.35499954223633,56.587501525878906,56.98749923706055,94403200,24024.0,0.6733361285923722,1,2.9281184854379028,1.3563030627998753
2018-10-02,692,54.55779266357422,57.31999969482422,57.5,56.657501220703125,56.8125,99152800,24048.0,0.8888516770602095,1,5.031185383546322,1.487003064280955
2018-10-03,693,55.221675872802734,58.01750183105469,58.36750030517578,57.44499969482422,57.51250076293945,114619200,24072.0,1.216856489783713,1,15.598550923423238,1.6058849599657663
2018-10-04,694,54.250831604003906,56.997501373291016,58.087501525878906,56.682498931884766,57.69499969482422,128168000,24096.0,-1.7580909649193122,0,11.820707176459088,2.478723804471869
2018-10-05,695,53.370399475097656,56.0724983215332,57.102500915527344,55.14500045776367,56.9900016784668,134322000,24120.0,-1.6228835115064677,0,4.801510517445862,3.5497333239899937
2018-10-08,696,53.24665832519531,55.942501068115234,56.20000076293945,55.04999923706055,55.5525016784668,118655600,24192.0,-0.23183781231315148,0,-11.663316508092493,2.0890127916744943
2018-10-09,697,53.98431396484375,56.717498779296875,56.817501068115234,55.5625,55.90999984741211,107564000,24216.0,1.3853469122483641,1,-9.34772568677753,2.258719582659589
2018-10-10,698,51.48344039916992,54.09000015258789,56.587501525878906,54.01250076293945,56.3650016784668,167962400,24240.0,-4.632606661540716,0,56.1511286303968,4.7674162954259725
2018-10-11,699,51.02894973754883,53.61249923706055,54.875,53.08000183105469,53.630001068115234,212497600,24264.0,-0.8827896361255583,0,26.51498192452597,3.381684451817673
2018-10-12,700,52.851661682128906,55.52750015258789,55.720001220703125,54.209999084472656,55.10499954223633,161351600,24288.0,3.5719299468948584,1,-24.068977720218953,2.7854679242431084
2018-10-15,701,51.72138595581055,54.34000015258789,55.45750045776367,54.317501068115234,55.290000915527344,123164000,24360.0,-2.1385799770146097,0,-23.667320311667194,2.098769949337057
2018-10-16,702,52.86117172241211,55.537498474121094,55.747501373291016,54.189998626708984,54.73249816894531,116736000,24384.0,2.2037142402845156,1,-5.219057516806858,2.8741516627652666
2018-10-17,703,52.632755279541016,55.29750061035156,55.65999984741211,54.834999084472656,55.57500076293945,91541600,24408.0,-0.4321366110527358,0,-21.582373903508767,1.5045149570779592
2018-10-18,704,51.40253448486328,54.005001068115234,54.935001373291016,53.25,54.46500015258789,130325200,24432.0,-2.337356169754945,0,42.36718606622563,3.1643218277765555
2018-10-19,705,52.185394287109375,54.82749938964844,55.314998626708984,54.35749816894531,54.51499938964844,132314800,24456.0,1.5230039908633808,1,1.5266425833223352,1.7614873568826173
2018-10-22,706,52.50424575805664,55.162498474121094,55.84000015258789,54.73500061035156,54.9474983215332,115168400,24528.0,0.6110055869808839,1,-12.958792213720615,2.01881708214935
2018-10-23,707,52.99919891357422,55.682498931884766,55.8125,53.67499923706055,53.95750045776367,155071200,24552.0,0.9426702418267485,1,34.64735118313704,3.9823023629660157
2018-10-24,708,51.18123245239258,53.772499084472656,56.057498931884766,53.6349983215332,55.650001525878906,163702000,24576.0,-3.4301618714141613,0,5.565701432632242,4.516641532883175
2018-10-25,709,52.302001953125,54.95000076293945,55.345001220703125,54.1875,54.4275016784668,119423200,24600.0,2.189784180603227,1,-27.048417245971336,2.13610375216263
2018-10-26,710,51.46916961669922,54.07500076293945,55.04750061035156,53.16749954223633,53.974998474121094,189033600,24624.0,-1.5923566657894184,0,58.28884169910034,3.5359967730319144
2018-10-29,711,50.50306701660156,53.060001373291016,54.92250061035156,51.522499084472656,54.79750061035156,183742000,24696.0,-1.8770214985259326,0,-2.7992907081069163,6.599061742530197
2018-10-30,712,50.75529861450195,53.32500076293945,53.79499816894531,52.317501068115234,52.787498474121094,146640000,24720.0,0.49943343910623383,1,-20.192443752653176,2.8240972345113304
2018-10-31,713,52.07831954956055,54.71500015258789,55.11249923706055,54.154998779296875,54.220001220703125,153435600,24744.0,2.6066561083192274,1,4.634206219312609,1.7680740085801987
2018-11-01,714,52.87784957885742,55.55500030517578,55.59000015258789,54.20249938964844,54.76250076293945,233292800,24768.0,1.5352282742306933,1,52.04607014278304,2.5598464619962473
2018-11-02,715,49.37040328979492,51.869998931884766,53.412498474121094,51.35749816894531,52.38750076293945,365314800,24792.0,-6.633068766174954,0,56.590687753758374,4.001363731573654
2018-11-05,716,47.9688720703125,50.397499084472656,51.09749984741211,49.54249954223633,51.07500076293945,264654800,24864.0,-2.8388276031117377,0,-27.554317536546556,3.138719926414091
2018-11-06,717,48.48761367797851,50.942501068115234,51.18000030517578,50.42250061035156,50.47999954223633,127531600,24888.0,1.0814068030024382,1,-51.81209636099553,1.5023048949474487
2018-11-07,718,49.958152770996094,52.48749923706055,52.51499938964844,51.032501220703125,51.49250030517578,133697600,24912.0,3.0328274751950213,1,4.834880139510522,2.9050078547666502
2018-11-08,719,49.783843994140625,52.122501373291016,52.529998779296875,51.6875,52.494998931884766,101450400,24936.0,-0.695399607668512,0,-24.119505510944105,1.6299855464026605
2018-11-09,720,48.823951721191406,51.11750030517578,51.502498626708984,50.5625,51.38750076293945,137463200,24960.0,-1.9281520296150378,0,35.49793790857405,1.8590825744553463
2018-11-12,721,46.36447525024414,48.54249954223633,49.962501525878906,48.4474983215332,49.75,204542000,25032.0,-5.037415263982947,0,48.797641841598335,3.1271030637970787
2018-11-13,722,45.901241302490234,48.057498931884766,49.29499816894531,47.86249923706055,47.907501220703125,187531600,25056.0,-0.9991257453266678,0,-8.316336009230374,2.9929463666108838
2018-11-14,723,44.60464859008789,46.70000076293945,48.619998931884766,46.48249816894531,48.474998474121094,243204000,25080.0,-2.8247374480918963,0,29.686943427134405,4.598506636133221
2018-11-15,724,45.7054443359375,47.852500915527344,47.99250030517578,46.724998474121094,47.09749984741211,185915200,25104.0,2.4678803720759257,1,-23.555862568049868,2.712684585226259
2018-11-16,725,46.21166229248047,48.38249969482422,48.74250030517578,47.3650016784668,47.625,147713200,25128.0,1.1075675652406636,1,-20.548077833334766,2.9082625945207696
2018-11-19,726,44.38020324707031,46.46500015258789,47.67499923706055,46.247501373291016,47.5,167701200,25200.0,-3.9632089171313667,0,13.5316275051925,3.086648621830073
2018-11-20,727,42.259788513183594,44.244998931884766,45.36750030517578,43.877498626708984,44.592498779296875,271300800,25224.0,-4.777792345664034,0,61.77630213737291,3.3958218337446597
2018-11-21,728,42.2120475769043,44.19499969482422,45.067501068115234,44.13750076293945,44.932498931884766,124496800,25248.0,-0.11300539782478358,0,-54.11115632537759,2.1070524816771377
2018-11-23,729,41.1399040222168,43.0724983215332,44.150001525878906,43.025001525878906,43.73500061035156,94496000,25296.0,-2.539883201814963,0,-24.097647489734676,2.614758768394997
2018-11-26,730,41.69627380371094,43.654998779296875,43.73749923706055,42.564998626708984,43.560001373291016,179994000,25368.0,1.3523721178542836,1,90.477903826617,2.7546121183611025
2018-11-27,731,41.60554122924805,43.560001373291016,43.692501068115234,42.720001220703125,42.877498626708984,165549600,25392.0,-0.2176094574784626,0,-8.024934164472153,2.2764508886315595
2018-11-28,732,43.20539093017578,45.23500061035156,45.3224983215332,43.73249816894531,44.182498931884766,184250000,25416.0,3.8452690180298843,1,11.295949975113206,3.635740511428086
2018-11-29,733,42.87347412109375,44.88750076293945,45.70000076293945,44.42499923706055,45.665000915527344,167080000,25440.0,-0.7682101088169024,0,-9.318860244233374,2.8700091114807833
2018-11-30,734,42.64186096191406,44.64500045776367,45.08250045776367,44.25749969482422,45.0724983215332,158126000,25464.0,-0.5402401582936811,0,-5.359109408666507,1.8640925687809122
2018-12-03,735,44.13186264038086,46.20500183105469,46.23500061035156,45.3025016784668,46.1150016784668,163210000,25536.0,3.4942353170470897,1,3.2151575326005766,2.05838286482091
2018-12-04,736,42.1905517578125,44.17250061035156,45.59749984741211,44.067501068115234,45.23749923706055,165377200,25560.0,-4.398877048278937,0,1.3278598125114893,3.4719435915641155
2018-12-06,737,41.72014617919922,43.68000030517578,43.69499969482422,42.60499954223633,42.939998626708984,172393600,25608.0,-1.1149477579278533,0,4.242664647847461,2.558385551694051
2018-12-07,738,40.232540130615234,42.122501373291016,43.622501373291016,42.07500076293945,43.372501373291016,169126400,25632.0,-3.5657026579741458,0,-1.8951979655857265,3.6779574148329752
2018-12-10,739,40.497581481933594,42.400001525878906,42.522499084472656,40.83250045776367,41.25,248104000,25704.0,0.6587931474645314,1,46.6973813668357,4.138856567104152
2018-12-11,740,40.26597213745117,42.157501220703125,42.9474983215332,41.75,42.915000915527344,189126800,25728.0,-0.5719346614357357,0,-23.77116048108857,2.868259452774139
2018-12-12,741,40.37819290161133,42.275001525878906,42.97999954223633,42.255001068115234,42.599998474121094,142510800,25752.0,0.2787174328968023,1,-24.648013925049227,1.7157696267771791
2018-12-13,742,40.8199348449707,42.73749923706055,43.14250183105469,42.38750076293945,42.622501373291016,127594400,25776.0,1.0940217492328541,1,-10.466855845311374,1.7811879788283067
2018-12-14,743,39.5137939453125,41.369998931884766,42.27000045776367,41.31999969482422,42.25,162814800,25800.0,-3.199766784645952,0,27.603405792103718,2.2991306146075576
2018-12-17,744,39.14607620239258,40.98500061035156,42.087501525878906,40.682498931884766,41.36249923706055,177151600,25872.0,-0.9306220243493368,0,8.805587698415618,3.4535798706627014
2018-12-18,745,39.6546745300293,41.51750183105469,41.88249969482422,41.09749984741211,41.345001220703125,135366000,25896.0,1.2992587843676517,1,-23.587481004969757,1.9100914905448696
2018-12-19,746,38.41777801513672,40.22249984741211,41.86249923706055,39.772499084472656,41.5,196189200,25920.0,-3.1191712567684604,0,44.93240547848056,5.254887675398389
2018-12-20,747,37.44832611083984,39.20750045776367,40.52750015258789,38.82500076293945,40.099998474121094,259092000,25944.0,-2.5234617278859672,0,32.06231535680863,4.385059513697588
2018-12-21,748,35.99174880981445,37.682498931884766,39.540000915527344,37.407501220703125,39.21500015258789,382978400,25968.0,-3.88956579244758,0,47.815602179920646,5.700727461699554
2018-12-24,749,35.06050491333008,36.70750045776367,37.88750076293945,36.647499084472656,37.037498474121094,148676800,26040.0,-2.5874039720229502,0,-61.17880277321124,3.383591539517027
2018-12-26,750,37.529510498046875,39.29249954223633,39.307498931884766,36.68000030517578,37.07500076293945,234330000,26088.0,7.042155015286333,1,57.610333286699735,7.163300449422917
2018-12-27,751,37.28594207763672,39.037498474121094,39.192501068115234,37.51750183105469,38.959999084472656,212468400,26112.0,-0.6489815386805042,0,-9.329407246191268,4.464580943057582
2018-12-28,752,37.30504608154297,39.057498931884766,39.630001068115234,38.63750076293945,39.375,169165600,26136.0,0.05123396361303989,1,-20.380818982964055,2.5687487171214074
2018-12-31,753,37.66561508178711,39.435001373291016,39.84000015258789,39.119998931884766,39.63249969482422,140014000,26208.0,0.9665299922675619,1,-17.232581565046324,1.8404939682048094
2019-01-02,754,37.708595275878906,39.47999954223633,39.712501525878906,38.557498931884766,38.72249984741211,148158800,26256.0,0.11410718239708295,1,5.81713257245704,2.995532972806548
2019-01-03,755,33.95253372192383,35.54750061035156,36.43000030517578,35.5,35.994998931884766,365248800,26280.0,-9.960737025028877,0,146.52521483705323,2.619719169509243
2019-01-04,756,35.401954650878906,37.064998626708984,37.13750076293945,35.95000076293945,36.13249969482422,234428400,26304.0,4.268930277240135,1,-35.81679118452956,3.3031988172422615
2019-01-07,757,35.32316589355469,36.98249816894531,37.20750045776367,36.474998474121094,37.17499923706055,219111200,26376.0,-0.22258319390364711,0,-6.533849994283969,2.0082303338882554
2019-01-08,758,35.99652099609375,37.6875,37.95500183105469,37.130001068115234,37.38999938964844,164101200,26400.0,1.9063120826344981,1,-25.105973587840325,2.221924964198045
2019-01-09,759,36.607810974121094,38.32749938964844,38.63249969482422,37.407501220703125,37.8224983215332,180396400,26424.0,1.6981741682214002,1,9.92997004287599,3.274740183509291
2019-01-10,760,36.72481155395508,38.45000076293945,38.49250030517578,37.71500015258789,38.125,143122800,26448.0,0.3196174424155096,1,-20.662053123011326,2.0615143827184657
2019-01-11,761,36.3642463684082,38.0724983215332,38.42499923706055,37.877498626708984,38.220001220703125,108092800,26472.0,-0.9818008684413626,0,-24.47548538737364,1.4454508090602827
2019-01-14,762,35.81742477416992,37.5,37.817501068115234,37.30500030517578,37.712501525878906,129756800,26544.0,-1.5037056846080588,0,20.042037952574088,1.3738125150701248
2019-01-15,763,36.550506591796875,38.26750183105469,38.34749984741211,37.51250076293945,37.567501068115234,114843600,26568.0,2.046671549479173,1,-11.49319342030629,2.2259222059052783
2019-01-16,764,36.99702453613281,38.73500061035156,38.970001220703125,38.25,38.27000045776367,122278800,26592.0,1.221660042928363,1,6.474196211195049,1.8823561325571896
2019-01-17,765,37.216697692871094,38.96500015258789,39.415000915527344,38.314998626708984,38.54999923706055,119284800,26616.0,0.5937770455975322,1,-2.4485029293712435,2.870944351415321
2019-01-18,766,37.4459342956543,39.20500183105469,39.470001220703125,38.994998931884766,39.375,135004000,26640.0,0.6159416849145227,1,13.177873459149868,1.218110788124596
2019-01-22,767,36.60541534423828,38.32500076293945,39.182498931884766,38.154998779296875,39.102500915527344,121576000,26736.0,-2.2446142762788446,0,-9.946371959349353,2.6929634005005347
2019-01-23,768,36.753456115722656,38.47999954223633,38.78499984741211,37.92499923706055,38.537498474121094,92522400,26760.0,0.4044325537150728,1,-23.897479765743235,2.2676351421285315
2019-01-24,769,36.46214294433594,38.17499923706055,38.619998931884766,37.935001373291016,38.52750015258789,101766000,26784.0,-0.792620345125028,0,9.990661720837334,1.8057138099276246
2019-01-25,770,37.670387268066406,39.439998626708984,39.532501220703125,38.58000183105469,38.869998931884766,134142000,26808.0,3.313685435310676,1,31.81416190083133,2.468894101714972
2019-01-28,771,37.3217658996582,39.07500076293945,39.08250045776367,38.415000915527344,38.9474983215332,104768400,26880.0,-0.9254510052704501,0,-21.897392315605845,1.7376012659849365
2019-01-29,772,36.9349365234375,38.66999816894531,39.532501220703125,38.52750015258789,39.0625,166348800,26904.0,-1.0364749483978586,0,58.77764669499581,2.6085291392769707
2019-01-30,773,39.45886993408203,41.3125,41.537498474121094,40.057498931884766,40.8125,244439200,26928.0,6.833467691179762,1,46.94377116035704,3.694687840478941
2019-01-31,774,39.74303436279297,41.61000061035156,42.25,41.13999938964844,41.52750015258789,162958400,26952.0,0.7201225061459926,1,-33.333769706331886,2.698105558627837
2019-02-01,775,39.76213836669922,41.630001068115234,42.244998931884766,41.48249816894531,41.7400016784668,130672400,26976.0,0.048066468325647094,1,-19.81241838407839,1.838126430655224
2019-02-04,776,40.891571044921875,42.8125,42.915000915527344,41.81999969482422,41.852500915527344,125982000,27048.0,2.840497001068898,1,-3.589434341146258,2.6183673569912673
2019-02-05,777,41.59120178222656,43.54499816894531,43.77000045776367,43.087501525878906,43.21500015258789,144406400,27072.0,1.7109446281934337,1,14.624628915241855,1.5839835398087494
2019-02-06,778,41.60554122924805,43.560001373291016,43.89250183105469,43.212501525878906,43.662498474121094,112958400,27096.0,0.03445448381349525,1,-21.777428147228928,1.5736193952311364
2019-02-07,779,40.81755065917969,42.73500061035156,43.48500061035156,42.584999084472656,43.099998474121094,126966800,27120.0,-1.893941085698192,0,12.401379622940834,2.1134238469599143
2019-02-08,780,40.865516662597656,42.602500915527344,42.665000915527344,42.10499954223633,42.247501373291016,95280000,27144.0,-0.3100495915100643,0,-24.956760349949747,1.3300115885983268
2019-02-11,781,40.6305046081543,42.35749816894531,42.8025016784668,42.3125,42.76250076293945,83973600,27216.0,-0.5750900564918116,0,-11.866498740554155,1.1580541884001108
2019-02-12,782,40.98061752319336,42.72249984741211,42.75,42.42499923706055,42.525001525878906,89134000,27240.0,0.8617168016179066,1,6.14526470223975,0.7660595610701797
2019-02-13,783,40.81035232543945,42.54499816894531,43.119998931884766,42.47999954223633,42.84749984741211,89960800,27264.0,-0.41547587126400387,0,0.9275921646060947,1.5065899165373324
2019-02-14,784,40.95903778076172,42.70000076293945,42.814998626708984,42.345001220703125,42.4275016784668,87342800,27288.0,0.36432624436515404,1,-2.9101564236867605,1.109924176306483
2019-02-15,785,40.86791229248047,42.60499954223633,42.92499923706055,42.4375,42.8125,98507200,27312.0,-0.22248529041146714,0,12.782278562171134,1.1487463612619662
2019-02-19,786,40.990211486816406,42.73249816894531,42.86000061035156,42.372501373291016,42.4275016784668,75891200,27408.0,0.2992574300642481,1,-22.958727889941045,1.1505085167519424
2019-02-20,787,41.253997802734375,43.00749969482422,43.33000183105469,42.747501373291016,42.79750061035156,104457600,27432.0,0.6435418888726563,1,37.64125484904706,1.3626538137913784
2019-02-21,788,41.021385192871094,42.76499938964844,43.092498779296875,42.57500076293945,42.95000076293945,68998800,27456.0,-0.5638558551334882,0,-33.94563918757467,1.2154973742428958
2019-02-22,789,41.47942352294922,43.24250030517578,43.25,42.845001220703125,42.89500045776367,75652800,27480.0,1.1165694431014783,1,9.643645976451754,0.9452649498377785
2019-02-25,790,41.78157424926758,43.557498931884766,43.967498779296875,43.48749923706055,43.540000915527344,87493600,27552.0,0.7284468393037979,1,15.651502654230898,1.1037644165734575
2019-02-26,791,41.805564880371094,43.58250045776367,43.82500076293945,43.29249954223633,43.4275016784668,68280800,27576.0,0.05739890143372506,1,-21.959091865004986,1.2300080298750475
2019-02-27,792,41.93505096435547,43.717498779296875,43.75,43.182498931884766,43.3025016784668,111341600,27600.0,0.30975350224347054,1,63.06428747173436,1.3141922819482947
2019-02-28,793,41.5225830078125,43.287498474121094,43.727500915527344,43.22999954223633,43.58000183105469,112861600,27624.0,-0.9835885336134886,0,1.3651680953030931,1.1508243778835798
2019-03-01,794,41.95903015136719,43.74250030517578,43.787498474121094,43.22249984741211,43.56999969482422,103544800,27648.0,1.0511160198520164,1,-8.255066382188447,1.3071863698388397
2019-03-04,795,42.17006301879883,43.962501525878906,44.4375,43.49250030517578,43.92250061035156,109744800,27720.0,0.502946148867256,1,5.9877463667900255,2.1727876948747413
2019-03-05,796,42.09332275390625,43.88249969482422,44.0,43.6349983215332,43.98500061035156,78949600,27744.0,-0.18197743139706235,0,-28.060737274112302,0.8364883522561616
2019-03-06,797,41.851112365722656,43.630001068115234,43.872501373291016,43.48500061035156,43.66749954223633,83241600,27768.0,-0.5753970910156836,0,5.436379665001478,0.8911136196401683
2019-03-07,798,41.36670684814453,43.125,43.61000061035156,43.005001068115234,43.467498779296875,99185600,27792.0,-1.157462882769189,0,19.15388459616345,1.4068120618764195
2019-03-08,799,41.465030670166016,43.227500915527344,43.26750183105469,42.375,42.58000183105469,95997600,27816.0,0.23768328238225056,1,-3.214176251391332,2.1061990113384956
2019-03-11,800,42.90147018432617,44.724998474121094,44.779998779296875,43.837501525878906,43.872501373291016,128044000,27888.0,3.464224225036916,1,33.382501229197395,2.149979402593411
2019-03-12,801,43.38348007202149,45.227500915527344,45.66749954223633,44.842498779296875,45.0,129870400,27912.0,1.1235381968699443,1,1.4263846802661684,1.8397742886717632
2019-03-13,802,43.57533264160156,45.4275016784668,45.82500076293945,45.22999954223633,45.5625,124130000,27936.0,0.4422105110627239,1,-4.420098806194483,1.3155012750939907
2019-03-14,803,44.05974960327149,45.932498931884766,46.025001525878906,45.63999938964844,45.974998474121094,94318000,27960.0,1.1116553514043392,1,-24.016756626117775,0.8435629740998435
2019-03-15,804,44.63286590576172,46.529998779296875,46.83250045776367,45.935001373291016,46.212501525878906,156171600,27984.0,1.3008215562104963,1,65.5798469009097,1.9538457769471378
2019-03-18,805,45.08850860595703,47.005001068115234,47.09749984741211,46.4474983215332,46.45000076293945,104879200,28056.0,1.0208517113258653,1,-32.843615612569764,1.3994327991128073
2019-03-19,806,44.73118591308594,46.63249969482422,47.247501373291016,46.47999954223633,47.087501525878906,126585600,28080.0,-0.7924717898659783,0,20.696572819014648,1.6512518042459519
2019-03-20,807,45.12209701538086,47.040000915527344,47.372501373291016,46.182498931884766,46.557498931884766,124140800,28104.0,0.8738566951588034,1,-1.931341321603719,2.5767389572430925
2019-03-21,808,46.78395080566406,48.772499084472656,49.08250045776367,47.45249938964844,47.505001068115234,204136800,28128.0,3.6830317500555987,1,64.4397329483941,3.435016256426763
2019-03-22,809,45.81513214111328,47.76250076293945,49.42250061035156,47.69499969482422,48.834999084472656,169630800,28152.0,-2.0708356973546005,0,-16.90337068083756,3.6219748958606433
2019-03-25,810,45.26118087768555,47.185001373291016,47.994998931884766,46.650001525878906,47.877498626708984,175381200,28224.0,-1.2091062662626273,0,3.3899504099491384,2.8831669067786145
2019-03-26,811,44.79354476928711,46.6974983215332,48.220001220703125,46.14500045776367,47.915000915527344,199202000,28248.0,-1.0331737576970035,0,13.582299585132262,4.496696808657945
2019-03-27,812,45.19642639160156,47.11750030517578,47.439998626708984,46.63750076293945,47.1875,119393600,28272.0,0.8994100299563712,1,-40.064055581771264,1.7207136974355992
2019-03-28,813,45.25638198852539,47.18000030517578,47.38999938964844,46.88249969482422,47.23749923706055,83121600,28296.0,0.13264710478100294,1,-30.380187882767583,1.082492823820668
2019-03-29,814,45.55133819580078,47.48749923706055,47.52000045776367,47.1349983215332,47.45750045776367,94256000,28320.0,0.6517569518774025,1,13.395314815884207,0.8168073617063947
2019-04-01,815,45.86069107055664,47.810001373291016,47.91999816894531,47.095001220703125,47.90999984741211,111448000,28392.0,0.6791305952341675,1,18.239687659141058,1.7517717950063798
2019-04-02,816,46.5273551940918,48.505001068115234,48.6150016784668,47.76250076293945,47.772499084472656,91062800,28416.0,1.4536701001068852,1,-18.291221017873806,1.784874958199065
2019-04-03,817,46.84630584716797,48.837501525878906,49.125,48.287498474121094,48.3125,93087200,28440.0,0.685497269233637,1,2.223081214282896,1.7344065282813348
2019-04-04,818,46.92782974243164,48.92250061035156,49.092498779296875,48.28499984741211,48.6974983215332,76457200,28464.0,0.1740447029781267,1,-17.864969619883297,1.6723598103688189
2019-04-05,819,47.24198532104492,49.25,49.275001525878906,48.98249816894531,49.11249923706055,74106400,28488.0,0.6694248772294742,1,-3.0746613791768462,0.5971589197527691
2019-04-08,820,47.98539733886719,50.025001525878906,50.057498931884766,49.084999084472656,49.10499954223633,103526800,28560.0,1.5736071591449852,1,39.700214826249834,1.9812567292473393
2019-04-09,821,47.84150314331055,49.875,50.712501525878906,49.807498931884766,50.08000183105469,143072800,28584.0,-0.2998531160489981,0,38.19880456075142,1.8170006794193678
2019-04-10,822,48.11008834838867,50.154998779296875,50.185001373291016,49.54499816894531,49.66999816894531,86781200,28608.0,0.561401061246869,1,-39.3447252028338,1.2917614855153141
2019-04-11,823,47.7095947265625,49.73749923706055,50.25,49.61000061035156,50.212501525878906,83603200,28632.0,-0.8324186071133277,0,-3.6620834927380552,1.2900612412306562
2019-04-12,824,47.690406799316406,49.717498779296875,50.03499984741211,49.0525016784668,49.79999923706055,111042800,28656.0,-0.040212029294728335,0,32.82123172318763,2.0029522151295542
2019-04-15,825,47.77674865722656,49.807498931884766,49.962501525878906,49.502498626708984,49.64500045776367,70146400,28728.0,0.1810230900540999,1,-36.829402716790284,0.9292518800691975
2019-04-16,826,47.781551361083984,49.8125,50.342498779296875,49.63999938964844,49.8650016784668,102785600,28752.0,0.010040793499932477,1,46.53011416123991,1.4151881512612017
2019-04-17,827,48.71199417114258,50.782501220703125,50.845001220703125,49.65250015258789,49.8849983215332,115627200,28776.0,1.9473048345357569,1,12.493578867078647,2.401693901516621
2019-04-18,828,48.887062072753906,50.96500015258789,51.037498474121094,50.630001068115234,50.779998779296875,96783200,28800.0,0.3593736572596429,1,-16.297203426183458,0.8048536389672033
2019-04-22,829,49.0477294921875,51.13249969482422,51.23500061035156,50.584999084472656,50.70750045776367,77758000,28896.0,0.32865602224043666,1,-19.657543871250382,1.284968938703466
2019-04-23,830,49.75515365600586,51.869998931884766,51.9375,50.974998474121094,51.10749816894531,93292000,28920.0,1.4423297148822956,1,19.977365672985425,1.8881835305351653
2019-04-24,831,49.67841720581055,51.790000915527344,52.119998931884766,51.76250076293945,51.84000015258789,70162400,28944.0,-0.15422791209707132,0,-24.79269390730181,0.6906508837016458
2019-04-25,832,49.22758102416992,51.31999969482422,51.939998626708984,51.279998779296875,51.70750045776367,74172800,28968.0,-0.9075134435114762,0,5.7158820108776265,1.2870512151388138
2019-04-26,833,48.99258041381836,51.07500076293945,51.25,50.529998779296875,51.224998474121094,74596400,28992.0,-0.4773946479767366,0,0.5710988394667549,1.4248985515474097
2019-04-29,834,49.06690216064453,51.15250015258789,51.49250030517578,50.96500015258789,51.099998474121094,88818800,29064.0,0.15173644344743664,1,19.065799421956008,1.0350243324017832
2019-04-30,835,48.12207794189453,50.16749954223633,50.849998474121094,49.77750015258789,50.76499938964844,186139600,29088.0,-1.9256157712981836,0,109.57229775678124,2.154584537683829
2019-05-01,836,50.48417663574219,52.630001068115234,53.82749938964844,52.307498931884766,52.470001220703125,259309200,29112.0,4.908559422631198,1,39.3089917459799,2.9058939708492435
2019-05-02,837,50.155635833740234,52.287498474121094,53.162498474121094,52.032501220703125,52.459999084472656,127985200,29136.0,-0.6507744386150871,0,-50.64378741672104,2.171714268789285
2019-05-03,838,50.77914047241211,52.9375,52.959999084472656,52.557498931884766,52.72249984741211,83569600,29160.0,1.2431298969114213,1,-34.70370011532583,0.7658282086625475
2019-05-06,839,49.99496078491211,52.119998931884766,52.209999084472656,50.875,51.0724983215332,129772400,29232.0,-1.5442759256013905,0,55.28661139936053,2.6240768245162776
2019-05-07,840,48.64725112915039,50.71500015258789,51.85499954223633,50.20750045776367,51.470001220703125,155054800,29256.0,-2.6956999387760083,0,19.482108676421173,3.281380410201043
2019-05-08,841,48.656829833984375,50.724998474121094,51.334999084472656,50.4375,50.474998474121094,105358000,29280.0,0.019714722474861723,1,-32.051119991125724,1.779428172436493
2019-05-09,842,48.134056091308594,50.18000030517578,50.41999816894531,49.165000915527344,50.099998474121094,139634400,29304.0,-1.0744173195458284,0,32.53326752595911,2.552623268683016
2019-05-10,843,47.46724319458008,49.29499816894531,49.712501525878906,48.192501068115234,49.35499954223633,164834800,29328.0,-1.7636551033244685,0,18.047415250110287,3.1540186213106156
2019-05-13,844,44.708473205566406,46.43000030517578,47.369998931884766,45.712501525878906,46.9275016784668,229722400,29400.0,-5.811944355795539,0,39.36523112837824,3.6259170919961834
2019-05-14,845,45.41621398925781,47.165000915527344,47.42499923706055,46.352500915527344,46.602500915527344,146118800,29424.0,1.5830295186744392,1,-36.393316454990895,2.3137873908631614
2019-05-15,846,45.960262298583984,47.72999954223633,47.9375,46.505001068115234,46.567501068115234,106178800,29448.0,1.197919253136237,1,-27.333922808016485,3.080311577214253
2019-05-16,847,45.758056640625,47.52000045776367,48.11750030517578,47.209999084472656,47.477500915527344,132125600,29472.0,-0.43997294466099346,0,24.436893240458545,1.9222648555432862
2019-05-17,848,45.4980583190918,47.25,47.724998474121094,46.689998626708984,46.73249816894531,131516400,29496.0,-0.5681827760158575,0,-0.4610764303057069,2.2167485068633916
2019-05-20,849,44.075347900390625,45.772499084472656,46.087501525878906,45.06999969482422,45.880001068115234,154449200,29568.0,-3.1269860646081393,0,17.43721695545195,2.257603367970593
2019-05-21,850,44.92031478881836,46.650001525878906,47.0,46.17499923706055,46.30500030517578,113459200,29592.0,1.9170953278885294,1,-26.539470583207947,1.7866827862929313
2019-05-22,851,44.000728607177734,45.69499969482422,46.4275016784668,45.63750076293945,46.165000915527344,118994400,29616.0,-2.0471635580224024,0,4.878581904332124,1.7310345709572128
2019-05-23,852,43.24964904785156,44.915000915527344,45.1349983215332,44.45249938964844,44.95000076293945,146118800,29640.0,-1.706967468007714,0,22.794686136490448,1.535344336664448
2019-05-24,853,43.083534240722656,44.74250030517578,45.53499984741211,44.654998779296875,45.04999923706055,94858800,29664.0,-0.3840601287663059,0,-35.08104364393903,1.9706664251958816
2019-05-28,854,42.905391693115234,44.557498931884766,45.147499084472656,44.477500915527344,44.72999954223633,111792800,29760.0,-0.41348018557115784,0,17.851796564999777,1.5063754823315902
2019-05-29,855,42.70077133178711,44.345001220703125,44.837501525878906,44.0,44.10499954223633,113924800,29784.0,-0.4769067301252372,0,1.9070995627625376,1.903412558815696
2019-05-30,856,42.9222526550293,44.57500076293945,44.807498931884766,44.16749954223633,44.48749923706055,84873600,29808.0,0.5186594563198366,1,-25.5003300422735,1.4490278967149166
2019-05-31,857,42.14468765258789,43.76750183105469,44.497501373291016,43.747501373291016,44.057498931884766,108174400,29832.0,-1.8115511341867174,0,27.45353089771143,1.71438362525064
2019-06-03,858,41.718597412109375,43.32500076293945,44.47999954223633,42.567501068115234,43.900001525878906,161584400,29904.0,-1.0110265598966883,0,49.37397387921727,4.492860577041559
2019-06-04,859,43.24483108520508,44.90999984741211,44.95750045776367,43.630001068115234,43.86000061035156,123872000,29928.0,3.6583936677699436,1,-23.33913422335324,3.0426297436388854
2019-06-05,860,43.94294738769531,45.6349983215332,46.247501373291016,45.28499984741211,46.06999969482422,119093600,29952.0,1.6143363985401393,1,-3.8575303539137185,2.1254312225285568
2019-06-06,861,44.58810806274414,46.30500030517578,46.36750030517578,45.537498474121094,45.77000045776367,90105200,29976.0,1.4681757604589007,1,-24.3408545883238,1.8226777026989671
2019-06-07,862,45.7749137878418,47.537498474121094,47.97999954223633,46.442501068115234,46.627498626708984,122737600,30000.0,2.6616956285983484,1,36.21588987095083,3.310541936288294
2019-06-10,863,46.3598747253418,48.14500045776367,48.842498779296875,47.904998779296875,47.95249938964844,104883600,30072.0,1.2779426834445218,1,-14.54647964437955,1.9569982755226785
2019-06-11,864,46.896705627441406,48.70249938964844,49.0,48.400001525878906,48.71500015258789,107731600,30096.0,1.1579580986271765,1,2.715391157435487,1.2396662297629921
2019-06-12,865,46.7474479675293,48.54750061035156,48.99250030517578,48.34749984741211,48.48749923706055,73012800,30120.0,-0.31825631382240704,0,-32.22712741665398,1.3340926827640225
2019-06-13,866,46.73782730102539,48.537498474121094,49.1974983215332,48.400001525878906,48.67499923706055,86698400,30144.0,-0.02060278305725527,0,18.744110621699207,1.6477206002315614
2019-06-14,867,46.39839172363281,48.185001373291016,48.397499084472656,47.57500076293945,47.88750076293945,75046000,30168.0,-0.7262366457101654,0,-13.4401557583531,1.7288456297281298
2019-06-17,868,46.67524337768555,48.47249984741211,48.7400016784668,48.04249954223633,48.224998474121094,58676400,30240.0,0.5966555275029206,1,-21.81275484369587,1.451843977470954
2019-06-18,869,47.772972106933594,49.61249923706055,50.0724983215332,48.8025016784668,49.01250076293945,106204000,30264.0,2.3518477347714173,1,80.99951598939268,2.6023187324160655
2019-06-19,870,47.63334655761719,49.467498779296875,49.970001220703125,49.32749938964844,49.91999816894531,84496800,30288.0,-0.2922659813423767,0,-20.439154834092875,1.3025226070744607
2019-06-20,871,48.01610565185547,49.8650016784668,50.15250015258789,49.50749969482422,50.092498779296875,86056000,30312.0,0.8035637721312883,1,1.8452769809034208,1.302833836771409
2019-06-21,872,47.85240936279297,49.69499969482422,50.212501525878906,49.537498474121094,49.70000076293945,191202400,30336.0,-0.3409244518605692,0,122.18369433857022,1.362610290284321
2019-06-24,873,47.804256439208984,49.64500045776367,50.040000915527344,49.54249954223633,49.6349983215332,72881600,30408.0,-0.10061220921137037,0,-61.88248683070924,1.0041911043807594
2019-06-25,874,47.07966613769531,48.89250183105469,49.814998626708984,48.8224983215332,49.60749816894531,84281200,30432.0,-1.5157591293592287,0,15.641259247876004,2.032874882066488
2019-06-26,875,48.097957611083984,49.95000076293945,50.247501373291016,49.337501525878906,49.442501068115234,104270000,30456.0,2.1629061559150564,1,23.7167956792262,1.844438447972054
2019-06-27,876,48.08351135253906,49.935001373291016,50.39250183105469,49.89250183105469,50.0724983215332,83598800,30480.0,-0.030028807646320654,0,-19.824685911575713,1.002154595680716
2019-06-28,877,47.64537811279297,49.47999954223633,49.875,49.26250076293945,49.66999816894531,124442400,30504.0,-0.9111881817190803,0,48.85668215333234,1.2433376860180323
2019-07-01,878,48.51923370361328,50.38750076293945,51.122501373291016,50.162498474121094,50.79249954223633,109012000,30576.0,1.8340768575158872,1,-12.399632279673167,1.9137860520747163
2019-07-02,879,48.80329132080078,50.682498931884766,50.782501220703125,50.34000015258789,50.352500915527344,67740800,30600.0,0.5854590215403022,1,-37.85931824019374,0.8790247651449127
2019-07-03,880,49.207725524902344,51.102500915527344,51.11000061035156,50.67250061035156,50.81999969482422,45448000,30624.0,0.8286923346203734,1,-32.908970664651136,0.8633874285466503
2019-07-05,881,49.16438674926758,51.057498931884766,51.27000045776367,50.724998474121094,50.837501525878906,69062000,30672.0,-0.08806219428862949,0,51.95828199260693,1.0744248398955154
2019-07-08,882,48.15092086791992,50.005001068115234,50.349998474121094,49.602500915527344,50.20249938964844,101354400,30744.0,-2.061397220364547,0,46.75856476788973,1.5069755451781197
2019-07-09,883,48.444602966308594,50.310001373291016,50.377498626708984,49.70249938964844,49.79999923706055,82312000,30768.0,0.609939603361509,1,-18.787936192212673,1.3580790611128286
2019-07-10,884,48.92366027832031,50.807498931884766,50.932498931884766,50.38999938964844,50.462501525878906,71588400,30792.0,0.9888641324066194,1,-13.027991058411892,1.0766016050950244
2019-07-11,885,48.56737518310547,50.4375,51.09749984741211,50.4275016784668,50.82749938964844,80767200,30816.0,-0.7282368541321138,0,12.821630319995968,1.3286364516277642
2019-07-12,886,48.94049835205078,50.82500076293945,51.0,50.54999923706055,50.61249923706055,70380800,30840.0,0.7682790838948295,1,-12.859675709941666,0.8902092378461139
2019-07-15,887,49.40030670166016,51.3025016784668,51.467498779296875,51.0,51.022499084472656,67789600,30912.0,0.9395000656360564,1,-3.6816859143402714,0.9166642731311274
2019-07-16,888,49.229393005371094,51.125,51.52750015258789,50.875,51.147499084472656,67467200,30936.0,-0.34599029805461035,0,-0.47558917592078753,1.2825555824823403
2019-07-17,889,48.95254898071289,50.837501525878906,51.272499084472656,50.817501068115234,51.01250076293945,56430000,30960.0,-0.562344203659837,0,-16.359356843028905,0.8953569278181299
2019-07-18,890,49.50863265991211,51.415000915527344,51.470001220703125,50.92499923706055,51.0,74162400,30984.0,1.1359712265844868,1,31.423710792131843,1.0702051876437815
2019-07-19,891,48.769588470458984,50.647499084472656,51.625,50.59000015258789,51.4474983215332,83717200,31008.0,-1.492758567320962,0,12.883617574404283,2.0458585576010617
2019-07-22,892,49.88417434692383,51.80500030517578,51.807498931884766,50.90250015258789,50.912498474121094,89111600,31080.0,2.2854064694736165,1,6.4435982092091,1.7779063436648597
2019-07-23,893,50.2741584777832,52.209999084472656,52.227500915527344,51.8224983215332,52.1150016784668,73420800,31104.0,0.781775459726064,1,-17.608033073135253,0.7815188520655605
2019-07-24,894,50.23323440551758,52.16749954223633,52.287498474121094,51.79249954223633,51.91749954223633,59966400,31128.0,-0.08140115491587219,0,-18.32505230125523,0.9557347806338219
2019-07-25,895,49.83602523803711,51.755001068115234,52.310001373291016,51.682498931884766,52.22249984741211,55638400,31152.0,-0.7907192749139202,0,-7.217375063368825,1.2141488015764685
2019-07-26,896,50.00934982299805,51.935001373291016,52.432498931884766,51.78499984741211,51.869998931884766,70475600,31176.0,0.34779306629495466,1,26.667193880485417,1.2503603097046532
2019-07-29,897,50.47637176513672,52.41999816894531,52.65999984741211,52.11000061035156,52.1150016784668,86693600,31248.0,0.9338534376235108,1,23.012219832112102,1.0554581282259483
2019-07-30,898,50.25971603393555,52.19499969482422,52.540000915527344,51.82749938964844,52.189998626708984,135742800,31272.0,-0.42922259057687207,0,56.57764817702806,1.3747557460223807
2019-07-31,899,51.28522491455078,53.2599983215332,55.342498779296875,52.82500076293945,54.10499954223633,277125600,31296.0,2.0404227089488636,1,104.15491650385876,4.765732096540978
2019-08-01,900,50.17545318603515,52.10749816894531,54.50749969482422,51.685001373291016,53.474998474121094,216071600,31320.0,-2.163913234901349,0,-22.03116565196431,5.460962071274648
2019-08-02,901,49.11383819580078,51.005001068115234,51.60749816894531,50.407501220703125,51.38249969482422,163448400,31344.0,-2.1158127708521213,0,-24.354519520381203,2.380592013454796
2019-08-05,902,46.54283905029297,48.334999084472656,49.662498474121094,48.14500045776367,49.497501373291016,209572000,31416.0,-5.234784683323291,0,28.21905873657986,3.151932707298824
2019-08-06,903,47.42391586303711,49.25,49.51750183105469,48.5099983215332,49.07749938964844,143299200,31440.0,1.8930401010833542,1,-31.62292672685283,2.0768986691023272
2019-08-07,904,47.91498947143555,49.7599983215332,49.88999938964844,48.45500183105469,48.852500915527344,133457600,31464.0,1.0355295868694547,1,-6.8678680690471445,2.9615055295985226
2019-08-08,905,48.9718132019043,50.85749816894531,50.88249969482422,49.84749984741211,50.04999923706055,108038000,31488.0,2.205586584469743,1,-19.046948244236372,2.076332515332447
2019-08-09,906,48.56825637817383,50.247501373291016,50.689998626708984,49.8224983215332,50.32500076293945,98478800,31512.0,-1.1994235218333538,0,-8.847997926655438,1.7411818644205743
2019-08-12,907,48.44501495361328,50.119998931884766,50.51250076293945,49.787498474121094,49.904998779296875,89927600,31584.0,-0.2537488191881043,0,-8.683290210684936,1.456193444214126
2019-08-13,908,50.496585845947266,52.24250030517578,53.03499984741211,50.119998931884766,50.255001068115234,188874000,31608.0,4.234839222912967,1,110.02895662733133,5.816043451016341
2019-08-14,909,48.9935417175293,50.6875,51.61000061035156,50.647499084472656,50.790000915527344,146189600,31632.0,-2.976504371138844,0,-22.599404894268137,1.9003929972407796
2019-08-15,910,48.7495002746582,50.435001373291016,51.28499984741211,49.91749954223633,50.8650016784668,108909600,31656.0,-0.4981477222372077,0,-25.501130039346165,2.739520844826589
2019-08-16,911,49.89973068237305,51.625,51.790000915527344,50.959999084472656,51.06999969482422,110481600,31680.0,2.3594698013415183,1,1.4433989290200344,1.6287320368253033
2019-08-19,912,50.830055236816406,52.587501525878906,53.182498931884766,52.50749969482422,52.654998779296875,97654400,31752.0,1.864409735358663,1,-11.610259083865548,1.2855291929413335
2019-08-20,913,50.83246994018555,52.59000015258789,53.337501525878906,52.58000183105469,52.720001220703125,107537200,31776.0,0.00475136988160596,1,10.120178916669387,1.440661218039034
2019-08-21,914,51.38341522216797,53.15999984741211,53.412498474121094,52.900001525878906,53.247501373291016,86141600,31800.0,1.0838556629975127,1,-19.89599877995708,0.9688032768609124
2019-08-22,915,51.33992767333984,53.1150016784668,53.61000061035156,52.6875,53.29750061035156,89014800,31824.0,-0.08464666868787107,0,3.3354383944574906,1.750890838152432
2019-08-23,916,48.96697616577149,50.65999984741211,53.01250076293945,50.25,52.35749816894531,187272000,31848.0,-4.622049804151585,0,110.38299249113632,5.497513956098414
2019-08-26,917,49.89731216430664,51.622501373291016,51.79750061035156,51.26499938964844,51.46500015258789,104174400,31920.0,1.8999240599643974,1,-44.37267717544534,1.0387227680542
2019-08-27,918,49.33427810668945,51.040000915527344,52.13750076293945,50.88249969482422,51.96500015258789,103493200,31944.0,-1.12838479784525,0,-0.6539034542075606,2.466468973895348
2019-08-28,919,49.66532516479492,51.38249969482422,51.43000030517578,50.83000183105469,51.025001525878906,63755200,31968.0,0.6710399160527514,1,-38.3967255819706,1.1804022280292807
2019-08-29,920,50.506248474121094,52.252498626708984,52.33000183105469,51.665000915527344,52.125,83962000,31992.0,1.693181408168054,1,31.69435591136096,1.2871400440205647
2019-08-30,921,50.44100570678711,52.185001373291016,52.61249923706055,51.79999923706055,52.540000915527344,84573600,32016.0,-0.1291751690195131,0,0.7284247635835239,1.5685328416350501
2019-09-03,922,49.7064094543457,51.42499923706055,51.744998931884766,51.05500030517578,51.60749816894531,80092000,32112.0,-1.4563612460101405,0,-5.299053132419573,1.3514809961504097
2019-09-04,923,50.54975128173828,52.29750061035156,52.369998931884766,51.83000183105469,52.09749984741211,76752400,32136.0,1.6966482960338647,1,-4.169704839434651,1.0418620138009163
2019-09-05,924,51.538082122802734,53.31999969482422,53.49250030517578,52.877498626708984,53.0,95654800,32160.0,1.9551586070831517,1,24.627764082947245,1.163068780557167
2019-09-06,925,51.53325271606445,53.314998626708984,53.60499954223633,53.127498626708984,53.51250076293945,77449200,32184.0,-0.009379347606630617,0,-19.032604741215287,0.898782980321396
2019-09-09,926,51.753143310546875,53.54249954223633,54.11000061035156,52.76750183105469,53.709999084472656,109237600,32256.0,0.4267109094763688,1,41.04419412982963,2.544177254392568
2019-09-10,927,52.36449432373047,54.17499923706055,54.19499969482422,52.9275016784668,53.46500015258789,127111600,32280.0,1.1813040112654383,1,16.362497894497864,2.3947814957475977
2019-09-11,928,54.029441833496094,55.897499084472656,55.9275016784668,54.432498931884766,54.51750183105469,177158400,32304.0,3.1795106076047075,1,39.37233108543987,2.7465260201498998
2019-09-12,929,53.90861129760742,55.772499084472656,56.60499954223633,55.71500015258789,56.20000076293945,128906800,32328.0,-0.22362360042459395,0,-27.236416675698127,1.597414317887421
2019-09-13,930,52.85988235473633,54.6875,55.1974983215332,54.255001068115234,55.0,159053200,32352.0,-1.9454015908975553,0,23.386198400705016,1.7371619848181308
2019-09-16,931,53.13776779174805,54.974998474121094,55.032501220703125,54.38999938964844,54.432498931884766,84632400,32424.0,0.5257114955357078,1,-46.78987910963124,1.1812867039247827
2019-09-17,932,53.33107376098633,55.17499923706055,55.20500183105469,54.779998779296875,54.9900016784668,73274800,32448.0,0.36380312594934683,1,-13.419919557994342,0.7758361833305386
2019-09-18,933,53.83129119873047,55.692501068115234,55.712501525878906,54.86000061035156,55.26499938964844,101360000,32472.0,0.9379281163760966,1,38.3285931861977,1.5539571747042322
2019-09-19,934,53.39391326904297,55.2400016784668,55.939998626708984,55.092498779296875,55.502498626708984,88242400,32496.0,-0.8124960829017258,0,-12.94159431728492,1.5383216702644644
2019-09-20,935,52.61339569091797,54.432498931884766,55.63999938964844,54.36750030517578,55.345001220703125,221652400,32520.0,-1.461807968946538,0,151.18582450160014,2.3405510228166855
2019-09-23,936,52.85262680053711,54.68000030517578,54.959999084472656,54.412498474121094,54.73749923706055,76662000,32592.0,0.45469412234910855,1,-65.41341307380385,1.0062037688123382
2019-09-24,937,52.601314544677734,54.41999816894531,55.622501373291016,54.29750061035156,55.25749969482422,124763200,32616.0,-0.47549768613636134,0,62.74451488351465,2.4402610581431587
2019-09-25,938,53.41082382202149,55.25749969482422,55.375,54.28499984741211,54.63750076293945,87613600,32640.0,1.5389591217531917,1,-29.77608782076766,2.007921443587981
2019-09-26,939,53.13534927368164,54.97249984741211,55.23500061035156,54.70750045776367,55.0,75334000,32664.0,-0.5157668171489882,0,-14.01563227626761,0.9642190708294951
2019-09-27,940,52.87679290771485,54.70500183105469,55.2400016784668,54.31999969482422,55.1349983215332,101408000,32688.0,-0.4866033327571406,0,34.61119813098998,1.693670818871965
2019-09-30,941,54.12125396728515,55.99250030517578,56.14500045776367,55.1974983215332,55.224998474121094,103909600,32760.0,2.353529715796876,1,2.466866519406752,1.7165671725032452
2019-10-01,942,54.27108001708984,56.147499084472656,57.05500030517578,56.04999923706055,56.26750183105469,139223200,32784.0,0.2768206071386059,1,33.98492535819597,1.7930438569046803
2019-10-02,943,52.91062545776367,54.7400016784668,55.89500045776367,54.48249816894531,55.76499938964844,138449200,32808.0,-2.5067855718530097,0,-0.5559418257876536,2.5925798858163907
2019-10-03,944,53.360084533691406,55.20500183105469,55.2400016784668,53.782501220703125,54.60749816894531,114426000,32832.0,0.8494704755751092,1,-17.351635112373344,2.709990098420003
2019-10-04,945,54.855865478515625,56.752498626708984,56.872501373291016,55.97249984741211,56.40999984741211,138478800,32856.0,2.8031822195933254,1,21.02039746211526,1.6079351973423033
2019-10-07,946,54.867950439453125,56.76499938964844,57.48249816894531,56.459999084472656,56.567501068115234,122306000,32928.0,0.02202680629390663,1,-11.678899586073822,1.8110150567711554
2019-10-08,947,54.22516632080078,56.099998474121094,57.01499938964844,56.08250045776367,56.45500183105469,111820000,32952.0,-1.1714981461773966,0,-8.573577747616634,1.66272709717542
2019-10-09,948,54.86070251464844,56.75749969482422,56.9474983215332,56.40999984741211,56.75749969482422,74770400,32976.0,1.1720164680689482,1,-33.13324986585584,0.9528425378036094
2019-10-10,949,55.60012435913086,57.522499084472656,57.61000061035156,56.82500076293945,56.98249816894531,113013600,33000.0,1.3478384244579367,1,51.14751291955104,1.3814339408228857
2019-10-11,950,57.07900619506836,59.0525016784668,59.40999984741211,58.07749938964844,58.23749923706055,166795600,33024.0,2.6598333145215314,1,47.58896274430688,2.2943488816964677
2019-10-14,951,56.99684143066406,58.967498779296875,59.532501220703125,58.66749954223633,58.724998474121094,96427600,33096.0,-0.1439446200480199,0,-42.18816323691992,1.4744137473322154
2019-10-15,952,56.86394119262695,58.83000183105469,59.412498474121094,58.720001220703125,59.09749984741211,87360000,33120.0,-0.2331741231840434,0,-9.403531768912632,1.1793209111409428
2019-10-16,953,56.634376525878906,58.592498779296875,58.810001373291016,58.29999923706055,58.342498779296875,73903200,33144.0,-0.40371076723720867,0,-15.403846153846157,0.8747892674178066
2019-10-17,954,56.85426330566406,58.81999969482422,59.037498474121094,58.380001068115234,58.772499084472656,67585200,33168.0,0.3882765204882066,1,-8.54902088136914,1.1262373997539332
2019-10-18,955,57.1273307800293,59.102500915527344,59.39500045776367,58.5724983215332,58.647499084472656,97433600,33192.0,0.48028089454068557,1,44.164106934654335,1.4042462927146298
2019-10-21,956,58.11807632446289,60.127498626708984,60.247501373291016,59.33000183105469,59.380001068115234,87247200,33264.0,1.7342713003746235,1,-10.454709668943774,1.5464343737068416
2019-10-22,957,57.985164642333984,59.9900016784668,60.54999923706055,59.904998779296875,60.290000915527344,82293600,33288.0,-0.2286756498816156,0,-5.677660715759359,1.0767055686621323
2019-10-23,958,58.76326751708984,60.79499816894531,60.810001373291016,60.30500030517578,60.525001525878906,75828800,33312.0,1.3418844273302755,1,-7.85577493268006,0.8374116002979138
2019-10-24,959,58.859920501708984,60.89500045776367,61.20000076293945,60.45249938964844,61.127498626708984,69275200,33336.0,0.16449098088704428,1,-8.642626548224419,1.23651028632079
2019-10-25,960,59.58486557006836,61.64500045776367,61.682498931884766,60.720001220703125,60.790000915527344,73477200,33360.0,1.2316282032384551,1,6.065662747996403,1.5851411262051602
2019-10-28,961,60.18172073364258,62.26250076293945,62.3125,61.68000030517578,61.85499954223633,96572800,33432.0,1.001703788774999,1,31.43233547277251,1.0254534560550959
2019-10-29,962,58.789852142333984,60.8224983215332,62.4375,60.64250183105469,62.24250030517578,142839600,33456.0,-2.3127924894776886,0,47.90872792339043,2.9599672090476052
2019-10-30,963,58.7825927734375,60.814998626708984,61.32500076293945,60.3025016784668,61.189998626708984,124522000,33480.0,-0.012330461640319701,0,-12.823894774278276,1.6956163608677892
2019-10-31,964,60.11164855957031,62.189998626708984,62.29249954223633,59.314998626708984,61.810001373291016,139162000,33504.0,2.2609554074644267,1,11.75695860972359,5.019811151418628
2019-11-01,965,61.81766128540039,63.95500183105469,63.98249816894531,62.290000915527344,62.3849983215332,151125200,33528.0,2.8380820764123404,1,8.596599646455205,2.717125106023351
2019-11-04,966,62.223628997802734,64.375,64.4625015258789,63.845001220703125,64.3324966430664,103272000,33600.0,0.6567088686117106,1,-31.66460656462324,0.967186613469033
2019-11-05,967,62.134220123291016,64.28250122070312,64.54750061035156,64.08000183105469,64.26249694824219,79897600,33624.0,-0.14368742415048485,0,-22.633821364939188,0.7295548781809086
2019-11-06,968,62.160797119140625,64.30999755859375,64.37249755859375,63.842498779296875,64.19249725341797,75864400,33648.0,0.04277421906191403,1,-5.047961390579947,0.830166095360831
2019-11-07,969,62.87820816040039,64.85749816894531,65.0875015258789,64.52749633789062,64.68499755859375,94940400,33672.0,0.8513460288234853,1,25.144863730550824,0.8678551311767624
2019-11-08,970,63.05030059814453,65.03500366210938,65.11000061035156,64.2125015258789,64.67250061035156,69986400,33696.0,0.27368538438174994,1,-26.28385808359771,1.3977014804678594
2019-11-11,971,63.54959487915039,65.55000305175781,65.61750030517578,64.56999969482422,64.57499694824219,81821200,33768.0,0.7918803115997797,1,16.910142541979578,1.6222713571354217
2019-11-12,972,63.49141311645508,65.48999786376953,65.69750213623047,65.2300033569336,65.38749694824219,87388800,33792.0,-0.09154109106738195,0,6.804593430553441,0.7166928640778346
2019-11-13,973,64.0997543334961,66.11750030517578,66.19499969482422,65.26750183105469,65.28250122070312,102734400,33816.0,0.9581653105434018,1,17.56014500714049,1.42107149461667
2019-11-14,974,63.65622329711914,65.66000366210938,66.22000122070312,65.5250015258789,65.9375,89182800,33840.0,-0.6919448571932718,0,-13.190907816661213,1.0606633783132848
2019-11-15,975,64.41242218017578,66.44000244140625,66.44499969482422,65.75250244140625,65.91999816894531,100206400,33864.0,1.187935936328599,1,12.360679413519193,1.05318767758698
2019-11-18,976,64.73719024658203,66.7750015258789,66.85749816894531,66.05750274658203,66.44999694824219,86703200,33936.0,0.5042129322136768,1,-13.47538680164141,1.2110591365106893
2019-11-19,977,64.54087829589844,66.57250213623047,67.0,66.34750366210938,66.9749984741211,76167200,33960.0,-0.3032562860668109,0,-12.151800625582442,0.9834527327714085
2019-11-20,978,63.78951644897461,65.79750061035156,66.5199966430664,65.0999984741211,66.38500213623047,106234400,33984.0,-1.1641466085997254,0,39.47525969183585,2.181256839060907
2019-11-21,979,63.503536224365234,65.50250244140625,66.00250244140625,65.29499816894531,65.92250061035156,121395200,34008.0,-0.44834251485063037,0,14.271083566151832,1.0835504897792165
2019-11-22,980,63.44778823852539,65.44499969482422,65.79499816894531,65.20999908447266,65.64749908447266,65325200,34032.0,-0.08778709887223846,0,-46.18798766343315,0.8971002801500607
2019-11-25,981,64.56026458740234,66.59249877929688,66.61000061035156,65.62999725341797,65.67749786376953,84020400,34104.0,1.75337931060211,1,28.618664772553327,1.4932247416520434
2019-11-26,982,64.05615234375,66.07250213623047,66.79000091552734,65.625,66.73500061035156,105207600,34128.0,-0.7808636897524979,0,25.216733079109368,1.7752394903273812
2019-11-27,983,64.91654205322266,66.95999908447266,66.99500274658203,66.32749938964844,66.3949966430664,65235600,34152.0,1.3432167990434563,1,-37.99345294446409,1.0063749773110988
2019-11-29,984,64.7735595703125,66.8125,67.0,66.4749984741211,66.6500015258789,46617600,34200.0,-0.2202794003724251,0,-28.539631734819636,0.7897729039938088
2019-12-02,985,64.02462768554688,66.04000091552734,67.0625,65.86250305175781,66.81749725341797,94487200,34272.0,-1.156219396778535,0,102.68568094453596,1.821972886908313
2019-12-03,986,62.883060455322266,64.86250305175781,64.88249969482422,64.07250213623047,64.57749938964844,114430400,34296.0,-1.7830070373192175,0,21.106774250903836,1.2641890539432024
2019-12-04,987,63.43806838989258,65.43499755859375,65.82749938964844,65.16999816894531,65.26750183105469,67181600,34320.0,0.8826278356527606,1,-41.29042632027853,1.0089017019743238
2019-12-05,988,64.36876678466797,66.3949966430664,66.47250366210938,65.68250274658203,65.94750213623047,74424400,34344.0,1.4671034160473884,1,10.780928111268562,1.2027570243103345
2019-12-06,989,65.6121597290039,67.67749786376953,67.75,66.82499694824219,66.87000274658203,106075600,34368.0,1.931623293239615,1,42.52798813292416,1.384217125328495
2019-12-09,990,64.69356536865234,66.7300033569336,67.69999694824219,66.22750091552734,67.5,128042400,34440.0,-1.4000140914535386,0,20.708626677577115,2.2233906041434373
2019-12-10,991,65.0716781616211,67.12000274658203,67.51750183105469,66.46499633789062,67.1500015258789,90420400,34464.0,0.5844438334018376,1,-29.382454561926362,1.5835485611304336
2019-12-11,992,65.6266860961914,67.69249725341797,67.7750015258789,67.125,67.20249938964844,78756800,34488.0,0.852941721408218,1,-12.89930148506311,0.9683449175104749
2019-12-12,993,65.7939224243164,67.86499786376953,68.13999938964844,66.83000183105469,66.94499969482422,137310400,34512.0,0.2548297335017491,1,74.34735794242529,1.9601938092197058
2019-12-13,994,66.68827056884766,68.7874984741211,68.82499694824219,67.73249816894531,67.86499786376953,133587600,34536.0,1.3593172318421942,1,-2.7112294480243326,1.6129609992707679
2019-12-16,995,67.82984924316406,69.96499633789062,70.19750213623047,69.24500274658203,69.25,128186000,34608.0,1.7117904995666011,1,-4.043489066350469,1.375549645270905
2019-12-17,996,67.96314239501953,70.10250091552734,70.44249725341797,69.69999694824219,69.89250183105469,114158400,34632.0,0.1965333878853448,1,-10.943160719579359,1.0652802549290596
2019-12-18,997,67.80075073242188,69.93499755859375,70.4749984741211,69.77999877929688,69.94999694824219,116028400,34656.0,-0.23894062942980687,0,1.6380748153443037,0.995986969020153
2019-12-19,998,67.86861419677734,70.00499725341797,70.29499816894531,69.73750305175781,69.875,98369200,34680.0,0.10009251057108148,1,-15.219722068045405,0.7994193838195468
2019-12-20,999,67.7280502319336,69.86000061035156,70.6624984741211,69.63999938964844,70.55750274658203,275978000,34704.0,-0.20712327513066064,0,180.55326260658825,1.4682640629440393
2019-12-23,1000,68.83325958251953,71.0,71.0625,70.09249877929688,70.13249969482422,98572000,34776.0,1.631834210833838,1,-64.2826602120459,1.383887345431082
2019-12-24,1001,68.89868927001953,71.06749725341797,71.22250366210938,70.7300033569336,71.17250061035156,48478800,34800.0,0.0950665541098239,1,-50.818893803514186,0.6963103093469625
2019-12-26,1002,70.26566314697266,72.47750091552734,72.49500274658203,71.17500305175781,71.20500183105469,93121200,34848.0,1.984034497629028,1,92.08643778311345,1.8545832641051339
2019-12-27,1003,70.23900604248047,72.44999694824219,73.49250030517578,72.02999877929688,72.77999877929688,146266000,34872.0,-0.037948283174404907,0,57.0705703964296,2.030406151137217
2019-12-30,1004,70.65587615966797,72.87999725341797,73.17250061035156,71.30500030517578,72.36499786376953,144114400,34944.0,0.5935132136485333,1,-1.471018555234982,2.6190313402750602
2019-12-31,1005,71.17214965820312,73.4124984741211,73.41999816894531,72.37999725341797,72.48249816894531,100805600,34968.0,0.7306548309154115,1,-30.051681164408272,1.4368623307432251
2020-01-02,1006,72.7960205078125,75.0875015258789,75.1500015258789,73.79750061035156,74.05999755859375,135480400,35016.0,2.2816319926071804,1,34.397692191703634,1.8327191359345696
2020-01-03,1007,72.08828735351562,74.35749816894531,75.1449966430664,74.125,74.2874984741211,146322800,35040.0,-0.972203551987938,0,8.002928836938782,1.3760494341536678
2020-01-06,1008,72.6626968383789,74.94999694824219,74.98999786376953,73.1875,73.44750213623047,118387200,35112.0,0.7968245219206693,1,-19.091761502650307,2.4628493441769854
2020-01-07,1009,72.32096099853516,74.59750366210938,75.2249984741211,74.37000274658203,74.95999908447266,108872000,35136.0,-0.47030460371630944,0,-8.037355389771871,1.1496513324767321
2020-01-08,1010,73.48435974121094,75.79750061035156,76.11000061035156,74.29000091552734,74.29000091552734,132079200,35160.0,1.6086288271489613,1,21.31604085531633,2.44985822101911
2020-01-09,1011,75.04521179199219,77.40750122070312,77.60749816894531,76.55000305175781,76.80999755859375,170108400,35184.0,2.1240813976545425,1,28.792724365380764,1.3814435989930596
2020-01-10,1012,75.21488189697266,77.5824966430664,78.1675033569336,77.0625,77.6500015258789,140644800,35208.0,0.22607036734636488,1,-17.320485055411726,1.4339054104572182
2020-01-13,1013,76.82179260253906,79.23999786376953,79.26750183105469,77.7874984741211,77.91000366210938,121532000,35280.0,2.136437073337283,1,-13.58941105536785,1.9026236682825992
2020-01-14,1014,75.78445434570312,78.16999816894531,79.39250183105469,78.0425033569336,79.17500305175781,161954400,35304.0,-1.3503277683875936,0,33.26070499950631,1.729824667395366
2020-01-15,1015,75.45966339111328,77.83499908447266,78.875,77.38749694824219,77.9625015258789,121923600,35328.0,-0.42855199222167073,0,-24.71732784042916,1.9221490685409748
2020-01-16,1016,76.40491485595703,78.80999755859375,78.92500305175781,78.02249908447266,78.39749908447266,108829200,35352.0,1.2526478905240834,1,-10.739840359044518,1.1567227118783285
2020-01-17,1017,77.25078582763672,79.68250274658203,79.68499755859375,78.75,79.06749725341797,137816400,35376.0,1.1070996257037002,1,26.635498561047942,1.1872984871031746
2020-01-21,1018,76.7272720336914,79.14250183105469,79.75499725341797,79.0,79.29750061035156,110843200,35472.0,-0.6776907061324833,0,-19.57183615302678,0.95569272584553
2020-01-22,1019,77.00115966796875,79.42500305175781,79.99749755859375,79.32749938964844,79.6449966430664,101832400,35496.0,0.3569526034268966,1,-8.129321419807445,0.8445976163377482
2020-01-23,1020,77.37198638916016,79.80750274658203,79.88999938964844,78.9124984741211,79.4800033569336,104472000,35520.0,0.48158599953085357,1,2.59210231714071,1.2387149493789118
2020-01-24,1021,77.14898681640625,79.57749938964844,80.8324966430664,79.37999725341797,80.0625,146537600,35544.0,-0.2881976618964499,0,40.264951374530966,1.829805290886295
2020-01-27,1022,74.88040924072266,77.23750305175781,77.94249725341797,76.22000122070312,77.51499938964844,161940000,35616.0,-2.9405250929448234,0,10.510885943266434,2.2599002953662692
2020-01-28,1023,76.99872589111328,79.42250061035156,79.5999984741211,78.04750061035156,78.1500015258789,162234000,35640.0,2.828933448469395,1,0.1815487217488032,1.9891705072277752
2020-01-29,1024,78.61050415039062,81.08499908447266,81.9625015258789,80.34500122070312,81.11250305175781,216229200,35664.0,2.093233606780198,1,33.28229594289729,2.0131934539805414
2020-01-30,1025,78.49658203125,80.96749877929688,81.02249908447266,79.6875,80.13500213623047,126743200,35688.0,-0.14491004070108504,0,-41.38478984336991,1.67529296875
2020-01-31,1026,75.01615142822266,77.37750244140625,80.66999816894531,77.07250213623047,80.23249816894531,199588400,35712.0,-4.433873334381144,0,57.47464163757898,4.667677748876044
2020-02-03,1027,74.81010437011719,77.16500091552734,78.37249755859375,75.55500030517578,76.07499694824219,173788400,35784.0,-0.27462960056099384,0,-12.926602948868771,3.72906788701973
2020-02-04,1028,77.27986145019531,79.7125015258789,79.91000366210938,78.40750122070312,78.82749938964844,136616400,35808.0,3.301367951955725,1,-21.389229660897968,1.9162738488208846
2020-02-05,1029,77.91004943847656,80.36250305175781,81.19000244140625,79.73750305175781,80.87999725341797,118826800,35832.0,0.8154323518098083,1,-13.021569884728335,1.8216012968271862
2020-02-06,1030,78.82135009765625,81.30249786376953,81.30500030517578,80.06500244140625,80.64250183105469,105425600,35856.0,1.1696932976394514,1,-11.277927201607717,1.5487389320658491
2020-02-07,1031,77.74996185302734,80.00749969482422,80.8499984741211,79.5,80.59249877929688,117684000,35880.0,-1.5928147387491265,0,11.627536385849346,1.6981112882026337
2020-02-10,1032,78.11920928955078,80.38749694824219,80.38749694824219,78.4625015258789,78.54499816894531,109348800,35952.0,0.47495204183034545,1,-7.082696033445501,2.4533954244733955
2020-02-11,1033,77.64791870117188,79.90249633789062,80.9749984741211,79.67749786376953,80.9000015258789,94323200,35976.0,-0.6033284139495332,0,-13.740982982895101,1.62844045701585
2020-02-12,1034,79.49188232421875,81.80000305175781,81.80500030517578,80.36750030517578,80.36750030517578,113730400,36000.0,2.3747777614394394,1,20.575213733206677,1.7886583439094759
2020-02-13,1035,78.92583465576172,81.21749877929688,81.55500030517578,80.8375015258789,81.04750061035156,94747600,36024.0,-0.7121078859769314,0,-16.691051820797252,0.8875815874482199
2020-02-14,1036,78.94525909423828,81.23750305175781,81.49500274658203,80.7125015258789,81.18499755859375,80113600,36048.0,0.024630495597133262,1,-15.44524610649769,0.9694919695336554
2020-02-18,1037,77.49971771240234,79.75,79.9375,78.65249633789062,78.83999633789062,152531200,36144.0,-1.8310546187148335,0,90.39364102973776,1.6337735252407088
2020-02-19,1038,78.62214660644531,80.90499877929688,81.14250183105469,80.0,80.0,93984000,36168.0,1.4482743314067292,1,-38.383753618931735,1.4281272888183594
2020-02-20,1039,77.8155517578125,80.07499694824219,81.1624984741211,79.55249786376953,80.65750122070312,100566000,36192.0,-1.0258968463974338,0,7.003319713993861,2.0238215688822545
2020-02-21,1040,76.05418395996094,78.26249694824219,80.11250305175781,77.625,79.65499877929688,129554000,36216.0,-2.263503052234317,0,28.824851341407644,3.2045127880938002
2020-02-24,1041,72.44159698486328,74.54499816894531,76.04499816894531,72.30750274658203,74.31500244140625,222195200,36288.0,-4.750038555191249,0,71.50778825817805,5.1688901986591596
2020-02-25,1042,69.98784637451172,72.0199966430664,75.63249969482422,71.53250122070312,75.23750305175781,230673600,36312.0,-3.3872179058296537,0,3.8157439944697336,5.7316582031308325
2020-02-26,1043,71.09811401367188,73.1624984741211,74.47000122070312,71.625,71.63249969482422,198054800,36336.0,1.5863675150069367,1,-14.140673228319145,3.9720784931282718
2020-02-27,1044,66.45055389404297,68.37999725341797,71.5,68.23999786376953,70.2750015258789,320605600,36360.0,-6.536820530254007,0,61.877217820522404,4.777260020931642
2020-02-28,1045,66.41168212890625,68.33999633789062,69.60250091552734,64.09249877929688,64.31500244140625,426510000,36384.0,-0.05849797767482068,0,33.0326107840911,8.59695321788625
2020-03-02,1046,72.59465026855469,74.70249938964844,75.36000061035156,69.43000030517578,70.56999969482422,341397200,36456.0,9.310072274952951,1,-19.95563996154838,8.54097692511996
2020-03-03,1047,70.28910064697266,72.33000183105469,76.0,71.44999694824219,75.9175033569336,319475600,36480.0,-3.17592795151177,0,-6.421142294078564,6.368094116300381
2020-03-04,1048,73.54943084716797,75.68499755859375,75.8499984741211,73.28250122070312,74.11000061035156,219178400,36504.0,4.638456577639127,1,-31.39432244590823,3.5035611648754994
2020-03-05,1049,71.16368103027344,73.2300033569336,74.88749694824219,72.85250091552734,73.87999725341797,187572800,36528.0,-3.243699915243503,0,-14.420034090950573,2.7933097795426773
2020-03-06,1050,70.21863555908203,72.25749969482422,72.70500183105469,70.30750274658203,70.5,226176800,36552.0,-1.3280125870939186,0,20.58080915783098,3.4100188327186887
2020-03-09,1051,64.66490936279297,66.5425033569336,69.52249908447266,65.75,65.9375,286744800,36624.0,-7.909208541712087,0,26.779050724919617,5.737641193114306
2020-03-10,1052,69.3221664428711,71.33499908447266,71.61000061035156,67.34249877929688,69.28500366210938,285290000,36648.0,7.202157246522778,1,-0.5073500896964789,6.337011409452847
2020-03-11,1053,66.91455078125,68.85749816894531,70.30500030517578,67.96499633789062,69.34750366210938,255598800,36672.0,-3.4730510230939537,0,-10.407374951803428,3.442954599234781
2020-03-12,1054,60.30644607543945,62.057498931884766,67.5,62.0,63.98500061035156,418474000,36696.0,-9.875466605505201,0,63.72299087476154,8.870967741935484
2020-03-13,1055,67.53164672851562,69.49250030517578,69.9800033569336,63.23749923706055,66.22250366210938,370732000,36720.0,11.98082665473159,1,-11.408594082308577,10.662192846363507
2020-03-16,1056,58.84391403198242,60.5525016784668,64.7699966430664,60.0,60.48749923706055,322423600,36792.0,-12.864695596573805,0,-13.03054497588555,7.949994405110678
2020-03-17,1057,61.4312858581543,63.21500015258789,64.40249633789062,59.599998474121094,61.877498626708984,324056000,36816.0,4.397008216537346,1,0.5062904824584713,8.057882528058826
2020-03-18,1058,59.927452087402344,61.66749954223633,62.5,59.279998779296875,59.942501068115234,300233600,36840.0,-2.4479958975183402,0,-7.351321993729476,5.431851023970817
2020-03-19,1059,59.46828842163086,61.19499969482422,63.209999084472656,60.65250015258789,61.84749984741211,271857200,36864.0,-0.7662056203340817,0,-9.451440478347529,4.216642224888801
2020-03-20,1060,55.69289779663086,57.310001373291016,62.95750045776367,57.0,61.79499816894531,401693200,36888.0,-6.348555177559367,0,47.75889695031068,10.451755189059075
2020-03-23,1061,54.50975036621094,56.092498779296875,57.125,53.15250015258789,57.02000045776367,336752800,36960.0,-2.124415572883842,0,-16.166666500702533,7.4737779709478
2020-03-24,1062,59.97847366333008,61.720001220703125,61.92250061035156,58.57500076293945,59.09000015258789,287531200,36984.0,10.032540114763622,1,-14.616537709560252,5.714895098268749
2020-03-25,1063,59.64806365966797,61.380001068115234,64.5625,61.07500076293945,62.6875,303602000,37008.0,-0.55087515531973,0,5.589236924549401,5.710191065894795
2020-03-26,1064,62.78691482543945,64.61000061035156,64.66999816894531,61.59000015258789,61.630001068115234,252087200,37032.0,5.2622995862315225,1,-16.967872411907692,5.000808586989436
2020-03-27,1065,60.187400817871094,61.935001373291016,63.967498779296875,61.76250076293945,63.1875,204216800,37056.0,-4.140224751262378,0,-18.98961946501052,3.570124248726226
2020-03-30,1066,61.905033111572266,63.70249938964844,63.880001068115234,62.349998474121094,62.685001373291016,167976400,37128.0,2.8537950709074167,1,-17.746042441170363,2.4538935548317315
2020-03-31,1067,61.7786979675293,63.5724983215332,65.62249755859375,63.0,63.900001525878906,197002000,37152.0,-0.20407530216366432,0,17.27957022534119,4.162694537450397
2020-04-01,1068,58.52808380126953,60.227500915527344,62.18000030517578,59.782501220703125,61.625,176218400,37176.0,-5.26170513086922,0,-10.549943655394356,4.010369314628784
2020-04-02,1069,59.50472640991211,61.23249816894531,61.287498474121094,59.224998474121094,60.084999084472656,165934000,37200.0,1.6686683626928822,1,-5.836166938299292,3.482482149663926
2020-04-03,1070,58.649559020996094,60.352500915527344,61.42499923706055,59.74250030517578,60.70000076293945,129880000,37224.0,-1.4371408643005013,0,-21.72791591837718,2.8162512839105305
2020-04-06,1071,63.765995025634766,65.61750030517578,65.77749633789062,62.345001220703125,62.724998474121094,201820400,37296.0,8.723746836966395,1,55.38989836772406,5.505646082251834
2020-04-07,1072,63.02743911743164,64.85749816894531,67.92500305175781,64.75,67.69999694824219,202887200,37320.0,-1.1582308571582711,0,0.5285887848800241,4.903479616614382
2020-04-08,1073,64.64059448242188,66.51750183105469,66.84249877929688,65.30750274658203,65.68499755859375,168895200,37344.0,2.559462990362782,1,-16.75413727430809,2.350412997219037
2020-04-09,1074,65.10704803466797,66.99749755859375,67.51750183105469,66.17500305175781,67.17500305175781,161834800,37368.0,0.7216081697688947,1,-4.180343787153218,2.0287098109339854
2020-04-13,1075,66.38495635986328,68.3125,68.42500305175781,66.4574966430664,67.07749938964844,131022800,37464.0,1.962763520019828,1,-19.03916833709437,2.9605484829779227
2020-04-14,1076,69.73761749267578,71.76249694824219,72.0625,69.51249694824219,70.0,194994800,37488.0,5.0503157522300945,1,48.82508998433861,3.668409514416524
2020-04-15,1077,69.10108947753906,71.10749816894531,71.5824966430664,70.15750122070312,70.5999984741211,131154400,37512.0,-0.9127313111321755,0,-32.73953972105923,2.0311376510980588
2020-04-16,1078,69.65013885498047,71.67250061035156,72.05000305175781,70.5875015258789,71.84500122070312,157125200,37536.0,0.7945750532016405,1,19.801699371122883,2.0718986991524577
2020-04-17,1079,68.70508575439453,70.69999694824219,71.73750305175781,69.21499633789062,71.17250061035156,215250000,37560.0,-1.356871399529369,0,36.99266572134832,3.6444511266791504
2020-04-20,1080,67.27899932861328,69.23249816894531,70.41999816894531,69.2125015258789,69.48750305175781,130015200,37632.0,-2.075670215900005,0,-39.5980487804878,1.7446221657151304
2020-04-21,1081,65.19937896728516,67.09249877929688,69.3125,66.35749816894531,69.06999969482422,180991600,37656.0,-3.091033035419699,0,39.20803106098363,4.453154372293079
2020-04-22,1082,67.07733917236328,69.0250015258789,69.4749984741211,68.05000305175781,68.40249633789062,116862400,37680.0,2.8803558993071077,1,-35.4321416021517,2.0940416729731095
2020-04-23,1083,66.81739044189453,68.75749969482422,70.4375,68.71749877929688,68.96749877929688,124814400,37704.0,-0.38754339028068685,0,6.804583852462387,2.503003239724035
2020-04-24,1084,68.74640655517578,70.74250030517578,70.75250244140625,69.25,69.30000305175781,126161200,37728.0,2.8869586869241237,1,1.0790421618018353,2.1696786157490973
2020-04-27,1085,68.79496002197266,70.7925033569336,71.13500213623047,69.98750305175781,70.44999694824219,117087600,37800.0,0.07068318414262809,1,-7.192068559905895,1.6395771165375723
2020-04-28,1086,67.67986297607422,69.6449966430664,71.4574966430664,69.55000305175781,71.2699966430664,112004800,37824.0,-1.6209438280229915,0,-4.341023302211333,2.742621865723101
2020-04-29,1087,69.9028091430664,71.93250274658203,72.4175033569336,70.97250366210938,71.18250274658203,137280800,37848.0,3.28452324470514,1,22.566889990428972,2.0359993240532552
2020-04-30,1088,71.37747955322266,73.44999694824219,73.63249969482422,72.0875015258789,72.48999786376953,183064000,37872.0,2.1096085131450115,1,33.350038752687915,2.143226129692772
2020-05-01,1089,70.22834777832031,72.26750183105469,74.75,71.4625015258789,71.5625,240616800,37896.0,-1.609932152918625,0,31.438622558231,4.600312617003175
2020-05-04,1090,71.22200775146484,73.29000091552734,73.42250061035156,71.58000183105469,72.2925033569336,133568000,37968.0,1.4148809057535017,1,-44.48932909090304,2.5740412575646436
2020-05-05,1091,72.29096221923828,74.38999938964844,75.25,73.61499786376953,73.76499938964844,147751200,37992.0,1.5008847869833364,1,10.618711068519415,2.2210177051912323
2020-05-06,1092,73.03680419921875,75.15750122070312,75.80999755859375,74.71749877929688,75.11499786376953,142333600,38016.0,1.0317271640702286,1,-3.6667045682200916,1.4621725795772895
2020-05-07,1093,73.7923812866211,75.93499755859375,76.2925033569336,75.49250030517578,75.80500030517578,115215200,38040.0,1.034489339404021,1,-19.05270435090519,1.0597119561861486
2020-05-08,1094,75.54875946044922,77.53250122070312,77.5875015258789,76.07250213623047,76.41000366210938,133838400,38064.0,2.103777854047717,1,16.163839493400168,1.991520387925955
2020-05-11,1095,76.7375259399414,78.75250244140625,79.26249694824219,76.80999755859375,77.0250015258789,145946400,38136.0,1.5735352290909388,1,9.046730983036255,3.1929429339944617
2020-05-12,1096,75.86056518554688,77.85250091552734,79.92250061035156,77.72750091552734,79.4574966430664,162301200,38160.0,-1.1428227649636025,0,11.206031803456607,2.823967925084456
2020-05-13,1097,74.94463348388672,76.9124984741211,78.98750305175781,75.80249786376953,78.0374984741211,200622400,38184.0,-1.207414572880816,0,23.61116245597692,4.20171534942331
2020-05-14,1098,75.40503692626953,77.38500213623047,77.44750213623047,75.38249969482422,76.12750244140625,158929200,38208.0,0.6143392445746132,1,-20.78192664428299,2.7393658339351057
2020-05-15,1099,74.95922088623047,76.92749786376953,76.9749984741211,75.05249786376953,75.0875015258789,166348400,38232.0,-0.5912053496561764,0,4.668242210997109,2.561541141297072
2020-05-18,1100,76.72533416748047,78.73999786376953,79.125,77.58000183105469,78.2925033569336,135178400,38304.0,2.356114588842795,1,-18.737781667872966,1.9914902455272454
2020-05-19,1101,76.2820053100586,78.28500366210938,79.62999725341797,78.25250244140625,78.75749969482422,101729600,38328.0,-0.5778438074729886,0,-24.74418990016156,1.7603204613720262
2020-05-20,1102,77.76554870605469,79.80750274658203,79.87999725341797,79.12999725341797,79.16999816894531,111504800,38352.0,1.944815754296969,1,9.609002689482704,0.9478074384333487
2020-05-21,1103,77.18576049804688,79.2125015258789,80.22250366210938,78.96749877929688,79.66500091552734,102688800,38376.0,-0.7455454690675767,0,-7.906386092796003,1.5892676128948486
2020-05-22,1104,77.68272399902344,79.72250366210938,79.80750274658203,78.8375015258789,78.94249725341797,81803200,38400.0,0.6438404625611405,1,-20.338732169428408,1.2303804685955402
2020-05-26,1105,77.15654754638672,79.18250274658203,81.05999755859375,79.125,80.875,125522000,38496.0,-0.6773506735514134,0,53.443875056232514,2.445494544826224
2020-05-27,1106,77.49271392822266,79.52749633789062,79.67749786376953,78.27249908447266,79.03500366210938,112945200,38520.0,0.43569422453433315,1,-10.019598158091814,1.7950094806358268
2020-05-28,1107,77.52682495117188,79.5625,80.86000061035156,78.90750122070312,79.19249725341797,133560800,38544.0,0.04401454053155618,1,18.25274557927208,2.474415435089403
2020-05-29,1108,77.4512939453125,79.48500061035156,80.2874984741211,79.11750030517578,79.8125,153532400,38568.0,-0.09740693121563782,0,14.953189858102078,1.4788108375926186
2020-06-01,1109,78.40377807617188,80.4625015258789,80.5875015258789,79.30249786376953,79.4375,80791200,38640.0,1.2297929269941221,1,-47.378403516130795,1.620382329339524
2020-06-02,1110,78.76675415039062,80.83499908447266,80.86000061035156,79.73249816894531,80.1875,87642800,38664.0,0.4629455355348977,1,8.480626602897345,1.4141065027426876
2020-06-03,1111,79.20036315917969,81.27999877929688,81.55000305175781,80.57499694824219,81.16500091552734,104491200,38688.0,0.5505037420229231,1,19.22394081430534,1.210060366669236
2020-06-04,1112,78.5182876586914,80.58000183105469,81.40499877929688,80.19499969482422,81.09750366210938,87560400,38712.0,-0.8612167307518348,0,-16.203086958519,1.5088211098911564
2020-06-05,1113,80.75455474853516,82.875,82.9375,80.80750274658203,80.8375015258789,137250400,38736.0,2.848098928760323,1,56.74939812974815,2.63589045697624
2020-06-08,1114,81.23202514648438,83.36499786376953,83.4000015258789,81.83000183105469,82.5625,95654400,38808.0,0.5912493077158798,1,-30.306651201016532,1.9186113402094536
2020-06-09,1115,83.79716491699219,85.99749755859375,86.40249633789062,83.00250244140625,83.03500366210938,147712400,38832.0,3.1577997508332123,1,54.42300615549311,4.096254686880705
2020-06-10,1116,85.95304870605469,88.20999908447266,88.69249725341797,86.52249908447266,86.9749984741211,166651600,38856.0,2.5727510551937005,1,12.821672384985948,2.5080160558315874
2020-06-11,1117,81.82640838623047,83.9749984741211,87.76499938964844,83.87000274658203,87.32749938964844,201662400,38880.0,-4.80104370741008,0,21.008379157475844,4.644087892587007
2020-06-12,1118,82.53287506103516,84.69999694824219,86.94999694824219,83.55500030517578,86.18000030517578,200146000,38904.0,0.8633503867755632,1,-0.7519497933179409,4.0631878770469045
2020-06-15,1119,83.55355834960938,85.74749755859375,86.41999816894531,83.1449966430664,83.3125,138808800,38976.0,1.2367185927901092,1,-30.646228253375043,3.9389039125687595
2020-06-16,1120,85.7679214477539,88.0199966430664,88.30000305175781,86.18000030517578,87.86499786376953,165428800,39000.0,2.6502220463282766,1,19.17745848966348,2.4599706881814765
2020-06-17,1121,85.64856719970703,87.89749908447266,88.8499984741211,87.77249908447266,88.7874984741211,114406400,39024.0,-0.13917014685934648,0,-30.842513516388927,1.227604774715879
2020-06-18,1122,85.68266296386719,87.93250274658203,88.36250305175781,87.30500030517578,87.85250091552734,96820400,39048.0,0.03982327423870391,1,-15.371517677332736,1.2112739738680676
2020-06-19,1123,85.19302368164062,87.43000030517578,89.13999938964844,86.2874984741211,88.66000366210938,264476000,39072.0,-0.5714638224894375,0,173.16144118388274,3.305810187999425
2020-06-22,1124,87.42198181152344,89.71749877929688,89.86499786376953,87.7874984741211,87.83499908447266,135445200,39144.0,2.61637706294926,1,-48.78733798151818,2.3665093843183884
2020-06-23,1125,89.28799438476562,91.63249969482422,93.09500122070312,90.56749725341795,91.0,212155600,39168.0,2.1344787155047618,1,56.63574641257127,2.7907406563448833
2020-06-24,1126,87.71188354492188,90.01499938964844,92.19750213623048,89.62999725341797,91.25,192623200,39192.0,-1.7652037329143666,0,-9.20663890088218,2.864559814225147
2020-06-25,1127,88.87629699707031,91.20999908447266,91.25,89.39250183105469,90.1750030517578,137522400,39216.0,1.3275561883319131,1,-28.605484697585748,2.077912722988611
2020-06-26,1128,86.1455078125,88.40750122070312,91.33000183105467,88.25499725341797,91.10250091552734,205256800,39240.0,-3.072577449731184,0,49.25335799840609,3.4842271523810115
2020-06-29,1129,88.13087463378906,90.44499969482422,90.5425033569336,87.81999969482422,88.3125,130646000,39312.0,2.304666963762081,1,-36.34997719929376,3.100095276212839
2020-06-30,1130,88.86656951904297,91.1999969482422,91.49500274658205,90.0,90.0199966430664,140223200,39336.0,0.8347584233130201,1,7.330649235338238,1.6611141628689394
2020-07-01,1131,88.6984634399414,91.02749633789062,91.83999633789062,90.97750091552734,91.27999877929688,110737200,39360.0,-0.18914541241649152,0,-21.02790408434553,0.9480315613022924
2020-07-02,1132,88.6984634399414,91.02749633789062,92.61750030517578,90.91000366210938,91.9625015258789,114041600,39384.0,0.0,0,2.984001762731947,1.8782274494375348
2020-07-06,1133,91.0711669921875,93.4625015258789,93.94499969482422,92.46749877929688,92.5,118655600,39480.0,2.6750215989129744,1,4.045892025366182,1.5978597183145076
2020-07-07,1134,90.78858184814452,93.17250061035156,94.65499877929688,93.05750274658205,93.85250091552734,112424400,39504.0,-0.3102858481131565,0,-5.251500982675916,1.7166762330439873
2020-07-08,1135,92.9030532836914,95.34249877929688,95.375,94.08999633789062,94.18000030517578,117092000,39528.0,2.3290114086561564,1,4.15176776571633,1.3657176236831206
2020-07-09,1136,93.30258178710938,95.75250244140624,96.31749725341795,94.67250061035156,96.2624969482422,125642800,39552.0,0.4300324276778733,1,7.3026338263929125,1.737565430786273
2020-07-10,1137,93.46578979492188,95.91999816894533,95.9800033569336,94.70500183105467,95.33499908447266,90257200,39576.0,0.17492569203774178,1,-28.16365123986412,1.3462874201231843
2020-07-13,1138,93.03459930419922,95.47750091552734,99.95500183105467,95.25749969482422,97.26499938964844,191649200,39648.0,-0.4613190803429812,0,112.33674432621443,4.931372491698616
2020-07-14,1139,94.5741958618164,97.05750274658205,97.25499725341795,93.87750244140624,94.83999633789062,170989200,39672.0,1.6548420475024805,1,-10.780112831151921,3.59776807453925
2020-07-15,1140,95.22460174560548,97.7249984741211,99.24749755859376,96.48999786376952,98.98999786376952,153198000,39696.0,0.6877322295030464,1,-10.404867675853213,2.857808846381626
2020-07-16,1141,94.05286407470705,96.52249908447266,97.40499877929688,95.90499877929688,96.5625,110577600,39720.0,-1.2304931270650021,0,-27.820467630125723,1.5640477754990667
2020-07-17,1142,93.86286163330078,96.32749938964844,97.14749908447266,95.83999633789062,96.9875030517578,92186800,39744.0,-0.20202512022980956,0,-16.63157818581702,1.3642558394642865
2020-07-20,1143,95.8409194946289,98.35749816894533,98.5,96.0625,96.4175033569336,90318000,39816.0,2.1073927924625924,1,-2.0271882742431635,2.5374105400130125
2020-07-21,1144,94.51815795898438,97.0,99.25,96.74250030517578,99.17250061035156,103433200,39840.0,-1.3801674444927414,0,14.521136429061766,2.5919318674980185
2020-07-22,1145,94.78367614746094,97.27249908447266,97.9749984741211,96.60250091552734,96.69249725341795,89001600,39864.0,0.28092689120893244,1,-13.952580022661964,1.4207681432532586
2020-07-23,1146,90.46947479248048,92.84500122070312,97.07749938964844,92.01000213623048,96.99749755859376,197004400,39888.0,-4.551643995416055,0,121.34927911408333,5.507550413828914
2020-07-24,1147,90.24535369873048,92.61499786376952,92.97000122070312,89.1449966430664,90.9875030517578,185438800,39912.0,-0.24772831483610425,0,-5.870731821218211,4.290767537915683
2020-07-27,1148,92.38420104980467,94.80999755859376,94.90499877929688,93.4800033569336,93.70999908447266,121214000,39984.0,2.3700261787544807,1,-34.63396009896527,1.524385292245057
2020-07-28,1149,90.8665542602539,93.25250244140624,94.5500030517578,93.24749755859376,94.36750030517578,103625600,40008.0,-1.6427540948147135,0,-14.510205091821081,1.3968262176103772
2020-07-29,1150,92.60830688476562,95.04000091552734,95.2300033569336,93.7125015258789,93.75,90329200,40032.0,1.916837004180394,1,-12.831192292252103,1.6193163199635923
2020-07-30,1151,93.72888946533205,96.19000244140624,96.29750061035156,93.76750183105467,94.1875,158130000,40056.0,1.2100184288729388,1,75.05967062699548,2.6981616550426044
2020-07-31,1152,103.54122924804688,106.26000213623048,106.41500091552734,100.8249969482422,102.88500213623048,374336800,40080.0,10.468863124271511,1,136.72724973123377,5.5442639588223654
2020-08-03,1153,106.15022277832033,108.9375,111.6374969482422,107.89250183105467,108.1999969482422,308151200,40152.0,2.519760784812375,1,-17.680762350909664,3.4710429859636522
2020-08-04,1154,106.85913848876952,109.66500091552734,110.79000091552734,108.3874969482422,109.13249969482422,173071600,40176.0,0.6678149540124689,1,-43.83549374462926,2.2165877383739185
2020-08-05,1155,107.2464370727539,110.0625,110.39250183105467,108.89749908447266,109.37750244140624,121776800,40200.0,0.36246667683779155,1,-29.637907085853488,1.372853150119023
2020-08-06,1156,110.98819732666016,113.90249633789062,114.4124984741211,109.79750061035156,110.40499877929688,202428800,40224.0,3.488923418867129,1,66.22936388540346,4.203190271286044
2020-08-07,1157,108.46479034423828,111.1125030517578,113.6750030517578,110.2925033569336,113.20500183105467,198045600,40248.0,-2.4494575411730612,0,-2.1653045416462513,3.066844610351808
2020-08-10,1158,110.04131317138672,112.72750091552734,113.7750015258789,110.0,112.5999984741211,212403600,40320.0,1.4534798689732176,1,7.249845490129547,3.431819568980824
2020-08-11,1159,106.7686767578125,109.375,112.48249816894533,109.10749816894533,111.97000122070312,187902400,40344.0,-2.9739867275506704,0,-11.535209384398382,3.0932796156447915
2020-08-12,1160,110.31707000732422,113.01000213623048,113.2750015258789,110.29750061035156,110.49749755859376,165598000,40368.0,3.3234305245535944,1,-11.870204957467278,2.6995180299198016
2020-08-13,1161,112.26939392089844,115.01000213623048,116.0425033569336,113.92749786376952,114.43000030517578,210082000,40392.0,1.7697548554941767,1,26.86264326863852,1.8564486474486834
2020-08-14,1162,112.16934967041016,114.90750122070312,115.0,113.04499816894533,114.83000183105467,165565200,40416.0,-0.08912347937003462,0,-21.190201921154596,1.7294014443106367
2020-08-17,1163,111.87650299072266,114.60749816894533,116.0875015258789,113.9625015258789,116.0625,119561600,40488.0,-0.261082217062214,0,-27.78579073380155,1.8646484339565408
2020-08-18,1164,112.80874633789062,115.5625,116.0,114.00749969482422,114.35250091552734,105633600,40512.0,0.833280410367987,1,-11.649225169285128,1.7476923101632043
2020-08-19,1165,112.95027923583984,115.7074966430664,117.1624984741211,115.61000061035156,115.98249816894533,145538000,40536.0,0.12547032390819446,1,37.77623786371003,1.3428750588818201
2020-08-20,1166,115.45660400390624,118.2750015258789,118.39250183105467,115.73249816894533,115.75,126907200,40560.0,2.218961568871136,1,-12.801330236776653,2.2984068469914956
2020-08-21,1167,121.40636444091795,124.37000274658205,124.86750030517578,119.25,119.2624969482422,338054800,40584.0,5.153245522782379,1,166.37952771789148,4.7106920798119765
2020-08-24,1168,122.85842895507812,125.85749816894533,128.78500366210938,123.9375,128.69749450683594,345937600,40656.0,1.1960242739515126,1,2.331811292133712,3.9112485422970247
2020-08-25,1169,121.85053253173828,124.8249969482422,125.18000030517578,123.05249786376952,124.69750213623048,211495600,40680.0,-0.8203732282340059,0,-38.86307819676149,1.728938849954599
2020-08-26,1170,123.50757598876952,126.52249908447266,126.99250030517578,125.0824966430664,126.18000030517578,163022400,40704.0,1.359905610039247,1,-22.91924749261923,1.5269951538941005
2020-08-27,1171,122.03112030029295,125.01000213623048,127.48500061035156,123.8324966430664,127.14250183105467,155552400,40728.0,-1.1954371429482746,0,-4.5821923858316405,2.949552069367622
2020-08-28,1172,121.83343505859376,124.80750274658205,126.44249725341795,124.57749938964844,126.0124969482422,187630000,40752.0,-0.16198655002642726,0,20.621732612290145,1.4970583555672863
2020-08-31,1173,125.96509552001952,129.0399932861328,131.0,126.0,127.58000183105467,225702700,40824.0,3.391214827961675,1,20.291371315887652,3.968253968253968
2020-09-01,1174,130.9825897216797,134.17999267578125,134.8000030517578,130.52999877929688,132.75999450683594,151948100,40848.0,3.9832607385921204,1,-32.677765928365055,3.271281937021051
2020-09-02,1175,128.26885986328125,131.39999389648438,137.97999572753906,127.0,137.58999633789062,200119000,40872.0,-2.071842995262474,0,31.70220621383222,8.645665927196113
2020-09-03,1176,117.99952697753906,120.87999725341795,128.83999633789062,120.5,126.91000366210938,257599600,40896.0,-8.00608609719874,0,28.72320969023432,6.921158786631223
2020-09-04,1177,118.07763671875,120.95999908447266,123.6999969482422,110.88999938964844,120.06999969482422,332607200,40920.0,0.06618285313737537,1,29.11790235699123,11.551986318966087
2020-09-08,1178,110.131591796875,112.81999969482422,118.98999786376952,112.68000030517578,113.9499969482422,231366600,41016.0,-6.72949690084228,0,-30.438487200517606,5.599926820646179
2020-09-09,1179,114.52435302734376,117.31999969482422,119.13999938964844,115.26000213623048,117.26000213623048,176940500,41040.0,3.9886545046732946,1,-23.52374975471827,3.3662998277859026
2020-09-10,1180,110.78563690185548,113.48999786376952,120.5,112.5,120.36000061035156,182274400,41064.0,-3.2645770891726933,0,3.01451617916757,7.111111111111111
2020-09-11,1181,109.33111572265624,112.0,115.2300033569336,110.0,114.56999969482422,180860300,41088.0,-1.3128891460180259,0,-0.7758083417089834,4.754548506303267
2020-09-14,1182,112.6110610961914,115.36000061035156,115.93000030517578,112.8000030517578,114.72000122070312,140150100,41160.0,3.000000544956749,1,-22.50919632445595,2.774820185050702
2020-09-15,1183,112.78678131103516,115.54000091552734,118.83000183105467,113.61000061035156,118.33000183105467,184642000,41184.0,0.15603355081781345,1,31.745892439605818,4.594667012287201
2020-09-16,1184,109.45803833007812,112.12999725341795,116.0,112.04000091552734,115.2300033569336,154679000,41208.0,-2.951361982939993,0,-16.227618851615556,3.5344511354103796
2020-09-17,1185,107.710693359375,110.33999633789062,112.1999969482422,108.70999908447266,109.72000122070312,178011000,41232.0,-1.5963622218609919,0,15.084141997297639,3.2103742923019043
2020-09-18,1186,104.2940902709961,106.83999633789062,110.87999725341795,106.08999633789062,110.4000015258789,287104900,41256.0,-3.172013880879665,0,61.28492059479471,4.515035423577024
2020-09-21,1187,107.4568862915039,110.08000183105467,110.19000244140624,103.0999984741211,104.54000091552734,195713800,41328.0,3.0325773158183633,1,-31.831954104579896,6.876822572470541
2020-09-22,1188,109.14566040039062,111.80999755859376,112.86000061035156,109.16000366210938,112.68000030517578,183055400,41352.0,1.5715803949514884,1,-6.46781167194137,3.3895170612993457
2020-09-23,1189,104.56741333007812,107.12000274658205,112.11000061035156,106.7699966430664,111.62000274658205,150718700,41376.0,-4.194611317788411,0,-17.664980109846528,5.001408761992251
2020-09-24,1190,105.6412124633789,108.22000122070312,110.25,105.0,105.16999816894533,167743300,41400.0,1.0268842848365045,1,11.295612289649526,5.0
2020-09-25,1191,109.60446166992188,112.27999877929688,112.44000244140624,107.66999816894533,108.43000030517578,149981400,41424.0,3.751614778042578,1,-10.588738864681924,4.4302074427235345
2020-09-28,1192,112.2206039428711,114.95999908447266,115.31999969482422,112.77999877929688,115.01000213623048,137672400,41496.0,2.3868902158110217,1,-8.207017670191108,2.2521732071463845
2020-09-29,1193,111.37132263183594,114.08999633789062,115.30999755859376,113.56999969482422,114.5500030517578,99382200,41520.0,-0.7567873638749334,0,-27.81254630557759,1.5320928664657232
2020-09-30,1194,113.05034637451172,115.80999755859376,117.26000213623048,113.62000274658205,113.79000091552734,142675200,41544.0,1.5075828520575651,1,43.56212681949081,3.20366071260101
2020-10-01,1195,114.0069808959961,116.79000091552734,117.72000122070312,115.83000183105467,117.63999938964844,116120400,41568.0,0.8462165422616019,1,-18.61206432512448,1.6317010789701398
2020-10-02,1196,110.32682800292967,113.0199966430664,115.37000274658205,112.22000122070312,112.88999938964844,144712000,41592.0,-3.2280197302059555,0,24.622374707631046,2.806987606143232
2020-10-05,1197,113.72390747070312,116.5,116.6500015258789,113.5500030517578,113.91000366210938,106243800,41664.0,3.079104105730912,1,-26.582591630272546,2.730073439723363
2020-10-06,1198,110.4635009765625,113.16000366210938,116.12000274658205,112.25,115.6999969482422,161498200,41688.0,-2.8669496462580435,0,52.00717594814945,3.4476639167768783
2020-10-07,1199,112.3377456665039,115.08000183105467,115.5500030517578,114.12999725341795,114.62000274658205,96849000,41712.0,1.6967109462795005,1,-40.03091056123226,1.2442003263934343
2020-10-08,1200,112.2303695678711,114.97000122070312,116.4000015258789,114.58999633789062,116.25,83477200,41736.0,-0.09558620837791798,0,-13.806853968548982,1.5795490407828734
2020-10-09,1201,114.18270111083984,116.97000122070312,117.0,114.91999816894533,115.27999877929688,100506900,41760.0,1.7395842208966172,1,20.400420713679914,1.8099563732996555
2020-10-12,1202,121.43565368652344,124.4000015258789,125.18000030517578,119.27999877929688,120.05999755859376,240226800,41832.0,6.35205627736688,1,139.0152317900562,4.946346064938889
2020-10-13,1203,118.21427154541016,121.0999984741211,125.38999938964844,119.6500015258789,125.2699966430664,262330500,41856.0,-2.6527355396143704,0,9.20117988500866,4.797323686224974
2020-10-14,1204,118.3021469116211,121.19000244140624,123.02999877929688,119.62000274658205,121.0,150712000,41880.0,0.0743220218160312,1,-42.54880770630941,2.8506904818745
2020-10-15,1205,117.83358764648438,120.70999908447266,121.1999969482422,118.1500015258789,118.72000122070312,112559200,41904.0,-0.3960750451883599,0,-25.31503795318223,2.581460332605448
2020-10-16,1206,116.1838607788086,119.0199966430664,121.5500030517578,118.80999755859376,121.27999877929688,115393800,41928.0,-1.4000517390639566,0,2.5183192488930306,2.30620785242651
2020-10-19,1207,113.21631622314452,115.9800033569336,120.41999816894533,115.66000366210938,119.95999908447266,120639300,42000.0,-2.5541870037600223,0,4.545738159242529,4.115506100744957
2020-10-20,1208,114.70982360839844,117.51000213623048,118.9800033569336,115.62999725341795,116.1999969482422,124423700,42024.0,1.3191918736096708,1,3.1369545413476363,2.8971773614883616
2020-10-21,1209,114.08509826660156,116.87000274658205,118.70999908447266,116.4499969482422,116.66999816894533,89946000,42048.0,-0.5446339698866431,0,-27.70991378652138,1.9407489870823642
2020-10-22,1210,112.99176788330078,115.75,118.04000091552734,114.58999633789062,117.4499969482422,101988000,42072.0,-0.9583320957137542,0,13.388032819691809,3.010738011949767
2020-10-23,1211,112.2987060546875,115.04000091552734,116.5500030517578,114.27999877929688,116.38999938964844,82572600,42096.0,-0.6133901377733508,0,-19.0369455230027,1.9863530772737115
2020-10-26,1212,112.30846405029295,115.0500030517578,116.5500030517578,112.87999725341795,114.01000213623048,111850700,42168.0,0.008694485527516171,1,35.45740354548603,3.25124547097623
2020-10-27,1213,113.82150268554688,116.5999984741211,117.27999877929688,114.54000091552734,115.48999786376952,92276800,42192.0,1.3472363157313483,1,-17.50002458634591,2.392175521100498
2020-10-28,1214,108.55020904541016,111.1999969482422,115.43000030517578,111.0999984741211,115.0500030517578,143937800,42216.0,-4.631219208015169,0,55.984819586288204,3.8973914406158072
2020-10-29,1215,112.57201385498048,115.31999969482422,116.93000030517578,112.1999969482422,112.37000274658205,146129200,42240.0,3.7050385428514465,1,1.5224631750659023,4.2156893810928775
2020-10-30,1216,106.26594543457033,108.86000061035156,111.98999786376952,107.72000122070312,111.05999755859376,190272600,42264.0,-5.601802897648289,0,30.208473049876417,3.963977529407719
2020-11-02,1217,106.1781005859375,108.7699966430664,110.68000030517578,107.31999969482422,109.11000061035156,122866900,42336.0,-0.08267863933540953,0,-35.425857427711605,3.1308242824320534
2020-11-03,1218,107.80831146240234,110.44000244140624,111.48999786376952,108.7300033569336,109.66000366210938,107624400,42360.0,1.5353551989341518,1,-12.405700803064123,2.5383927357893543
2020-11-04,1219,112.21084594726562,114.9499969482422,115.58999633789062,112.3499984741211,114.13999938964844,138235500,42384.0,4.083660274481371,1,28.442527902594584,2.8838432645958942
2020-11-05,1220,116.19361877441406,119.02999877929688,119.62000274658205,116.87000274658205,117.9499969482422,126387100,42408.0,3.549370978140831,1,-8.571170213150747,2.353041786062956
2020-11-06,1221,116.06159973144533,118.69000244140624,119.1999969482422,116.12999725341795,118.31999969482422,114457900,42432.0,-0.285639201358856,0,-9.438621504884592,2.6435888809373846
2020-11-09,1222,113.74407196044922,116.31999969482422,121.98999786376952,116.0500030517578,120.5,154515300,42504.0,-1.9968006553475415,0,34.9974968962387,5.1184788072452765
2020-11-10,1223,113.40184783935548,115.97000122070312,117.58999633789062,114.12999725341795,115.5500030517578,138023400,42528.0,-0.3008927742772949,0,-10.673311963281307,3.0316298674659357
2020-11-11,1224,116.84390258789062,119.48999786376952,119.62999725341795,116.44000244140624,117.19000244140624,112295000,42552.0,3.035264815051142,1,-18.640607317309964,2.739603869054328
2020-11-12,1225,116.57008361816406,119.20999908447266,120.52999877929688,118.56999969482422,119.62000274658205,103162300,42576.0,-0.23432821516666813,0,-8.132775279398018,1.6530311963543116
2020-11-13,1226,116.6189956665039,119.26000213623048,119.66999816894533,117.87000274658205,119.44000244140624,81581900,42600.0,0.041945350341277,1,-20.918882188551436,1.5271022146603597
2020-11-16,1227,117.63595581054688,120.3000030517578,120.98999786376952,118.1500015258789,118.91999816894533,91183000,42672.0,0.8720450250699452,1,11.768664372857218,2.403720948973965
2020-11-17,1228,116.74610137939452,119.38999938964844,120.66999816894533,118.95999908447266,119.5500030517578,74271000,42696.0,-0.7564452527219268,0,-18.547316934077628,1.4374572105186485
2020-11-18,1229,115.41620635986328,118.02999877929688,119.81999969482422,118.0,118.61000061035156,76322100,42720.0,-1.1391243967704412,0,2.7616431716282364,1.5423726227323888
2020-11-19,1230,116.0127182006836,118.63999938964844,119.05999755859376,116.80999755859376,117.58999633789062,74113000,42744.0,0.5168182806577715,1,-2.8944434180925294,1.926204988465447
2020-11-20,1231,114.74150848388672,117.33999633789062,118.7699966430664,117.29000091552734,118.63999938964844,73604300,42768.0,-1.0957544322705348,0,-0.6863843050476937,1.2618260005002135
2020-11-23,1232,111.32879638671876,113.8499984741211,117.62000274658205,113.75,117.18000030517578,127959300,42840.0,-2.974261098253128,0,73.84758770887028,3.4022002167754244
2020-11-24,1233,112.61956024169922,115.16999816894533,115.8499984741211,112.58999633789062,113.91000366210938,113874200,42864.0,1.159420037343506,1,-11.007484411058833,2.8954634001825257
2020-11-25,1234,113.46050262451172,116.02999877929688,116.75,115.16999816894533,115.5500030517578,76499200,42888.0,0.7467227785225683,1,-32.82130631872716,1.3718866511892576
2020-11-27,1235,114.00808715820312,116.58999633789062,117.48999786376952,116.22000122070312,116.56999969482422,46691300,42936.0,0.48263170256421795,1,-38.96498264034134,1.0927522196929371
2020-11-30,1236,116.41364288330078,119.0500030517578,120.97000122070312,116.80999755859376,116.97000122070312,169410200,43008.0,2.1099637971836005,1,262.8303345591149,3.5613421359953685
2020-12-01,1237,120.00236511230467,122.72000122070312,123.47000122070312,120.01000213623048,121.01000213623048,127728200,43032.0,3.0827367281542672,1,-24.604185580325154,2.88309226138084
2020-12-02,1238,120.35438537597656,123.08000183105467,123.37000274658205,120.88999938964844,122.0199966430664,89004200,43056.0,0.29335121151450316,1,-30.317502321335464,2.05145452018752
2020-12-03,1239,120.21749877929688,122.94000244140624,123.77999877929688,122.20999908447266,123.5199966430664,78967600,43080.0,-0.11374665873064016,0,-11.27654650005281,1.284673681847441
2020-12-04,1240,119.54275512695312,122.25,122.86000061035156,121.5199966430664,122.5999984741211,78260400,43104.0,-0.5612513646525263,0,-0.8955571652171312,1.102702439353312
2020-12-07,1241,121.00955200195312,123.75,124.56999969482422,122.25,122.30999755859376,86712000,43176.0,1.2269938650306678,1,10.799331462655438,1.897750261614903
2020-12-08,1242,121.6256103515625,124.37999725341795,124.9800033569336,123.08999633789062,124.37000274658205,82225500,43200.0,0.5090886896306657,1,-5.174024356490447,1.5354676052266405
2020-12-09,1243,119.08316802978516,121.77999877929688,125.9499969482422,121.0,124.52999877929688,115089200,43224.0,-2.0903670457748214,0,39.96777155505286,4.090906568795208
2020-12-10,1244,120.51084899902344,123.23999786376952,123.87000274658205,120.1500015258789,120.5,81312200,43248.0,1.1988824922872787,1,-29.34854008890495,3.09613081436532
2020-12-11,1245,119.6992416381836,122.41000366210938,122.76000213623048,120.5500030517578,122.43000030517578,86939800,43272.0,-0.6734779422648329,0,6.920978647730602,1.8332633998555998
2020-12-14,1246,119.08316802978516,121.77999877929688,123.3499984741211,121.54000091552734,122.5999984741211,79184500,43344.0,-0.5146678081568545,0,-8.920310375685247,1.489219635477651
2020-12-15,1247,125.04808044433594,127.87999725341795,127.9000015258789,124.12999725341795,124.33999633789062,157243700,43368.0,5.0090314791152,1,98.57888854510668,3.0371419929739374
2020-12-16,1248,124.9796371459961,127.80999755859376,128.3699951171875,126.55999755859376,127.41000366210938,98208600,43392.0,-0.05473858017487343,0,-37.54369809410488,1.4301498052382287
2020-12-17,1249,125.84992980957033,128.6999969482422,129.5800018310547,128.0399932861328,128.89999389648438,94359800,43416.0,0.6963456745552321,1,-3.9190050565836354,1.2027558775955227
2020-12-18,1250,123.85511779785156,126.66000366210938,129.10000610351562,126.12000274658205,128.9600067138672,192541500,43440.0,-1.5850764059871847,0,104.05034771163142,2.362831661938209
2020-12-21,1251,125.39035034179688,128.22999572753906,128.30999755859375,123.4499969482422,125.0199966430664,121251600,43512.0,1.2395326227985448,1,-37.025732114894716,3.936817116641289
2020-12-22,1252,128.95953369140625,131.8800048828125,134.41000366210938,129.64999389648438,131.61000061035156,168904800,43536.0,2.8464550236973585,1,39.30108963510585,3.671430767228192
2020-12-23,1253,128.05990600585938,130.9600067138672,132.42999267578125,130.77999877929688,132.16000366210938,88223700,43560.0,-0.6976024680639181,0,-47.76720377396024,1.2616561491707072
2020-12-24,1254,129.04754638671875,131.97000122070312,133.4600067138672,131.10000610351562,131.32000732421875,54930100,43584.0,0.7712236217600754,1,-37.737705401156376,1.8001529370548792
2020-12-28,1255,133.6630401611328,136.69000244140625,137.33999633789062,133.50999450683594,133.99000549316406,124486200,43680.0,3.5765713245766495,1,126.62656721906566,2.8687004633638757
2020-12-29,1256,131.88331604003906,134.8699951171875,138.7899932861328,134.33999633789062,138.0500030517578,121047300,43704.0,-1.3314853257091142,0,-2.762474876733323,3.3124885138820455
2020-12-30,1257,130.75877380371094,133.72000122070312,135.99000549316406,133.39999389648438,135.5800018310547,96452100,43728.0,-0.8526684497060733,0,-20.31866881789185,1.941538017377634
2020-12-31,1258,129.75160217285156,132.69000244140625,134.74000549316406,131.72000122070312,134.0800018310547,99116600,43752.0,-0.7702653080273847,0,2.762511132468859,2.2927454027280008
2021-01-04,1259,126.54421997070312,129.41000366210938,133.61000061035156,126.76000213623048,133.52000427246094,143301900,43848.0,-2.471926082558684,0,44.57911187429755,5.403911611455563
2021-01-05,1260,128.10879516601562,131.00999450683594,131.74000549316406,128.42999267578125,128.88999938964844,97664900,43872.0,1.236373386484213,1,-31.846751508528502,2.5772895788749817
2021-01-06,1261,123.79644012451172,126.5999984741211,131.0500030517578,126.37999725341795,127.72000122070312,155088000,43896.0,-3.36615236823381,0,58.79604648138685,3.6952096058172352
2021-01-07,1262,128.020751953125,130.9199981689453,131.6300048828125,127.86000061035156,128.36000061035156,109578200,43920.0,3.412322074954277,1,-29.344501186423187,2.9485407902897487
2021-01-08,1263,129.125732421875,132.0500030517578,132.6300048828125,130.22999572753906,132.42999267578125,105158200,43944.0,0.8631262592551314,1,-4.033649028730169,1.8429004330881047
2021-01-11,1264,126.12374877929688,128.97999572753906,130.1699981689453,128.5,129.19000244140625,100384500,44016.0,-2.3248824333729434,0,-4.539541376706713,1.299609469996352
2021-01-12,1265,125.94773864746094,128.8000030517578,129.69000244140625,126.86000061035156,128.5,91951100,44040.0,-0.13955084644402538,0,-8.40109777903959,2.2308070451197555
2021-01-13,1266,127.991455078125,130.88999938964844,131.4499969482422,128.49000549316406,128.75999450683594,88636800,44064.0,1.6226679257536736,1,-3.604415825368046,2.3036744715802837
2021-01-14,1267,126.05528259277344,128.91000366210938,131.0,128.75999450683594,130.8000030517578,90221800,44088.0,-1.5127173479807188,0,1.7881963247770694,1.7396750456098686
2021-01-15,1268,124.3244857788086,127.13999938964844,130.22000122070312,127.0,128.77999877929688,111598500,44112.0,-1.3730542410815172,0,23.693497580407396,2.5354340320497046
2021-01-19,1269,124.99918365478516,127.83000183105467,128.7100067138672,126.94000244140624,127.77999877929688,90757300,44208.0,0.5427107477730786,1,-18.675161404499164,1.3943628788552775
2021-01-20,1270,129.10618591308594,132.02999877929688,132.49000549316406,128.5500030517578,128.66000366210938,104319500,44232.0,3.28561127128284,1,14.943370946469315,3.0649570967492665
2021-01-21,1271,133.83901977539062,136.8699951171875,139.6699981689453,133.58999633789062,133.8000030517578,120150900,44256.0,3.665830782882318,1,15.17587795186901,4.55124036060041
2021-01-22,1272,135.9903106689453,139.07000732421875,139.85000610351562,135.02000427246094,136.27999877929688,114459400,44280.0,1.6073736286376095,1,-4.736959939542695,3.5772490580788916
2021-01-25,1273,139.75503540039062,142.9199981689453,145.08999633789062,136.5399932861328,143.07000732421875,157611700,44352.0,2.7683832904034755,1,37.70096645622816,6.261903817323655
2021-01-26,1274,139.98973083496094,143.16000366210938,144.3000030517578,141.3699951171875,143.60000610351562,98390600,44376.0,0.16792995818566414,1,-37.57405065740678,2.072581195282285
2021-01-27,1275,138.91407775878906,142.05999755859375,144.3000030517578,140.41000366210938,143.42999267578125,140843800,44400.0,-0.7683752971338942,0,43.14761776023319,2.7704574376406637
2021-01-28,1276,134.05413818359375,137.08999633789062,141.99000549316406,136.6999969482422,139.52000427246094,142621100,44424.0,-3.4985226707843653,0,1.2618943822873208,3.8697941938687794
2021-01-29,1277,129.0377655029297,131.9600067138672,136.74000549316406,130.2100067138672,135.8300018310547,177523800,44448.0,-3.7420597863168426,0,24.47232562362791,5.0149746122403345
2021-02-01,1278,131.16949462890625,134.13999938964844,135.3800048828125,130.92999267578125,133.75,106239800,44520.0,1.652010127968695,1,-40.15461588812317,3.3987722110782568
2021-02-02,1279,132.00067138671875,134.99000549316406,136.30999755859375,134.61000061035156,135.72999572753906,83305400,44544.0,0.63367087176327,1,-21.58739003650233,1.2629053863264428
2021-02-03,1280,130.97389221191406,133.94000244140625,135.77000427246094,133.61000061035156,135.75999450683594,89880900,44568.0,-0.7778376242906226,0,7.893245815997529,1.616648194178682
2021-02-04,1281,134.34747314453125,137.38999938964844,137.39999389648438,134.58999633789062,136.3000030517578,84183100,44592.0,2.575777874687901,1,-6.339277866599025,2.0878205179077356
2021-02-05,1282,133.93128967285156,136.75999450683594,137.4199981689453,135.86000061035156,137.35000610351562,75693800,44616.0,-0.4585522131241526,0,-10.08432808960469,1.1482390339948882
2021-02-08,1283,134.0782012939453,136.91000366210938,136.9600067138672,134.9199981689453,136.02999877929688,71297200,44688.0,0.10968789214593766,1,-5.808401744924952,1.5120134691725975
2021-02-09,1284,133.19680786132812,136.00999450683594,137.8800048828125,135.85000610351562,136.6199951171875,76774200,44712.0,-0.6573728224378961,0,7.681928603086807,1.4942942128026457
2021-02-10,1285,132.58963012695312,135.38999938964844,136.99000549316406,134.39999389648438,136.47999572753906,73046600,44736.0,-0.4558452630158305,0,-4.855276902917904,1.9270920493303958
2021-02-11,1286,132.3350067138672,135.1300048828125,136.38999938964844,133.77000427246094,135.89999389648438,64280000,44760.0,-0.19203376025409558,0,-12.001379941023949,1.9585819193450344
2021-02-12,1287,132.570068359375,135.3699951171875,135.52999877929688,133.69000244140625,134.35000610351562,60145100,44784.0,0.17759951580194056,1,-6.432638456751716,1.3763155840295984
2021-02-16,1288,130.43511962890625,133.19000244140625,136.00999450683594,132.7899932861328,135.49000549316406,80576300,44880.0,-1.6103957704172722,0,33.96984958043132,2.4248824335465855
2021-02-17,1289,128.13372802734375,130.83999633789062,132.22000122070312,129.47000122070312,131.25,97918500,44904.0,-1.7644012767020212,0,21.52270580803537,2.1240441600924744
2021-02-18,1290,127.02713012695312,129.7100067138672,130.0,127.41000366210938,129.1999969482422,96856700,44928.0,-0.8636423537534132,0,-1.0843711862416172,2.032804539241111
2021-02-19,1291,127.18378448486328,129.8699951171875,130.7100067138672,128.8000030517578,130.24000549316406,87668800,44952.0,0.12334314627955312,1,-9.48607582129063,1.4829220627749884
2021-02-22,1292,123.39385223388672,126.0,129.72000122070312,125.5999984741211,128.00999450683594,103916400,45024.0,-2.9798993321709433,0,18.53293303889183,3.2802570036901124
2021-02-23,1293,123.25672912597656,125.86000061035156,126.70999908447266,118.38999938964844,123.76000213623048,158273000,45048.0,-0.11111062670511318,0,52.30800913041638,7.027620354520998
2021-02-24,1294,122.75728607177734,125.3499984741211,125.55999755859376,122.2300033569336,124.94000244140624,111039900,45072.0,-0.40521383581537673,0,-29.842803257662396,2.72436726679618
2021-02-25,1295,118.48748016357422,120.98999786376952,126.45999908447266,120.54000091552734,124.68000030517578,148199500,45096.0,-3.478261398823801,0,33.465087774754835,4.911231229452172
2021-02-26,1296,118.75188446044922,121.26000213623048,124.8499984741211,121.1999969482422,122.58999633789062,164560400,45120.0,0.223162473946803,1,11.039780835967727,3.0115524899209407
2021-03-01,1297,125.14682006835938,127.79000091552734,127.93000030517578,122.79000091552734,123.75,116307900,45192.0,5.385121774911972,1,-29.322060471413536,4.186008104344319
2021-03-02,1298,122.53204345703124,125.12000274658205,128.72000122070312,125.01000213623048,128.41000366210938,102260900,45216.0,-2.08936391722091,0,-12.077425523115803,2.967761795915855
2021-03-03,1299,119.53534698486328,122.05999755859376,125.70999908447266,121.83999633789062,124.80999755859376,112966300,45240.0,-2.4456562666370862,0,10.46871287070621,3.176299132388033
2021-03-04,1300,117.64525604248048,120.12999725341795,123.5999984741211,118.62000274658205,121.75,178155000,45264.0,-1.5811898605432417,0,57.70632480660161,4.198276523545725
2021-03-05,1301,118.9085693359375,121.41999816894533,121.94000244140624,117.56999969482422,120.9800033569336,153766600,45288.0,1.0738374635987702,1,-13.689427745502513,3.7169369379307717
2021-03-08,1302,113.9532470703125,116.36000061035156,121.0,116.20999908447266,120.93000030517578,154376600,45360.0,-4.167351041756085,0,0.39670513622593884,4.121849198230789
2021-03-09,1303,118.58539581298828,121.08999633789062,122.05999755859376,118.79000091552734,119.02999877929688,129525800,45384.0,4.064967087253768,1,-16.09751736986046,2.7527541189192726
2021-03-10,1304,117.49838256835938,119.9800033569336,122.16999816894533,119.4499969482422,121.69000244140624,111943300,45408.0,-0.9166677797724065,0,-13.57451565634028,2.2771044706528576
2021-03-11,1305,119.43740844726562,121.95999908447266,123.20999908447266,121.26000213623048,122.54000091552734,103026500,45432.0,1.6502714386902317,1,-7.965461086103409,1.6081122496199813
2021-03-12,1306,118.52664184570312,121.02999877929688,121.16999816894533,119.16000366210938,120.4000015258789,88105100,45456.0,-0.7625453527034254,0,-14.483069889785638,1.6868029918289538
2021-03-15,1307,121.42539978027344,123.98999786376952,124.0,120.41999816894533,121.41000366210938,92403800,45528.0,2.44567389434609,1,4.879059214506309,2.9729296507977416
2021-03-16,1308,122.97274780273438,125.56999969482422,127.22000122070312,124.72000122070312,125.6999969482422,115227900,45552.0,1.2742978129499427,1,24.700391109456543,2.004490038110269
2021-03-17,1309,122.1794891357422,124.76000213623048,125.86000061035156,122.33999633789062,124.0500030517578,111932600,45576.0,-0.6450565903976191,0,-2.859810861779133,2.87723097746304
2021-03-18,1310,118.0369873046875,120.52999877929688,123.18000030517578,120.31999969482422,122.87999725341795,121229700,45600.0,-3.3905124114335106,0,8.305980563303272,2.3769951941535705
2021-03-19,1311,117.50816345214844,119.98999786376952,121.43000030517578,119.68000030517578,119.9000015258789,185549500,45624.0,-0.4480220036475413,0,53.056140533219164,1.4622326165922628
2021-03-22,1312,120.83782958984376,123.38999938964844,123.87000274658205,120.26000213623048,120.33000183105467,111912300,45696.0,2.8335707862409576,1,-39.68601370523769,3.0018298239028427
2021-03-23,1313,120.00540924072266,122.54000091552734,124.23999786376952,122.13999938964844,123.33000183105467,95467100,45720.0,-0.6888714468965329,0,-14.694720776894055,1.7193372233626012
2021-03-24,1314,117.60607147216795,120.08999633789062,122.9000015258789,120.06999969482422,122.81999969482422,88530500,45744.0,-1.9993508726392273,0,-7.265958639154224,2.356959971889363
2021-03-25,1315,118.0957260131836,120.58999633789062,121.66000366210938,119.0,119.54000091552734,98844700,45768.0,0.41635441356262515,1,11.65044815063736,2.235297195049895
2021-03-26,1316,118.70291900634766,121.20999908447266,121.4800033569336,118.91999816894533,120.3499984741211,94071200,45792.0,0.5141411107143501,1,-4.829292819948872,2.1527120983901806
2021-03-29,1317,118.8791961669922,121.38999938964844,122.58000183105467,120.7300033569336,121.6500015258789,80819200,45864.0,0.14850285169158983,1,-14.087202034203884,1.532343595362646
2021-03-30,1318,117.42000579833984,119.9000015258789,120.4000015258789,118.86000061035156,120.11000061035156,85671900,45888.0,-1.2274469653688724,0,6.004390045929675,1.2956426952880433
2021-03-31,1319,119.62347412109376,122.1500015258789,123.5199966430664,121.1500015258789,121.6500015258789,118323800,45912.0,1.8765637792876655,1,38.112730078357075,1.9562485244222174
2021-04-01,1320,120.45589447021484,123.0,124.18000030517578,122.48999786376952,123.66000366210938,75089100,45936.0,0.6958644809685222,1,-36.539309927504014,1.3797064828802144
2021-04-05,1321,123.29590606689452,125.9000015258789,126.16000366210938,123.06999969482422,123.87000274658205,88651200,46032.0,2.357724817787732,1,18.061343124368246,2.510769460426925
2021-04-06,1322,123.59949493408205,126.20999908447266,127.12999725341795,125.6500015258789,126.5,80171300,46056.0,0.24622522226898091,1,-9.565465554893782,1.177871635150142
2021-04-07,1323,125.25455474853516,127.9000015258789,127.91999816894533,125.13999938964844,125.83000183105467,83466700,46080.0,1.3390400551981152,1,4.110448502144792,2.2215109420296595
2021-04-08,1324,127.66363525390624,130.36000061035156,130.38999938964844,128.52000427246094,128.9499969482422,88844600,46104.0,1.9233769000189582,1,6.443168353367268,1.4550226073935788
2021-04-09,1325,130.2490692138672,133.0,133.0399932861328,129.47000122070312,129.8000030517578,106686700,46128.0,2.0251606146730827,1,20.082368540125128,2.757389381146327
2021-04-12,1326,128.52548217773438,131.24000549316406,132.85000610351562,130.6300048828125,132.52000427246094,91420000,46200.0,-1.3233041404781432,0,-14.30984368248338,1.699457351084597
2021-04-13,1327,131.64947509765625,134.42999267578125,134.66000366210938,131.92999267578125,132.44000244140625,91266500,46224.0,2.430651515618343,1,-0.1679063662218372,2.069287605462954
2021-04-14,1328,129.29913330078125,132.02999877929688,135.0,131.66000366210938,134.94000244140625,87222800,46248.0,-1.7853113347054084,0,-4.430650896002364,2.5368344561666203
2021-04-15,1329,131.718017578125,134.5,135.0,133.63999938964844,133.82000732421875,89347100,46272.0,1.8707878842231906,1,2.4354870515507443,1.017659844779157
2021-04-16,1330,131.3850555419922,134.16000366210938,134.6699981689453,133.27999877929688,134.3000030517578,84922400,46296.0,-0.2527853813313219,0,-4.952259222739186,1.0429167184719046
2021-04-19,1331,132.05101013183594,134.83999633789062,135.47000122070312,133.33999633789062,133.50999450683594,94264200,46368.0,0.5068520104500429,1,11.000395655327688,1.5974238347921914
2021-04-20,1332,130.3567657470703,133.11000061035156,135.52999877929688,131.80999755859375,135.02000427246094,94812300,46392.0,-1.282998942838831,0,0.5814508583322109,2.8222451176736163
2021-04-21,1333,130.7386932373047,133.5,133.75,131.3000030517578,132.36000061035156,68847100,46416.0,0.2929902996470446,1,-27.385898243160433,1.8659534587188171
2021-04-22,1334,129.21096801757812,131.94000244140625,134.14999389648438,131.41000366210938,133.0399932861328,84566500,46440.0,-1.1685374970739737,0,22.832334259540342,2.0850697496518267
2021-04-23,1335,131.5417938232422,134.32000732421875,135.1199951171875,132.16000366210938,132.16000366210938,78657500,46464.0,1.8038539023594868,1,-6.987400448168013,2.2397029154492696
2021-04-26,1336,131.93345642089844,134.72000122070312,135.05999755859375,133.55999755859375,134.8300018310547,66905100,46536.0,0.2977917470767144,1,-14.941232558878681,1.123090766261761
2021-04-27,1337,131.61032104492188,134.38999938964844,135.41000366210938,134.11000061035156,135.00999450683594,66015800,46560.0,-0.2449538509980198,0,-1.3291961300409105,0.969355786922179
2021-04-28,1338,130.81704711914062,133.5800018310547,135.02000427246094,133.0800018310547,134.30999755859375,107760100,46584.0,-0.6027216030005778,0,63.233801605070305,1.4577715770316013
2021-04-29,1339,130.71910095214844,133.47999572753906,137.07000732421875,132.4499969482422,136.47000122070312,151101000,46608.0,-0.07486607437100501,0,40.219803062543555,3.488116634522789
2021-04-30,1340,128.74093627929688,131.4600067138672,133.55999755859375,131.07000732421875,131.77999877929688,109839500,46632.0,-1.5133271488823707,0,-27.307231586819412,1.8997406692865169
2021-05-03,1341,129.798583984375,132.5399932861328,134.07000732421875,131.8300018310547,132.0399932861328,75135100,46704.0,0.8215324183090233,1,-31.59555533300862,1.6991621497773453
2021-05-04,1342,125.20555877685548,127.8499984741211,131.49000549316406,126.6999969482422,131.19000244140625,137564700,46728.0,-3.5385506636376296,0,83.08979425062321,3.7805908921044495
2021-05-05,1343,125.45040893554688,128.10000610351562,130.4499969482422,127.97000122070312,129.1999969482422,84000900,46752.0,0.19554762016296134,1,-38.93716920111046,1.93795085088883
2021-05-06,1344,127.05648803710938,129.74000549316406,129.75,127.12999725341795,127.88999938964844,78128300,46776.0,1.280249267375666,1,-6.99111557138078,2.0608847661338285
2021-05-07,1345,127.73338317871094,130.2100067138672,131.25999450683594,129.47999572753906,130.85000610351562,78973300,46800.0,0.3622639130594907,1,1.0815543151457385,1.3747287905712275
2021-05-10,1346,124.4372787475586,126.8499984741211,129.5399932861328,126.80999755859376,129.41000366210938,88071200,46872.0,-2.5804531652698692,0,11.520222657531098,2.1528237363758547
2021-05-11,1347,123.51514434814452,125.91000366210938,126.2699966430664,122.7699966430664,123.5,126142800,46896.0,-0.7410286348592199,0,43.22820626947288,2.8508594084071492
2021-05-12,1348,120.43486785888672,122.7699966430664,124.63999938964844,122.25,123.4000015258789,112172300,46920.0,-2.493850311901713,0,-11.075146579907846,1.9550097256837935
2021-05-13,1349,122.593017578125,124.97000122070312,126.1500015258789,124.26000213623048,124.58000183105467,105861300,46944.0,1.7919724996269926,1,-5.626166174715152,1.521003828389084
2021-05-14,1350,125.02584838867188,127.4499969482422,127.88999938964844,125.8499984741211,126.25,81918000,46968.0,1.9844728361323227,1,-22.61761380221101,1.6209781011215785
2021-05-17,1351,123.8683090209961,126.2699966430664,126.93000030517578,125.16999816894533,126.81999969482422,74244600,47040.0,-0.9258535374112253,0,-9.367172050098882,1.406089447932189
2021-05-18,1352,122.47530364990234,124.8499984741211,126.98999786376952,124.77999877929688,126.55999755859376,63342900,47064.0,-1.1245729046459818,0,-14.683492132761167,1.7711164498258662
2021-05-19,1353,122.31835174560548,124.69000244140624,124.91999816894533,122.86000061035156,123.16000366210938,92612000,47088.0,-0.12815060846638193,0,46.20738867339513,1.6767031974279507
2021-05-20,1354,124.88851165771484,127.30999755859376,127.72000122070312,125.0999984741211,125.2300033569336,76857100,47112.0,2.1012070461853716,1,-17.011726342158685,2.094326761422
2021-05-21,1355,123.04428100585938,125.43000030517578,128.0,125.20999908447266,127.81999969482422,79295400,47136.0,-1.4767082628783568,0,3.1725110627385034,2.228257276517569
2021-05-24,1356,124.68251037597656,127.0999984741211,127.94000244140624,125.94000244140624,126.01000213623048,63092900,47208.0,1.331418452429367,1,-20.433089435200525,1.588057774518865
2021-05-25,1357,124.486328125,126.9000015258789,128.32000732421875,126.31999969482422,127.81999969482422,72009500,47232.0,-0.15735401309459052,0,14.132493513533229,1.5832866008758222
2021-05-26,1358,124.4372787475586,126.8499984741211,127.38999938964844,126.41999816894533,126.95999908447266,56575900,47256.0,-0.03940350760958111,0,-21.432727626215986,0.7672846343557285
2021-05-27,1359,122.89713287353516,125.27999877929688,127.63999938964844,125.08000183105467,126.44000244140624,94625600,47280.0,-1.2376820762394547,0,67.2542549035897,2.0466881364868765
2021-05-28,1360,122.2398681640625,124.61000061035156,125.8000030517578,124.5500030517578,125.56999969482422,71311100,47304.0,-0.5348005870638883,0,-24.638681287093554,1.0036129822337716
2021-06-01,1361,121.91612243652344,124.27999877929688,125.3499984741211,123.94000244140624,125.08000183105467,67637100,47400.0,-0.2648277260559384,0,-5.152073099419308,1.137644025286708
2021-06-02,1362,122.68130493164062,125.05999755859376,125.23999786376952,124.0500030517578,124.27999877929688,59278900,47424.0,0.6276140867059743,1,-12.35741922702186,0.9592864028509642
2021-06-03,1363,121.1902313232422,123.54000091552734,124.8499984741211,123.12999725341795,124.68000030517578,76229200,47448.0,-1.2154139395007313,0,28.594154075058743,1.3968986104686962
2021-06-04,1364,123.49551391601562,125.88999938964844,126.16000366210938,123.8499984741211,124.06999969482422,75169300,47472.0,1.9022166559055975,1,-1.3904120730638625,1.8651636790055877
2021-06-07,1365,123.50533294677734,125.9000015258789,126.31999969482422,124.83000183105467,126.16999816894533,71057600,47544.0,0.007945139629006448,1,-5.4699192356454045,1.1936215989054566
2021-06-08,1366,124.32936096191406,126.73999786376952,128.4600067138672,126.20999908447266,126.5999984741211,74403800,47568.0,0.6671932706195705,1,4.70913737587535,1.7827491052342024
2021-06-09,1367,124.7119369506836,127.12999725341795,127.75,126.5199966430664,127.20999908447266,56877900,47592.0,0.3077161087438496,1,-23.555114120515352,0.9721809908070377
2021-06-10,1368,123.71134948730467,126.11000061035156,128.19000244140625,125.94000244140624,127.0199966430664,71186400,47616.0,-0.802325702118245,0,25.156519491753393,1.7865649963337344
2021-06-11,1369,124.92777252197266,127.3499984741211,127.44000244140624,126.0999984741211,126.52999877929688,53522400,47640.0,0.9832668763525065,1,-24.813728464987694,1.0626518505154023
2021-06-14,1370,127.99822998046876,130.47999572753906,130.5399932861328,127.06999969482422,127.81999969482422,96906500,47712.0,2.4577913552578545,1,81.05783746618238,2.730773274291534
2021-06-15,1371,127.17422485351562,129.63999938964844,130.60000610351562,129.38999938964844,129.94000244140625,62746300,47736.0,-0.6437740384699686,0,-35.250679778962194,0.935162469723291
2021-06-16,1372,127.67446899414062,130.14999389648438,130.88999938964844,128.4600067138672,130.3699951171875,91815000,47760.0,0.3933928642679829,1,46.3273531666409,1.891633620410619
2021-06-17,1373,129.28330993652344,131.7899932861328,132.5500030517578,129.64999389648438,129.8000030517578,96721700,47784.0,1.2600841079968284,1,5.344115885203937,2.236798528188805
2021-06-18,1374,127.97862243652344,130.4600067138672,131.50999450683594,130.24000549316406,130.7100067138672,108953300,47808.0,-1.0091711359132227,0,12.646179709413708,0.9751143735467158
2021-06-21,1375,129.7836151123047,132.3000030517578,132.41000366210938,129.2100067138672,130.3000030517578,79663300,47880.0,1.410391110837672,1,-26.883077428586375,2.4765860087976876
2021-06-22,1376,131.43165588378906,133.97999572753906,134.0800018310547,131.6199951171875,132.1300048828125,74783600,47904.0,1.2698357044814257,1,-6.125405299554498,1.8690220370217514
2021-06-23,1377,131.156982421875,133.6999969482422,134.32000732421875,133.22999572753906,133.77000427246094,60214200,47928.0,-0.2089855114387973,0,-19.482078958488223,0.8181427843837862
2021-06-24,1378,130.87249755859375,133.41000366210938,134.63999938964844,132.92999267578125,134.4499969482422,68711000,47952.0,-0.21689849869261923,0,14.110957216071963,1.286396455341667
2021-06-25,1379,130.5782012939453,133.11000061035156,133.88999938964844,132.80999755859375,133.4600067138672,70783700,47976.0,-0.22487298067814798,0,3.0165475688026744,0.8131931713786887
2021-06-28,1380,132.21646118164062,134.77999877929688,135.25,133.35000610351562,133.41000366210938,62111300,48048.0,1.2546000760933262,1,-12.251973265031356,1.4248172549834504
2021-06-29,1381,133.73696899414062,136.3300018310547,136.49000549316406,134.35000610351562,134.8000030517578,64556100,48072.0,1.1500245331623304,1,3.9361597648092994,1.5928539578923313
2021-06-30,1382,134.35496520996094,136.9600067138672,137.41000366210938,135.8699951171875,136.1699981689453,63261400,48096.0,0.46211756352296796,1,-2.005542466165089,1.1334427027789482
2021-07-01,1383,134.65908813476562,137.27000427246094,137.3300018310547,135.75999450683594,136.60000610351562,52485800,48120.0,0.2263416642797056,1,-17.03345167827459,1.1564580051155608
2021-07-02,1384,137.29791259765625,139.9600067138672,140.0,137.75,137.89999389648438,78852600,48144.0,1.959643299833358,1,50.23606384965076,1.6333938294010888
2021-07-06,1385,139.31875610351562,142.02000427246094,143.14999389648438,140.07000732421875,140.07000732421875,108181800,48240.0,1.471847284778427,1,37.19496884059625,2.1988908483001706
2021-07-07,1386,141.82025146484375,144.57000732421875,144.88999938964844,142.66000366210938,143.5399932861328,104911600,48264.0,1.7955238523058359,1,-3.022874457625957,1.5631541218944685
2021-07-08,1387,140.51551818847656,143.24000549316406,144.05999755859375,140.6699981689453,141.5800018310547,105575500,48288.0,-0.9199707848613237,0,0.6328184871835063,2.4098950975865034
2021-07-09,1388,142.3499755859375,145.11000061035156,145.64999389648438,142.64999389648438,142.75,99890800,48312.0,1.305497797734123,1,-5.384487878342991,2.1030495116438526
2021-07-12,1389,141.75157165527344,144.5,146.32000732421875,144.0,146.2100067138672,76299700,48384.0,-0.42037117206658037,0,-23.61688964349069,1.611116197374132
2021-07-13,1390,142.869873046875,145.63999938964844,147.4600067138672,143.6300048828125,144.02999877929688,100827100,48408.0,0.7889269132515198,1,32.14612901492404,2.6665750197387936
2021-07-14,1391,146.31314086914062,149.14999389648438,149.57000732421875,147.67999267578125,148.10000610351562,127050800,48432.0,2.4100484218248397,1,26.0085830099249,1.2798041320240752
2021-07-15,1392,145.65582275390625,148.47999572753906,150.0,147.08999633789062,149.24000549316406,106820300,48456.0,-0.4492109932034749,0,-15.923158295736828,1.9783831222788286
2021-07-16,1393,143.60560607910156,146.38999938964844,149.75999450683594,145.8800048828125,148.4600067138672,93251400,48480.0,-1.4075945568625792,0,-12.702548111173629,2.65971311636594
2021-07-19,1394,139.7405548095703,142.4499969482422,144.07000732421875,141.6699981689453,143.75,121434600,48552.0,-2.6914423511397723,0,30.22281703009284,1.694084270694605
2021-07-20,1395,143.37017822265625,146.14999389648438,147.10000610351562,142.9600067138672,143.4600067138672,96350000,48576.0,2.5974005107115117,1,-20.65688032900014,2.895914378302037
2021-07-21,1396,142.6344451904297,145.39999389648438,146.1300048828125,144.6300048828125,145.52999877929688,74993500,48600.0,-0.5131714206784155,0,-22.165542293720808,1.0371291912873721
2021-07-22,1397,144.00779724121094,146.8000030517578,148.1999969482422,145.80999755859375,145.94000244140625,77338200,48624.0,0.9628674099327439,1,3.126537633261539,1.6391190108126956
2021-07-23,1398,145.73431396484375,148.55999755859375,148.72000122070312,146.9199981689453,147.5500030517578,71447400,48648.0,1.1989063148829748,1,-7.616934451538826,1.225158640206328
2021-07-26,1399,146.15614318847656,148.99000549316406,149.8300018310547,147.6999969482422,148.27000427246094,72434100,48720.0,0.2894506876931713,1,1.3810159641918451,1.4421157256752737
2021-07-27,1400,143.97840881347656,146.77000427246094,149.2100067138672,145.5500030517578,149.1199951171875,104818600,48744.0,-1.4900336524955593,0,44.70891472386624,2.5146022572104463
2021-07-28,1401,142.22242736816406,144.97999572753906,146.97000122070312,142.5399932861328,144.80999755859375,118931200,48768.0,-1.2196010716187922,0,13.463831800844517,3.1079052499164748
2021-07-29,1402,142.869873046875,145.63999938964844,146.5500030517578,144.5800018310547,144.69000244140625,56699500,48792.0,0.45523774421245555,1,-52.32579844481515,1.3625682637666032
2021-07-30,1403,143.08572387695312,145.86000061035156,146.3300018310547,144.11000061035156,144.3800048828125,70440600,48816.0,0.1510582406104799,1,24.234957980229098,1.5404907440848765
2021-08-02,1404,142.7521514892578,145.52000427246094,146.9499969482422,145.25,146.36000061035156,62880000,48888.0,-0.2330977214232255,0,-10.733298694218963,1.170393768152969
2021-08-03,1405,144.5571746826172,147.36000061035156,148.0399932861328,145.17999267578125,145.80999755859375,64786600,48912.0,1.2644284523559701,1,3.0321246819338343,1.9699688349885585
2021-08-04,1406,144.15493774414062,146.9499969482422,147.7899932861328,146.27999877929688,147.27000427246094,56368300,48936.0,-0.278232668574363,0,-12.993890711968215,1.0322631388001133
2021-08-05,1407,144.2628631591797,147.05999755859375,147.83999633789062,146.1699981689453,146.97999572753906,46397700,48960.0,0.07485580989179397,1,-17.688310628491543,1.1425040636691433
2021-08-06,1408,143.5751495361328,146.13999938964844,147.11000061035156,145.6300048828125,146.35000610351562,54126800,48984.0,-0.6255937605185613,0,16.658368841558957,1.0162711514910716
2021-08-09,1409,143.5260467529297,146.08999633789062,146.6999969482422,145.52000427246094,146.1999969482422,48908700,49056.0,-0.03421585600564825,0,-9.640510800564606,0.8108800447613503
2021-08-10,1410,143.04466247558594,145.60000610351562,147.7100067138672,145.3000030517578,146.44000244140625,69023100,49080.0,-0.335403002709167,0,41.1264253599053,1.6586397876749523
2021-08-11,1411,143.300048828125,145.86000061035156,146.72000122070312,145.52999877929688,146.0500030517578,48493500,49104.0,0.178567648308392,1,-29.743086010335674,0.8177025021562359
2021-08-12,1412,146.27688598632812,148.88999938964844,149.0500030517578,145.83999633789062,146.19000244140625,72282600,49128.0,2.0773335846824503,1,49.0562652726654,2.2010468969226085
2021-08-13,1413,146.48321533203125,149.10000610351562,149.44000244140625,148.27000427246094,148.97000122070312,59375000,49152.0,0.14104823341263284,1,-17.85713297529419,0.7890997067723313
2021-08-16,1414,148.4677734375,151.1199951171875,151.19000244140625,146.47000122070312,148.5399932861328,103296000,49224.0,1.3547880154139325,1,73.97221052631579,3.222503708176365
2021-08-17,1415,147.5540771484375,150.19000244140625,151.67999267578125,149.08999633789062,150.22999572753906,92229700,49248.0,-0.6154001494375949,0,-10.71319315365551,1.7372033010322019
2021-08-18,1416,143.79129028320312,146.36000061035156,150.72000122070312,146.14999389648438,149.8000030517578,86326000,49272.0,-2.5501043803157875,0,-6.401083382034201,3.12692953477344
2021-08-19,1417,144.1253204345703,146.6999969482422,148.0,144.5,145.02999877929688,86960300,49296.0,0.23230140507841668,1,0.7347728378472196,2.422145328719723
2021-08-20,1418,145.58914184570312,148.19000244140625,148.5,146.77999877929688,147.44000244140625,60549600,49320.0,1.0156820205591055,1,-30.370985380685212,1.171822615484126
2021-08-23,1419,147.08248901367188,149.7100067138672,150.19000244140625,147.88999938964844,148.30999755859375,60131800,49392.0,1.0257131030562805,1,-0.6900128159393337,1.55521202329439
2021-08-24,1420,146.99404907226562,149.6199951171875,150.86000061035156,149.14999389648438,149.4499969482422,48606400,49416.0,-0.06012396810035625,0,-19.16689671687859,1.14650136362325
2021-08-25,1421,145.75616455078125,148.36000061035156,150.32000732421875,147.8000030517578,149.80999755859375,58991300,49440.0,-0.8421297606974743,0,21.36529345929754,1.7050096213993053
2021-08-26,1422,144.9506072998047,147.5399932861328,149.1199951171875,147.50999450683594,148.35000610351562,48597200,49464.0,-0.5527145597501004,0,-17.61971680569847,1.0914518814363805
2021-08-27,1423,145.9919891357422,148.60000610351562,148.75,146.8300018310547,147.47999572753906,55802400,49488.0,0.7184579541948732,1,14.826368597367745,1.3076334161968464
2021-08-30,1424,150.43263244628906,153.1199951171875,153.49000549316406,148.61000061035156,149.0,90956700,49560.0,3.041715227469921,1,62.99782805040643,3.2837661414238486
2021-08-31,1425,149.165283203125,151.8300018310547,152.8000030517578,151.2899932861328,152.66000366210938,86453100,49584.0,-0.8424721311841354,0,-4.951366969118276,0.9980896507604029
2021-09-01,1426,149.83334350585938,152.50999450683594,154.97999572753906,152.33999633789062,152.8300018310547,80313700,49608.0,0.44786449817599827,1,-7.101422621051179,1.732965375549117
2021-09-02,1427,150.95333862304688,153.64999389648438,154.72000122070312,152.39999389648438,153.8699951171875,71115500,49632.0,0.7474915944589711,1,-11.452840548997244,1.5223145781715604
2021-09-03,1428,151.59193420410156,154.3000030517578,154.6300048828125,153.08999633789062,153.75999450683594,57808700,49656.0,0.42304535053308,1,-18.71153264759441,1.0059498215173153
2021-09-07,1429,153.94000244140625,156.69000244140625,157.25999450683594,154.38999938964844,154.97000122070312,82278300,49752.0,1.548930228372547,1,42.328576840510166,1.8589255317918785
2021-09-08,1430,152.3877410888672,155.11000061035156,157.0399932861328,153.97999572753906,156.97999572753906,74420200,49776.0,-1.0083616098260806,0,-9.550634857550532,1.987269543771311
2021-09-09,1431,151.36599731445312,154.07000732421875,156.11000061035156,153.9499969482422,155.49000549316406,57305700,49800.0,-0.6704875778740793,0,-22.997116374317727,1.403055345844252
2021-09-10,1432,146.35549926757812,148.97000122070312,155.47999572753906,148.6999969482422,155.0,140893200,49824.0,-3.3101874869022163,0,145.86245347321469,4.559515076289329
2021-09-13,1433,146.92530822753906,149.5500030517578,151.4199981689453,148.75,150.6300048828125,102404300,49896.0,0.3893413615506436,1,-27.31778396686284,1.7949567522321428
2021-09-14,1434,145.52041625976562,148.1199951171875,151.07000732421875,146.91000366210938,150.35000610351562,109296300,49920.0,-0.9562072252685905,0,6.7301861347619285,2.831668067803821
2021-09-15,1435,146.41444396972656,149.02999877929688,149.44000244140625,146.3699951171875,148.55999755859375,83281300,49944.0,0.6143692223250508,1,-23.80226961022468,2.09742940946389
2021-09-16,1436,146.17864990234375,148.7899932861328,148.97000122070312,147.22000122070312,148.44000244140625,68034100,49968.0,-0.16104508832446296,0,-18.308071559881988,1.1886971780257685
2021-09-17,1437,143.49655151367188,146.05999755859375,148.82000732421875,145.75999450683594,148.82000732421875,129868800,49992.0,-1.8347979371765355,0,90.88780479200871,2.0993502556967387
2021-09-20,1438,140.43128967285156,142.94000244140625,144.83999633789062,141.27000427246094,143.8000030517578,123478900,50064.0,-2.136105141269684,0,-4.920273383599449,2.527070119247967
2021-09-21,1439,140.91268920898438,143.42999267578125,144.60000610351562,142.77999877929688,143.92999267578125,75834000,50088.0,0.3427943374884501,1,-38.58545873019601,1.274693472320334
2021-09-22,1440,143.29025268554688,145.85000610351562,146.42999267578125,143.6999969482422,144.4499969482422,76404300,50112.0,1.6872436389261614,1,0.7520373447266415,1.8997882988977037
2021-09-23,1441,144.25303649902344,146.8300018310547,147.0800018310547,145.63999938964844,146.64999389648438,64838200,50136.0,0.6719202513049805,1,-15.138022336439183,0.988741037792534
2021-09-24,1442,144.34146118164062,146.9199981689453,147.47000122070312,145.55999755859375,145.66000366210938,53477900,50160.0,0.06129288072487249,1,-17.52099842376871,1.3121762119709586
2021-09-27,1443,142.81866455078125,145.3699951171875,145.9600067138672,143.82000732421875,145.47000122070312,74150700,50232.0,-1.0549980064493591,0,38.65671613881623,1.4879705747922527
2021-09-28,1444,139.41940307617188,141.91000366210938,144.75,141.69000244140625,143.25,108972300,50256.0,-2.38012765446467,0,46.96058162633663,2.1596425336072427
2021-09-29,1445,140.3232421875,142.8300018310547,144.4499969482422,142.02999877929688,142.47000122070312,74602000,50280.0,0.6482969101571312,1,-31.54040063392256,1.7038641059948143
2021-09-30,1446,139.01658630371094,141.5,144.3800048828125,141.27999877929688,143.66000366210938,89056700,50304.0,-0.9311781936598096,0,19.375754001233215,2.1942285746748595
2021-10-01,1447,140.14639282226562,142.64999389648438,142.9199981689453,139.11000061035156,141.89999389648438,94639600,50328.0,0.812716534617941,1,6.268927548404557,2.7388380000555026
2021-10-04,1448,136.69801330566406,139.13999938964844,142.2100067138672,138.27000427246094,141.75999450683594,98322000,50400.0,-2.460564077824645,0,3.8909716440052478,2.8494990378697596
2021-10-05,1449,138.6334686279297,141.11000061035156,142.24000549316406,139.36000061035156,139.49000549316406,80861100,50424.0,1.4158410445197056,1,-17.758894245438462,2.0665936209809224
2021-10-06,1450,139.50779724121094,142.0,142.14999389648438,138.3699951171875,139.47000122070312,83221100,50448.0,0.630713192402288,1,2.9185850798467916,2.7318052415160823
2021-10-07,1451,140.775146484375,143.2899932861328,144.22000122070312,142.72000122070312,143.05999755859375,61732700,50472.0,0.9084459761498742,1,-25.820855528225415,1.0510089596204462
2021-10-08,1452,140.3920135498047,142.89999389648438,144.17999267578125,142.55999755859375,144.02999877929688,58773200,50496.0,-0.272174895611621,0,-4.794055662558094,1.13636023073139
2021-10-11,1453,140.30360412597656,142.80999755859375,144.80999755859375,141.80999755859375,142.27000427246094,64452200,50568.0,-0.06297854565047167,0,9.662567292575531,2.1155067002666335
2021-10-12,1454,139.02639770507812,141.50999450683594,143.25,141.0399932861328,143.22999572753906,73035900,50592.0,-0.9103025516294383,0,13.317931738559729,1.5669362018357933
2021-10-13,1455,138.4369659423828,140.91000366210938,141.39999389648438,139.1999969482422,141.24000549316406,78762700,50616.0,-0.42399185076470447,0,7.8410754163363405,1.5804576124094298
2021-10-14,1456,141.23692321777344,143.75999450683594,143.8800048828125,141.50999450683594,142.11000061035156,69907100,50640.0,2.022561046524851,1,-11.243393128981104,1.6748006981669936
2021-10-15,1457,142.29794311523438,144.83999633789062,144.89999389648438,143.50999450683594,143.77000427246094,67940300,50664.0,0.7512533892058082,1,-2.8134481333083494,0.9685732303349969
2021-10-18,1458,143.97796630859375,146.5500030517578,146.83999633789062,143.16000366210938,143.4499969482422,85589200,50736.0,1.180617755525204,1,25.977071046197906,2.5705452512189657
2021-10-19,1459,146.149169921875,148.75999450683594,149.1699981689453,146.5500030517578,147.00999450683594,76378900,50760.0,1.508011879261173,1,-10.761053964752564,1.7877823695862927
2021-10-20,1460,146.64041137695312,149.25999450683594,149.75,148.1199951171875,148.6999969482422,58418800,50784.0,0.3361118704377386,1,-23.514478475076228,1.1004624200283666
2021-10-21,1461,146.85655212402344,149.47999572753906,149.63999938964844,147.8699951171875,148.80999755859375,61421000,50808.0,0.14739463272126496,1,5.1390990571528405,1.1970002914101692
2021-10-22,1462,146.0803985595703,148.69000244140625,150.17999267578125,148.63999938964844,149.69000244140625,58883400,50832.0,-0.5284943194491021,0,-4.131485973852589,1.0360557672607609
2021-10-25,1463,146.0312957763672,148.63999938964844,149.3699951171875,147.6199951171875,148.67999267578125,50720600,50904.0,-0.03362906109138919,0,-13.862650594225201,1.1854762619459307
2021-10-26,1464,146.6993408203125,149.32000732421875,150.83999633789062,149.00999450683594,149.3300018310547,60893400,50928.0,0.4574865025313457,1,20.05654507241634,1.2281067703621282
2021-10-27,1465,146.23756408691406,148.85000610351562,149.72999572753906,148.49000549316406,149.36000061035156,56094900,50952.0,-0.31476104851951847,0,-7.880164352787,0.83506646138018
2021-10-28,1466,149.89230346679688,152.57000732421875,153.1699981689453,149.72000122070312,149.82000732421875,100077900,50976.0,2.499160946030532,1,78.40819753667445,2.304299305445855
2021-10-29,1467,147.1709747314453,149.8000030517578,149.94000244140625,146.41000366210938,147.22000122070312,124953200,51000.0,-1.81556278395828,0,24.8559372249018,2.4110366033755057
2021-11-01,1468,146.3456573486328,148.9600067138672,149.6999969482422,147.8000030517578,148.99000549316406,74588300,51072.0,-0.5607452074619768,0,-40.30701094489777,1.2855168181688195
2021-11-02,1469,147.38705444335938,150.02000427246094,151.57000732421875,148.64999389648438,148.66000366210938,69122000,51096.0,0.7115987586049588,1,-7.328629289043997,1.9643548924514518
2021-11-03,1470,148.83126831054688,151.49000549316406,151.97000122070312,149.82000732421875,150.38999938964844,54511500,51120.0,0.9798701365408391,1,-21.137264546743438,1.4350512557589652
2021-11-04,1471,148.31056213378906,150.9600067138672,152.42999267578125,150.63999938964844,151.5800018310547,60394600,51144.0,-0.3498572579567205,0,10.792401603331413,1.1882589573721254
2021-11-05,1472,148.84185791015625,151.27999877929688,152.1999969482422,150.05999755859375,151.88999938964844,65463900,51168.0,0.21197141706292832,1,8.393631218685105,1.4260958446389649
2021-11-08,1473,148.01539611816406,150.44000244140625,151.57000732421875,150.16000366210938,151.41000366210938,55020900,51240.0,-0.5552593499925207,0,-15.95230348329385,0.9390008176093088
2021-11-09,1474,148.3794403076172,150.80999755859375,151.42999267578125,150.05999755859375,150.1999969482422,56787900,51264.0,0.24594197765426262,1,3.211506900105232,0.9129649070216463
2021-11-10,1475,145.5360107421875,147.9199981689453,150.1300048828125,147.85000610351562,150.02000427246094,65187100,51288.0,-1.916318172822462,0,14.79047473141286,1.5421025939630721
2021-11-11,1476,145.48680114746094,147.8699951171875,149.42999267578125,147.67999267578125,148.9600067138672,41000000,51312.0,-0.03380411869712274,0,-37.10412029373909,1.18499464165195
2021-11-12,1477,147.5726776123047,149.99000549316406,150.39999389648438,147.47999572753906,148.42999267578125,63804000,51336.0,1.4336988205730705,1,55.619512195121956,1.9799282977603576
2021-11-15,1478,147.58250427246094,150.0,151.8800048828125,149.42999267578125,150.3699951171875,59222800,51408.0,0.006663448543164918,1,-7.1801140994295025,1.639571924725346
2021-11-16,1479,148.56634521484375,151.0,151.49000549316406,149.33999633789062,149.94000244140625,59256200,51432.0,0.6666666666666599,1,0.05639719837629009,1.4396740377634092
2021-11-17,1480,151.01625061035156,153.49000549316406,155.0,150.99000549316406,151.0,88807000,51456.0,1.6490102603735624,1,49.86954951549374,2.655801285481433
2021-11-18,1481,155.32565307617188,157.8699951171875,158.6699981689453,153.0500030517578,153.7100067138672,137827700,51480.0,2.853599235957094,1,55.199139707455494,3.6719993499686203
2021-11-19,1482,157.9624481201172,160.5500030517578,161.02000427246094,156.52999877929688,157.64999389648438,117305600,51504.0,1.6976043690765552,1,-14.889677474121676,2.8684632518874866
2021-11-22,1483,158.42491149902344,161.02000427246094,165.6999969482422,161.0,161.67999267578125,117467900,51576.0,0.2927444483147079,1,0.13835656609744174,2.9192527628833465
2021-11-23,1484,158.80860900878906,161.41000366210938,161.8000030517578,159.05999755859375,161.1199951171875,96041900,51600.0,0.24220555167078217,1,-18.239876596074332,1.7226238747770084
2021-11-24,1485,159.330078125,161.94000244140625,162.13999938964844,159.63999938964844,160.75,69463600,51624.0,0.3283555958565998,1,-27.67365077117383,1.5660235589816145
2021-11-26,1486,154.28273010253906,156.80999755859375,160.4499969482422,156.36000061035156,159.57000732421875,76959800,51672.0,-3.1678429081589354,0,10.791551258500863,2.615756153699998
2021-11-29,1487,157.65745544433594,160.24000549316406,161.19000244140625,158.7899932861328,159.3699951171875,88748200,51744.0,2.187365594013646,1,15.317607374239529,1.5114360203723436
2021-11-30,1488,162.6359100341797,165.3000030517578,165.52000427246094,159.9199981689453,159.99000549316406,174048100,51768.0,3.1577617231232535,1,96.11451274504724,3.501754732137737
2021-12-01,1489,162.11441040039062,164.77000427246094,170.3000030517578,164.52999877929688,167.47999572753906,152052500,51792.0,-0.3206284147078464,0,-12.637655912359858,3.5069618399504834
2021-12-02,1490,161.1206817626953,163.75999450683594,164.1999969482422,157.8000030517578,158.74000549316406,136739200,51816.0,-0.6129815739731703,0,-10.071060982226532,4.055762847092722
2021-12-03,1491,159.23167419433594,161.83999633789062,164.9600067138672,159.72000122070312,164.02000427246094,118023100,51840.0,-1.1724464053185835,0,-13.687442957103746,3.2807447114424675
2021-12-06,1492,162.6555938720703,165.32000732421875,167.8800048828125,164.27999877929688,164.2899932861328,107497000,51912.0,2.1502787105003085,1,-8.918677784264261,2.191384301354956
2021-12-07,1493,168.42112731933594,171.17999267578125,171.5800018310547,168.33999633789062,169.0800018310547,120405400,51936.0,3.5446316791349686,1,12.008149064625062,1.9246795554520215
2021-12-08,1494,172.25828552246094,175.0800018310547,175.9600067138672,170.6999969482422,172.1300048828125,116998900,51960.0,2.278308985945654,1,-2.82919204620391,3.0814351843368124
2021-12-09,1495,171.74664306640625,174.55999755859375,176.75,173.9199981689453,174.91000366210938,108923700,51984.0,-0.29700951966102895,0,-6.901945231963724,1.6271859825490758
2021-12-10,1496,176.55783081054688,179.4499969482422,179.6300048828125,174.69000244140625,175.2100067138672,115402700,52008.0,2.8013287454401015,1,5.9482004375539965,2.8278678644264166
2021-12-13,1497,172.90765380859375,175.74000549316406,182.1300048828125,175.52999877929688,181.1199951171875,153237000,52080.0,-2.0674235264256824,0,32.784588228871606,3.7600445219703786
2021-12-14,1498,171.5203399658203,174.3300018310547,177.74000549316406,172.2100067138672,175.25,139380400,52104.0,-0.8023236702153325,0,-9.042594151543037,3.211194799199536
2021-12-15,1499,176.41024780273438,179.3000030517578,179.5,172.30999755859375,175.11000061035156,131063300,52128.0,2.850915601733095,1,-5.967194813617982,4.172713448597955
2021-12-16,1500,169.4837188720703,172.25999450683594,181.13999938964844,170.75,179.27999877929688,150185800,52152.0,-3.9263850669816525,0,14.59027813278011,6.084919115460286
2021-12-17,1501,168.38177490234375,171.13999938964844,173.47000122070312,169.69000244140625,169.92999267578125,195432700,52176.0,-0.6501771466984829,0,30.127282339608662,2.227590738942976
2021-12-20,1502,167.01416015625,169.75,170.5800018310547,167.4600067138672,168.27999877929688,107499100,52248.0,-0.8122001838294479,0,-44.994312620150055,1.8631285035826628
2021-12-21,1503,170.20196533203125,172.99000549316406,173.1999969482422,169.1199951171875,171.55999755859375,91185900,52272.0,1.908692484927288,1,-15.175196815601243,2.412489326426217
2021-12-22,1504,172.8092498779297,175.63999938964844,175.86000061035156,172.14999389648438,173.0399932861328,92135300,52296.0,1.531876878626437,1,1.041169742251813,2.155101275285583
2021-12-23,1505,173.4389190673828,176.27999877929688,176.85000610351562,175.27000427246094,175.85000610351562,68356600,52320.0,0.36438134358485197,1,-25.80845777894032,0.9014673318536247
2021-12-27,1506,177.4236602783203,180.3300018310547,180.4199981689453,177.07000732421875,177.08999633789062,74919600,52416.0,2.2974830268908786,1,9.601121179227757,1.8919019066807072
2021-12-28,1507,176.400390625,179.2899932861328,181.3300018310547,178.52999877929688,180.16000366210935,79144300,52440.0,-0.576725189575622,0,5.638978318090326,1.5683655805203047
2021-12-29,1508,176.48898315429688,179.3800048828125,180.6300048828125,178.13999938964844,179.3300018310547,62348900,52464.0,0.05020447322792165,1,-21.221237663356675,1.3977801177138405
2021-12-30,1509,175.32797241210938,178.1999969482422,180.57000732421875,178.08999633789062,179.47000122070312,59773000,52488.0,-0.6578257901939555,0,-4.131428140672888,1.3925605240750265
2021-12-31,1510,174.70814514160156,177.57000732421875,179.22999572753906,177.25999450683594,178.08999633789062,64062300,52512.0,-0.3535295369317071,0,7.175982467000153,1.1113625644545266
2022-01-03,1511,179.07659912109375,182.0099945068359,182.8800048828125,177.7100067138672,177.8300018310547,104487900,52584.0,2.500415047294746,1,63.10357261603159,2.9092330052463407
2022-01-04,1512,176.8038330078125,179.6999969482422,182.94000244140625,179.1199951171875,182.6300048828125,99310400,52608.0,-1.269159732053593,0,-4.955119205190261,2.132652650933553
2022-01-05,1513,172.10084533691406,174.9199981689453,180.1699981689453,174.63999938964844,179.61000061035156,94537600,52632.0,-2.659988236212174,0,-4.805941774476796,3.166513283682855
2022-01-06,1514,169.22792053222656,172.0,175.3000030517578,171.63999938964844,172.6999969482422,96904000,52656.0,-1.6693335236175,0,2.50313102934705,2.1323722180868923
2022-01-07,1515,169.39517211914062,172.1699981689453,174.13999938964844,171.02999877929688,172.88999938964844,86709100,52680.0,0.09883614473564784,1,-10.520618343928012,1.8183948035717503
2022-01-10,1516,169.41485595703125,172.19000244140625,172.5,168.1699981689453,169.0800018310547,106765600,52752.0,0.011618907285648739,1,23.13079019387816,2.574776641612806
2022-01-11,1517,172.25828552246094,175.0800018310547,175.17999267578125,170.82000732421875,172.32000732421875,76138300,52776.0,1.6783781570778755,1,-28.68648703327663,2.552385648413647
2022-01-12,1518,172.7010498046875,175.52999877929688,177.17999267578125,174.82000732421875,176.1199951171875,74805200,52800.0,0.25702361408266317,1,-1.7508927832641352,1.3499515231032477
2022-01-13,1519,169.41485595703125,172.19000244140625,176.6199951171875,171.7899932861328,175.77999877929688,84505800,52824.0,-1.9028065636177538,0,12.9678150716795,2.811573444216773
2022-01-14,1520,170.28067016601562,173.07000732421875,173.77999877929688,171.08999633789062,171.33999633789062,80440800,52848.0,0.5110661887074208,1,-4.810320711714466,1.572273364302192
2022-01-18,1521,167.06336975097656,169.8000030517578,172.5399932861328,169.41000366210938,171.50999450683594,90956700,52944.0,-1.8894112983626976,0,13.072843631589937,1.8475825254488782
2022-01-19,1522,163.5509490966797,166.22999572753906,171.0800018310547,165.94000244140625,170.0,94815000,52968.0,-2.1024777738847034,0,4.241908512512005,3.097504708946465
2022-01-20,1523,161.858642578125,164.50999450683594,169.67999267578125,164.17999267578125,166.97999572753906,91420500,52992.0,-1.0347117036099251,0,-3.5801297263091336,3.349981876818127
2022-01-21,1524,159.79248046875,162.41000366210938,166.3300018310547,162.3000030517578,164.4199981689453,122848900,53016.0,-1.276512622240289,0,34.37784741934249,2.48305527019103
2022-01-24,1525,159.0152130126953,161.6199951171875,162.3000030517578,154.6999969482422,160.02000427246094,162294600,53088.0,-0.486428500159064,0,32.10911941417465,4.912738366800583
2022-01-25,1526,157.20486450195312,159.77999877929688,162.75999450683594,157.02000427246094,158.97999572753906,115798400,53112.0,-1.1384707297859231,0,-28.64925881699083,3.655578956942948
2022-01-26,1527,157.1163330078125,159.69000244140625,164.38999938964844,157.82000732421875,163.5,108275300,53136.0,-0.05632515870458432,0,-6.496721889076184,4.162965251885063
2022-01-27,1528,156.6538848876953,159.22000122070312,163.83999633789062,158.27999877929688,162.4499969482422,121954600,53160.0,-0.29432100539642514,0,12.633813990817844,3.512760678212111
2022-01-28,1529,167.5848388671875,170.3300018310547,170.35000610351562,162.8000030517578,165.7100067138672,179935700,53184.0,6.977766942076213,1,47.54318410293668,4.637593925202505
2022-01-31,1530,171.9630889892578,174.77999877929688,175.0,169.50999450683594,170.16000366210938,115541600,53256.0,2.6125737688043937,1,-35.787284013122466,3.2387503221485052
2022-02-01,1531,171.79586791992188,174.61000061035156,174.83999633789062,172.30999755859375,174.00999450683594,86213900,53280.0,-0.09726408635577499,0,-25.382805846552237,1.4682832192813147
2022-02-02,1532,173.0060577392578,175.83999633789062,175.8800048828125,173.3300018310547,174.75,84914300,53304.0,0.7044245594408194,1,-1.5074135377242004,1.4711838832398496
2022-02-03,1533,170.11338806152344,172.89999389648438,176.24000549316406,172.1199951171875,174.47999572753906,89418100,53328.0,-1.6719759455390393,0,5.303935850616437,2.3936849249684573
2022-02-04,1534,169.8277587890625,172.38999938964844,174.10000610351562,170.67999267578125,171.67999267578125,82465400,53352.0,-0.2949650230417378,0,-7.775495117878817,2.003757660237854
2022-02-07,1535,169.10861206054688,171.66000366210938,173.9499969482422,170.9499969482422,172.86000061035156,77251200,53424.0,-0.4234559603942367,0,-6.322894207752583,1.7548991246301673
2022-02-08,1536,172.23146057128906,174.8300018310547,175.35000610351562,171.42999267578125,171.72999572753906,74829200,53448.0,1.8466725511581794,1,-3.1352263783604672,2.286655541745336
2022-02-09,1537,173.65989685058594,176.27999877929688,176.64999389648438,174.89999389648438,176.0500030517578,71285000,53472.0,0.8293753549481586,1,-4.736386330469921,1.0005717902058637
2022-02-10,1538,169.56173706054688,172.1199951171875,175.47999572753906,171.5500030517578,174.13999938964844,90865900,53496.0,-2.359884099680365,0,27.468471627972235,2.2908729850593734
2022-02-11,1539,166.13345336914062,168.63999938964844,173.0800018310547,168.0399932861328,172.3300018310547,98670700,53520.0,-2.0218427993619836,0,8.589360805318602,2.999291089199176
2022-02-14,1540,166.3699188232422,168.8800048828125,169.5800018310547,166.55999755859375,167.3699951171875,86185500,53592.0,0.14231824835904128,1,-12.65340166837775,1.8131630143657615
2022-02-15,1541,170.22177124023438,172.7899932861328,172.9499969482422,170.25,170.97000122070312,62527400,53616.0,2.3152465006342826,1,-27.45020914190902,1.5859012911848385
2022-02-16,1542,169.9853515625,172.5500030517578,173.33999633789062,170.0500030517578,171.85000610351562,61177400,53640.0,-0.13889128057177347,0,-2.1590534709583276,1.9347210979651925
2022-02-17,1543,166.3699188232422,168.8800048828125,171.91000366210938,168.47000122070312,171.02999877929688,69589300,53664.0,-2.1269186346200564,0,13.750012259429134,2.0419080052713334
2022-02-18,1544,164.8134002685547,167.3000030517578,170.5399932861328,166.19000244140625,169.82000732421875,82772700,53688.0,-0.9355766137921773,0,18.944579123514682,2.6174804626170234
2022-02-22,1545,161.87767028808594,164.32000732421875,166.69000244140625,162.14999389648438,164.97999572753906,91162800,53784.0,-1.7812287347162448,0,10.13631305974072,2.7998820325705287
2022-02-23,1546,157.6908416748047,160.07000732421875,166.14999389648438,159.75,165.5399932861328,90009200,53808.0,-2.586416632525068,0,-1.265428442303218,4.00625596024061
2022-02-24,1547,160.32115173339844,162.74000549316406,162.85000610351562,152.0,152.5800018310547,141147500,53832.0,1.6680190209133139,1,56.814525626269315,7.138161910207648
2022-02-25,1548,162.39981079101562,164.85000610351562,165.1199951171875,160.8699951171875,163.83999633789062,91974200,53856.0,1.2965469700934706,1,-34.83823659646823,2.641884831850738
2022-02-28,1549,162.66578674316406,165.1199951171875,165.4199981689453,162.42999267578125,163.05999755859375,95056600,53928.0,0.1637785888235488,1,3.3513746246229825,1.8407964218358794
2022-03-01,1550,160.77430725097656,163.1999969482422,166.60000610351562,161.97000122070312,164.6999969482422,83474400,53952.0,-1.1627896231359958,0,-12.184530058933307,2.8585570463159873
2022-03-02,1551,164.08438110351562,166.55999755859375,167.36000061035156,162.9499969482422,164.38999938964844,79724800,53976.0,2.058823941900667,1,-4.4919160844522406,2.706353939675203
2022-03-03,1552,163.75930786132812,166.22999572753906,168.91000366210938,165.5500030517578,168.47000122070312,76678400,54000.0,-0.1981279033932526,0,-3.8211447378983743,2.029598639935444
2022-03-04,1553,160.74476623535156,163.1699981689453,165.5500030517578,162.10000610351562,164.49000549316406,83737200,54024.0,-1.8408215347663681,0,9.205721559135306,2.128313891634927
2022-03-07,1554,156.9322967529297,159.3000030517578,165.02000427246094,159.0399932861328,163.36000061035156,96418800,54096.0,-2.371756548762427,0,15.144523580917447,3.760067428806626
2022-03-08,1555,155.09994506835938,157.44000244140625,162.8800048828125,155.8000030517578,158.82000732421875,131148300,54120.0,-1.1676086470301161,0,36.01942774645608,4.544288634386396
2022-03-09,1556,160.5280303955078,162.9499969482422,163.41000366210938,159.41000366210938,161.47999572753906,91454900,54144.0,3.4997423916368176,1,-30.266042335279984,2.5092528123131657
2022-03-10,1557,156.16387939453125,158.52000427246094,160.38999938964844,155.97999572753906,160.1999969482422,105342000,54168.0,-2.7186209013482565,0,15.18464292235846,2.827287974678901
2022-03-11,1558,152.4302215576172,154.72999572753906,159.27999877929688,154.5,158.92999267578125,96970100,54192.0,-2.390870831928371,0,-7.947352433027666,3.093850342586974
2022-03-14,1559,148.38131713867188,150.6199951171875,154.1199951171875,150.10000610351562,151.4499969482422,108732100,54264.0,-2.656240369571772,0,12.1295120867154,2.6782070954077857
2022-03-15,1560,152.7848663330078,155.08999633789062,155.57000732421875,150.3800048828125,150.89999389648438,92964300,54288.0,2.9677342754030223,1,-14.501513352542627,3.4512583274955295
2022-03-16,1561,157.21798706054688,159.58999633789062,160.0,154.4600067138672,157.0500030517578,102300200,54312.0,2.901541109199557,1,10.04245715828549,3.5866846078774905
2022-03-17,1562,158.232666015625,160.6199951171875,161.0,157.6300048828125,158.61000061035156,75615400,54336.0,0.6454030972694147,1,-26.08479748817696,2.137914745160903
2022-03-18,1563,161.542724609375,163.97999572753906,164.47999572753906,159.75999450683594,160.50999450683594,123511700,54360.0,2.0918943546848645,1,63.3419911816905,2.954432513141556
2022-03-21,1564,162.9219512939453,165.3800048828125,166.35000610351562,163.00999450683594,163.50999450683594,95811400,54432.0,0.8537682593916074,1,-22.427268024000966,2.048961235036188
2022-03-22,1565,166.31077575683594,168.82000732421875,169.4199981689453,164.91000366210938,165.50999450683594,81532000,54456.0,2.08005946295855,1,-14.90365447117984,2.734821664352542
2022-03-23,1566,167.68011474609375,170.2100067138672,172.63999938964844,167.64999389648438,167.99000549316406,98062700,54480.0,0.8233617636201895,1,20.2751067065692,2.9764423947698715
2022-03-24,1567,171.48277282714844,174.07000732421875,174.13999938964844,170.2100067138672,171.05999755859375,90131400,54504.0,2.267787120671727,1,-8.087988603209983,2.308908125706025
2022-03-25,1568,172.12307739257812,174.72000122070312,175.27999877929688,172.75,173.8800048828125,80546200,54528.0,0.3734094727035453,1,-10.634695566694852,1.464543432299204
2022-03-28,1569,172.9900360107422,175.60000610351562,175.72999572753906,172.0,172.1699981689453,90371900,54600.0,0.5036657947940837,1,12.198837437396183,2.1686021671738733
2022-03-29,1570,176.30007934570312,178.9600067138672,179.00999450683594,176.33999633789062,176.69000244140625,100589400,54624.0,1.9134399166084615,1,11.306058631056782,1.514119442210515
2022-03-30,1571,175.12774658203125,177.77000427246094,179.61000061035156,176.6999969482422,178.5500030517578,92633200,54648.0,-0.6649544014093012,0,-7.909580929998583,1.6468611841355913
2022-03-31,1572,172.01475524902344,174.61000061035156,178.02999877929688,174.39999389648438,177.83999633789062,103049300,54672.0,-1.7775797863323284,0,11.244456631099876,2.0814248909705237
2022-04-01,1573,171.7191925048828,174.30999755859375,174.8800048828125,171.94000244140625,174.02999877929688,78751300,54696.0,-0.17181321270783867,0,-23.579005388682894,1.7099001975460275
2022-04-04,1574,175.78781127929688,178.44000244140625,178.49000549316406,174.44000244140625,174.57000732421875,76468400,54768.0,2.3693448113463633,1,-2.898872780512829,2.3217169199009806
2022-04-05,1575,172.45802307128906,175.05999755859375,178.3000030517578,174.4199981689453,177.5,73401800,54792.0,-1.8941968373500706,0,-4.010283986587925,2.2245183600187177
2022-04-06,1576,169.2760772705078,171.8300018310547,173.6300048828125,170.1300048828125,172.36000061035156,89058800,54816.0,-1.8450792714411857,0,21.33053957804849,2.0572502789327727
2022-04-07,1577,169.58143615722656,172.13999938964844,173.36000061035156,169.85000610351562,171.16000366210938,77594700,54840.0,0.18040944846089424,1,-12.872506703436382,2.0665259821637925
2022-04-08,1578,167.56190490722656,170.08999633789062,171.77999877929688,169.1999969482422,171.77999877929688,76575500,54864.0,-1.190892912179875,0,-1.3134917719895833,1.5248238047214049
2022-04-11,1579,163.2864227294922,165.75,169.02999877929688,165.5,168.7100067138672,72246700,54936.0,-2.5515882364234077,0,-5.652983003702228,2.1329297760101964
2022-04-12,1580,165.16802978515625,167.66000366210938,169.8699951171875,166.63999938964844,168.02000427246094,79265200,54960.0,1.152340067637625,1,9.714630564440995,1.9383075728333852
2022-04-13,1581,167.86729431152344,170.39999389648438,171.0399932861328,166.77000427246094,167.38999938964844,70618900,54984.0,1.6342539511671417,1,-10.908065582374105,2.5604058909153524
2022-04-14,1582,162.83323669433594,165.2899932861328,171.27000427246094,165.0399932861328,170.6199951171875,75329400,55008.0,-2.998826756681583,0,6.670310639219812,3.7748492727620526
2022-04-18,1583,162.6165313720703,165.07000732421875,166.60000610351562,163.57000732421875,163.9199981689453,69023900,55104.0,-0.13309091345490298,0,-8.370569790812088,1.8524170958132877
2022-04-19,1584,164.91189575195312,167.39999389648438,167.82000732421875,163.91000366210938,165.02000427246094,67723800,55128.0,1.4115141872437453,1,-1.8835504803408676,2.3854576137827515
2022-04-20,1585,164.74444580078125,167.22999572753906,168.8800048828125,166.10000610351562,168.75999450683594,67929800,55152.0,-0.10155207595194948,0,0.3041766705353277,1.6736897514406741
2022-04-21,1586,163.94647216796875,166.4199981689453,171.52999877929688,165.91000366210938,168.91000366210938,87227800,55176.0,-0.4843614060203949,0,28.408739610597998,3.3873756814767635
2022-04-22,1587,159.38526916503906,161.7899932861328,167.8699951171875,161.5,166.4600067138672,84882400,55200.0,-2.782120498590701,0,-2.688821682995557,3.9442694224071206
2022-04-25,1588,160.45907592773438,162.8800048828125,163.1699981689453,158.4600067138672,161.1199951171875,96046400,55272.0,0.6737200333224225,1,13.152314260671227,2.9723534365254722
2022-04-26,1589,154.46945190429688,156.8000030517578,162.33999633789062,156.72000122070312,162.25,95623200,55296.0,-3.7328104425273567,0,-0.4406203668226971,3.5860101285177146
2022-04-27,1590,154.24285888671875,156.57000732421875,159.7899932861328,155.3800048828125,155.91000366210938,88063200,55320.0,-0.1466809458308127,0,-7.906031172351479,2.8381955623223996
2022-04-28,1591,161.20777893066406,163.63999938964844,164.52000427246094,158.92999267578125,159.25,130216800,55344.0,4.515546870218534,1,47.867440656255965,3.517279213674518
2022-04-29,1592,155.30679321289062,157.64999389648438,166.1999969482422,157.25,161.83999633789062,131747600,55368.0,-3.6604775821961866,0,1.1755779592187876,5.691571986163553
2022-05-02,1593,155.6122283935547,157.9600067138672,158.22999572753906,153.27000427246094,156.7100067138672,123055300,55440.0,0.19664626031408172,1,-6.597691343144008,3.236113601367806
2022-05-03,1594,157.109619140625,159.47999572753906,160.7100067138672,156.32000732421875,158.14999389648438,88966500,55464.0,0.9622619328101267,1,-27.702016898093785,2.8083413408133153
2022-05-04,1595,163.55242919921875,166.02000427246094,166.47999572753906,159.25999450683594,159.6699981689453,108256500,55488.0,4.10083315784322,1,21.682318625550057,4.533468209050591
2022-05-05,1596,154.4398956298828,156.77000427246094,164.0800018310547,154.9499969482422,163.85000610351562,130525300,55512.0,-5.571617733980727,0,20.570404548456665,5.892226565104218
2022-05-06,1597,155.1699676513672,157.27999877929688,159.44000244140625,154.17999267578125,156.00999450683594,116124600,55536.0,0.32531383104996703,1,-11.032880215559738,3.4116033308459532
2022-05-09,1598,150.02000427246094,152.05999755859375,155.8300018310547,151.49000549316406,154.92999267578125,131577900,55608.0,-3.318922470255159,0,13.307516236869699,2.864873048068155
2022-05-10,1599,152.43710327148438,154.50999450683594,156.74000549316406,152.92999267578125,155.52000427246094,115366700,55632.0,1.611204121779708,1,-12.320610072056171,2.491344405842102
2022-05-11,1600,144.53457641601562,146.5,155.4499969482422,145.80999755859375,153.5,142689800,55656.0,-5.184127106082803,0,23.683697288732365,6.611343221355314
2022-05-12,1601,140.64743041992188,142.55999755859375,146.1999969482422,138.8000030517578,142.77000427246094,182602000,55680.0,-2.6894214617107504,0,27.97130558736505,5.33140758918064
2022-05-13,1602,145.1363983154297,147.11000061035156,148.10000610351562,143.11000061035156,144.58999633789062,113990900,55704.0,3.1916408036466892,1,-37.57412295593695,3.486832137434231
2022-05-16,1603,143.5874786376953,145.5399932861328,147.52000427246094,144.17999267578125,145.5500030517578,86643800,55776.0,-1.0672335787539122,0,-23.990599249589216,2.3165569193711915
2022-05-17,1604,147.2378387451172,149.24000549316406,149.77000427246094,146.67999267578125,148.86000061035156,78336300,55800.0,2.542264929033622,1,-9.58810670815453,2.106634681602277
2022-05-18,1605,138.9307861328125,140.82000732421875,147.36000061035156,139.89999389648438,146.85000610351562,109742900,55824.0,-5.641917621968318,0,40.09201353650862,5.33238530330962
2022-05-19,1606,135.50735473632812,137.35000610351562,141.66000366210938,136.60000610351562,139.8800048828125,136095600,55848.0,-2.464139355364414,0,24.013125222679555,3.704244020867231
2022-05-20,1607,135.744140625,137.58999633789062,140.6999969482422,132.61000061035156,139.08999633789062,137426100,55872.0,0.1747289579252964,1,0.9776216130426008,6.100592942203122
2022-05-23,1608,141.1900634765625,143.11000061035156,143.25999450683594,137.64999389648438,137.7899932861328,117726300,55944.0,4.011922682885327,1,-14.334831593125319,4.0755545652769145
2022-05-24,1609,138.47695922851562,140.36000061035156,141.97000122070312,137.3300018310547,140.80999755859375,104132700,55968.0,-1.9215987619813357,0,-11.546782664536304,3.3787222950427327
2022-05-25,1610,138.6348114013672,140.52000427246094,141.7899932861328,138.33999633789062,138.42999267578125,92482700,55992.0,0.11399519906925004,1,-11.187648068282108,2.4938535778298636
2022-05-26,1611,141.85107421875,143.77999877929688,144.33999633789062,137.13999938964844,137.38999938964844,90601500,56016.0,2.319950475175747,1,-2.034110163306213,5.250107175358246
2022-05-27,1612,147.6324462890625,149.63999938964844,149.67999267578125,145.25999450683594,145.38999938964844,90978500,56040.0,4.075671623385313,1,0.41610790108330686,3.0428186259757206
2022-05-31,1613,146.8431854248047,148.83999633789062,150.66000366210938,146.83999633789062,149.07000732421875,103718400,56136.0,-0.5346184543042365,0,14.003198557901042,2.6014760416015035
2022-06-01,1614,146.7149200439453,148.7100067138672,151.74000549316406,147.67999267578125,149.89999389648438,74286600,56160.0,-0.08733514325567349,0,-28.376642910033322,2.7491962477924967
2022-06-02,1615,149.181396484375,151.2100067138672,151.27000427246094,146.86000061035156,147.8300018310547,72348100,56184.0,1.6811242600575316,1,-2.6094881176416784,3.002862347665367
2022-06-03,1616,143.4296112060547,145.3800048828125,147.97000122070312,144.4600067138672,146.89999389648438,88570300,56208.0,-3.8555661478719028,0,22.422427126628076,2.429734420397893
2022-06-06,1617,144.17941284179688,146.13999938964844,148.57000732421875,144.89999389648438,147.02999877929688,71598400,56280.0,0.5227641225136415,1,-19.162066742463335,2.5327906020176987
2022-06-07,1618,146.7149200439453,148.7100067138672,149.0,144.10000610351562,144.35000610351562,67808200,56304.0,1.7585926747997416,1,-5.293693713826009,3.400411997876265
2022-06-08,1619,145.97500610351562,147.9600067138672,149.8699951171875,147.4600067138672,148.5800018310547,53950200,56328.0,-0.5043372780172639,0,-20.43705628522804,1.6343335776436503
2022-06-09,1620,140.7263946533203,142.63999938964844,147.9499969482422,142.52999877929688,147.0800018310547,69473000,56352.0,-3.59557115626985,0,28.772460528413248,3.802706949670297
2022-06-10,1621,135.290283203125,137.1300048828125,140.75999450683594,137.05999755859375,140.27999877929688,91437900,56376.0,-3.8628677302390724,0,31.616455313575067,2.699545464868714
2022-06-13,1622,130.11074829101562,131.8800048828125,135.1999969482422,131.44000244140625,132.8699951171875,122207100,56448.0,-3.8284837840460217,0,33.65037910975646,2.860616583229356
2022-06-14,1623,130.9789276123047,132.75999450683594,133.88999938964844,131.47999572753906,133.1300048828125,84784300,56472.0,0.6672653862921818,1,-30.62244337685781,1.8329812446172669
2022-06-15,1624,133.61306762695312,135.42999267578125,137.33999633789062,132.16000366210938,134.2899932861328,91533000,56496.0,2.0111466401181888,1,7.959846339475596,3.9194858748830135
2022-06-16,1625,128.31512451171875,130.05999755859375,132.38999938964844,129.0399932861328,132.0800018310547,108123900,56520.0,-3.9651446559871295,0,18.125594048048256,2.596099099360098
2022-06-17,1626,129.79498291015625,131.55999755859375,133.0800018310547,129.80999755859375,130.07000732421875,134520300,56544.0,1.1533138767930717,1,24.413103855854246,2.5190696664060255
2022-06-21,1627,134.04718017578125,135.8699951171875,137.05999755859375,133.32000732421875,133.4199981689453,81000500,56640.0,3.2760699593918474,1,-39.78566803672011,2.805273048987898
2022-06-22,1628,133.53416442871094,135.35000610351562,137.75999450683594,133.91000366210938,134.7899932861328,73409200,56664.0,-0.3827107031419197,0,-9.37191745729965,2.875058426882816
2022-06-23,1629,136.41500854492188,138.27000427246094,138.58999633789062,135.6300048828125,136.82000732421875,72433800,56688.0,2.1573683319320303,1,-1.3287162916909567,2.1824016430845274
2022-06-24,1630,139.75953674316406,141.66000366210938,141.91000366210938,139.77000427246094,139.89999389648438,89116800,56712.0,2.4517243689154977,1,23.032065140859647,1.5310863019484677
2022-06-27,1631,139.75953674316406,141.66000366210938,143.49000549316406,140.97000122070312,142.6999969482422,70207900,56784.0,0.0,0,-21.21810926783727,1.7876174013190294
2022-06-28,1632,135.5961151123047,137.44000244140625,143.4199981689453,137.32000732421875,142.1300048828125,67083400,56808.0,-2.9789645006425114,0,-4.4503538775550915,4.442171948275686
2022-06-29,1633,137.3621063232422,139.22999572753906,140.6699981689453,136.6699981689453,137.4600067138672,66242400,56832.0,1.3023815878466127,1,-1.253663350396672,2.9267579231656824
2022-06-30,1634,134.8857879638672,136.72000122070312,138.3699951171875,133.77000427246094,137.25,98964500,56856.0,-1.802768500939822,0,49.39751579049067,3.438731178745695
2022-07-01,1635,137.06613159179688,138.92999267578125,139.0399932861328,135.66000366210938,136.0399932861328,71051600,56880.0,1.6164360995803317,1,-28.204962385501876,2.4915152091857773
2022-07-05,1636,139.66085815429688,141.55999755859375,141.61000061035156,136.92999267578125,137.77000427246094,73353800,56976.0,1.8930432746441683,1,3.2401803759521286,3.417810695171434
2022-07-06,1637,141.00262451171875,142.9199981689453,144.1199951171875,141.0800018310547,141.35000610351562,74064300,57000.0,0.9607238159132114,1,0.9685933107759892,2.1548009970777064
2022-07-07,1638,144.3865966796875,146.35000610351562,146.5500030517578,143.27999877929688,143.2899932861328,66253700,57024.0,2.399949607133145,1,-10.545701505313632,2.282247557454219
2022-07-08,1639,145.0673370361328,147.0399932861328,147.5500030517578,145.0,145.25999450683594,64547800,57048.0,0.4714637197412497,1,-2.574799596098032,1.7586227943157327
2022-07-11,1640,142.9264678955078,144.8699951171875,146.63999938964844,143.77999877929688,145.6699981689453,63141600,57120.0,-1.4757877230874183,0,-2.1785405544418213,1.9891505318077516
2022-07-12,1641,143.90318298339844,145.86000061035156,148.4499969482422,145.0500030517578,145.75999450683594,77588800,57144.0,0.6833751132270249,1,22.88063653756003,2.344015046501698
2022-07-13,1642,143.5381317138672,145.49000549316406,146.4499969482422,142.1199951171875,142.99000549316406,71185600,57168.0,-0.25366455206311533,0,-8.25273750850638,3.0467224738393144
2022-07-14,1643,146.4781494140625,148.47000122070312,148.9499969482422,143.25,144.0800018310547,78140700,57192.0,2.04824772494705,1,9.77037490728463,3.979055461251091
2022-07-15,1644,148.1553497314453,150.1699981689453,150.86000061035156,148.1999969482422,149.77999877929688,76259900,57216.0,1.1450103955445545,1,-2.4069403012770607,1.7948743028910876
2022-07-18,1645,145.09693908691406,147.07000732421875,151.57000732421875,146.6999969482422,150.74000549316406,81420900,57288.0,-2.0643210245224752,0,6.767645905646358,3.3197072101472305
2022-07-19,1646,148.97421264648438,151.0,151.22999572753906,146.91000366210938,147.9199981689453,82982400,57312.0,2.6721917998667744,1,1.9178122570494782,2.940570388498253
2022-07-20,1647,150.98684692382812,153.0399932861328,153.72000122070312,150.3699951171875,151.1199951171875,64823400,57336.0,1.3509889312137924,1,-21.882953493752886,2.2278421309416636
2022-07-21,1648,153.265869140625,155.35000610351562,155.57000732421875,151.94000244140625,154.5,65086600,57360.0,1.5094177461599134,1,0.40602621892711355,2.389104136162145
2022-07-22,1649,152.0227508544922,154.08999633789062,156.27999877929688,153.41000366210938,155.38999938964844,66675400,57384.0,-0.8110780277571505,0,2.4410554553471853,1.8708005010603868
2022-07-25,1650,150.8980712890625,152.9499969482422,155.0399932861328,152.27999877929688,154.00999450683594,53623900,57456.0,-0.7398269950948833,0,-19.57468571617118,1.8124471558711168
2022-07-26,1651,149.56617736816406,151.60000610351562,153.08999633789062,150.8000030517578,152.25999450683594,55138700,57480.0,-0.8826354178898099,0,2.8248598106441314,1.5185631563593784
2022-07-27,1652,154.68653869628906,156.7899932861328,157.3300018310547,152.16000366210938,152.5800018310547,78620700,57504.0,3.4234742570348864,1,42.5871484093749,3.397737936722156
2022-07-28,1653,155.23902893066406,157.35000610351562,157.63999938964844,154.41000366210938,156.97999572753906,81378700,57528.0,0.35717382573059453,1,3.507981994563769,2.09183061390709
2022-07-29,1654,160.32980346679688,162.50999450683594,163.6300048828125,159.5,161.24000549316406,101786900,57552.0,3.279306134837845,1,25.078060966813176,2.5893447541144203
2022-08-01,1655,159.3432159423828,161.50999450683594,163.58999633789062,160.88999938964844,161.00999450683594,67829400,57624.0,-0.615346768692393,0,-33.36136575531822,1.6781633156099718
2022-08-02,1656,157.86334228515625,160.00999450683594,162.41000366210938,159.6300048828125,160.10000610351562,59907000,57648.0,-0.9287350944318873,0,-11.679891020707833,1.7415264638610557
2022-08-03,1657,163.9012451171875,166.1300048828125,166.58999633789062,160.75,160.83999633789062,82507500,57672.0,3.8247675683253046,1,37.72597526165558,3.6329681728713066
2022-08-04,1658,163.58554077148438,165.80999755859375,167.19000244140625,164.42999267578125,166.00999450683594,55474100,57696.0,-0.19262464022948844,0,-32.764778959488524,1.6785318303012486
2022-08-05,1659,163.35830688476562,165.35000610351562,165.85000610351562,163.0,163.2100067138672,56697000,57720.0,-0.27742082012610636,0,2.2044521677683893,1.7484700021568254
2022-08-08,1660,162.88406372070312,164.8699951171875,167.80999755859375,164.1999969482422,166.3699951171875,60276900,57792.0,-0.2902999507769066,0,6.314090692629248,2.198538780417565
2022-08-09,1661,162.9334716796875,164.9199981689453,165.82000732421875,163.25,164.02000427246094,63135500,57816.0,0.030328776150123637,1,4.742446940701983,1.5742770745597243
2022-08-10,1662,167.20144653320312,169.24000549316406,169.33999633789062,166.89999389648438,167.67999267578125,70170500,57840.0,2.6194563256017656,1,11.142701016068624,1.4619547816877703
2022-08-11,1663,166.46046447753906,168.49000549316406,170.99000549316406,168.19000244140625,170.05999755859375,57149200,57864.0,-0.44315763156265175,0,-18.556658424836648,1.6647856656838285
2022-08-12,1664,170.02700805664062,172.10000610351562,172.1699981689453,169.39999389648438,169.82000732421875,68039400,57888.0,2.1425606817361276,1,19.0557348134357,1.635185579849318
2022-08-15,1665,171.10385131835938,173.19000244140625,173.38999938964844,171.35000610351562,171.52000427246094,54091700,57960.0,0.6333505515595528,1,-20.499445909281977,1.190541706138263
2022-08-16,1666,170.94580078125,173.02999877929688,173.7100067138672,171.66000366210938,172.77999877929688,56377100,57984.0,-0.09238620004263787,0,4.225047465692522,1.1942228871164302
2022-08-17,1667,172.4474639892578,174.5500030517578,176.14999389648438,172.57000732421875,172.77000427246094,79542000,58008.0,0.878462857992468,1,41.08920111179894,2.0745126153582794
2022-08-18,1668,172.05226135253906,174.14999389648438,174.89999389648438,173.1199951171875,173.75,62290100,58032.0,-0.22916594000563784,0,-21.68904478137337,1.028187863621396
2022-08-19,1669,169.45399475097656,171.52000427246094,173.74000549316406,171.30999755859375,173.02999877929688,70346300,58056.0,-1.5101864577650947,0,12.933355380710587,1.4184857680236487
2022-08-22,1670,165.55157470703125,167.57000732421875,169.86000061035156,167.13999938964844,169.69000244140625,69026800,58128.0,-2.3029365962279114,0,-1.8757205425160905,1.6273789820724291
2022-08-23,1671,165.2156524658203,167.22999572753906,168.7100067138672,166.64999389648438,167.0800018310547,54147100,58152.0,-0.20290719210975805,0,-21.55640997409701,1.2361313488330528
2022-08-24,1672,165.5120391845703,167.52999877929688,168.11000061035156,166.25,167.32000732421875,53841500,58176.0,0.1793954789346408,1,-0.5643884898729579,1.1187973596099625
2022-08-25,1673,167.98191833496094,170.02999877929688,170.13999938964844,168.35000610351562,168.77999877929688,51218200,58200.0,1.4922700520600518,1,-4.872263959956536,1.063257036671668
2022-08-26,1674,161.6491241455078,163.6199951171875,171.0500030517578,163.55999755859375,170.57000732421875,78961000,58224.0,-3.769925135640162,0,54.16590196453603,4.579362683397474
2022-08-29,1675,159.43612670898438,161.3800048828125,162.89999389648438,159.82000732421875,161.14999389648438,73314000,58296.0,-1.3690198638440787,0,-7.1516318182393785,1.9271595739683658
2022-08-30,1676,156.99588012695312,158.91000366210938,162.55999755859375,157.72000122070312,162.1300048828125,77906200,58320.0,-1.5305497248539135,0,6.263742259322913,3.0687270482060476
2022-08-31,1677,155.3262176513672,157.22000122070312,160.5800018310547,157.13999938964844,160.30999755859375,87991100,58344.0,-1.0634965719336975,0,12.944926077770447,2.189132273620754
2022-09-01,1678,156.05731201171875,157.9600067138672,158.4199981689453,154.6699981689453,156.63999938964844,74229900,58368.0,0.4706815210650195,1,-15.639308975566845,2.4245167417044207
2022-09-02,1679,153.93321228027344,155.80999755859375,160.36000061035156,154.97000122070312,159.75,76957800,58392.0,-1.3611098150736467,0,3.674934224618376,3.478092112790384
2022-09-06,1680,152.6686248779297,154.52999877929688,157.08999633789062,153.69000244140625,156.47000122070312,73714800,58488.0,-0.8215126110989845,0,-4.2139978013924555,2.2122414226524656
2022-09-07,1681,154.08139038085938,155.9600067138672,156.6699981689453,153.61000061035156,154.82000732421875,87449600,58512.0,0.9253917982699811,1,18.632350627011117,1.9920562114674851
2022-09-08,1682,152.59947204589844,154.4600067138672,156.36000061035156,152.67999267578125,154.63999938964844,84923800,58536.0,-0.9617850316921195,0,-2.888292227751754,2.4102751579146826
2022-09-09,1683,155.47442626953125,157.3699951171875,157.82000732421875,154.75,155.47000122070312,68028800,58560.0,1.883975318420772,1,-19.89430524776329,1.9838496440831985
2022-09-12,1684,161.46142578125,163.42999267578125,164.25999450683594,159.3000030517578,159.58999633789062,104956000,58632.0,3.8507960517385253,1,54.28171597911473,3.113616672980593
2022-09-13,1685,151.9869384765625,153.83999633789062,160.5399932861328,153.3699951171875,159.89999389648438,122656600,58656.0,-5.86795372188239,0,16.86478143221921,4.674967984100693
2022-09-14,1686,153.43923950195312,155.30999755859375,157.10000610351562,153.61000061035156,154.7899932861328,87965400,58680.0,0.9555390377639084,1,-28.283190631405077,2.2719910678321265
2022-09-15,1687,150.53466796875,152.3699951171875,155.24000549316406,151.3800048828125,154.64999389648438,90481100,58704.0,-1.8929898188280392,0,2.8598744506362683,2.5498748089879486
2022-09-16,1688,148.884765625,150.6999969482422,151.35000610351562,148.3699951171875,151.2100067138672,162278800,58728.0,-1.0960151095764759,0,79.35104679319768,2.0084997535885973
2022-09-19,1689,152.61924743652344,154.47999572753906,154.55999755859375,149.10000610351562,149.30999755859375,81474200,58800.0,2.5082938658552933,1,-49.79368839306182,3.661965950080121
2022-09-20,1690,155.01007080078125,156.89999389648438,158.0800018310547,153.0800018310547,153.39999389648438,107689800,58824.0,1.566544689199456,1,32.176566324063316,3.266265965634233
2022-09-21,1691,151.8683624267578,153.72000122070312,158.74000549316406,153.60000610351562,157.33999633789062,101696800,58848.0,-2.026764053209118,0,-5.56505815778282,3.3463536363302215
2022-09-22,1692,150.9001922607422,152.74000549316406,154.47000122070312,150.91000366210938,152.3800048828125,86652500,58872.0,-0.6375199842290069,0,-14.793287497738373,2.3590202585672575
2022-09-23,1693,148.6179962158203,150.42999267578125,151.47000122070312,148.55999755859375,151.19000244140625,96029900,58896.0,-1.5123823060790742,0,10.821845878653246,1.9588070206864645
2022-09-26,1694,148.9539337158203,150.77000427246094,153.77000427246094,149.63999938964844,149.66000366210938,93339400,58968.0,0.22602646628622214,1,-2.8017315440295176,2.759960504983936
2022-09-27,1695,149.93197631835938,151.75999450683594,154.72000122070312,149.9499969482422,152.74000549316406,84442700,58992.0,0.6566228071373859,1,-9.531559020092262,3.181063267448672
2022-09-28,1696,148.0351104736328,149.83999633789062,150.63999938964844,144.83999633789062,147.63999938964844,146691400,59016.0,-1.2651543479456517,0,73.71708862933089,4.0044208771085925
2022-09-29,1697,140.76377868652344,142.47999572753906,146.72000122070312,140.67999267578125,146.10000610351562,128138200,59040.0,-4.911906560485157,0,-12.647776215919947,4.2934381997317885
2022-09-30,1698,136.5353240966797,138.1999969482422,143.10000610351562,138.0,141.27999877929688,124925300,59064.0,-3.0039296095161427,0,-2.5073709479296546,3.695656596750453
2022-10-03,1699,140.73411560058594,142.4499969482422,143.07000732421875,137.69000244140625,138.2100067138672,114311700,59136.0,3.0752533240588242,1,-8.49595718401317,3.90733153273198
2022-10-04,1700,144.34019470214844,146.10000610351562,146.22000122070312,144.25999450683594,145.02999877929688,87830100,59160.0,2.562309044204225,1,-23.166132600599944,1.3586626843898224
2022-10-05,1701,144.63653564453125,146.39999389648438,147.3800048828125,143.00999450683594,144.07000732421875,79471000,59184.0,0.20533044519943644,1,-9.517352251676813,3.0557377413000837
2022-10-06,1702,143.67825317382812,145.42999267578125,147.5399932861328,145.22000122070312,145.80999755859375,68402200,59208.0,-0.662569167447502,0,-13.928099558329453,1.597570614190947
2022-10-07,1703,138.40257263183594,140.08999633789062,143.10000610351562,139.4499969482422,142.5399932861328,85925600,59232.0,-3.671867294799025,0,25.618181871343324,2.6174322231273788
2022-10-10,1704,138.7285614013672,140.4199981689453,141.88999938964844,138.57000732421875,140.4199981689453,74899000,59304.0,0.23556416566585803,1,-12.832729710354073,2.3958951359955885
2022-10-11,1705,137.305908203125,138.97999572753906,141.35000610351562,138.22000122070312,139.89999389648438,77033700,59328.0,-1.025496695758199,0,2.8501048078078517,2.264509372861788
2022-10-12,1706,136.67364501953125,138.33999633789062,140.36000061035156,138.16000366210938,139.1300048828125,70433700,59352.0,-0.4604974883602009,0,-8.567678821087398,1.5923544368329663
2022-10-13,1707,141.2676544189453,142.99000549316406,143.58999633789062,134.3699951171875,134.99000549316406,113224000,59376.0,3.36129050048255,1,60.75259428370225,6.861651823877887
2022-10-14,1708,136.7131805419922,138.3800048828125,144.52000427246094,138.19000244140625,144.30999755859375,88598000,59400.0,-3.224001981433555,0,-21.749805694905678,4.58065107404471
2022-10-17,1709,140.6946258544922,142.41000366210938,142.89999389648438,140.27000427246094,141.07000732421875,85250900,59472.0,2.912269574429982,1,-3.777850515812997,1.874947988819432
2022-10-18,1710,142.0184783935547,143.75,146.6999969482422,140.61000061035156,145.49000549316406,99136600,59496.0,0.9409425626236034,1,16.288039187856086,4.331126030478295
2022-10-19,1711,142.1271514892578,143.86000061035156,144.9499969482422,141.5,141.69000244140625,61758300,59520.0,0.07652216372282528,1,-37.70383491061828,2.4381603874503095
2022-10-20,1712,141.6627960205078,143.38999938964844,145.88999938964844,142.64999389648438,143.02000427246094,64522000,59544.0,-0.3267073673773546,0,4.47502602889005,2.2712973233740272
2022-10-21,1713,145.49607849121094,147.27000427246094,147.85000610351562,142.64999389648438,142.8699951171875,86548600,59568.0,2.7059103837980825,1,34.138123430767806,3.6452943775130473
2022-10-24,1714,147.64981079101562,149.4499969482422,150.22999572753906,146.0,147.19000244140625,75981900,59640.0,1.4802693097965003,1,-12.208978539225356,2.8972573476294947
2022-10-25,1715,150.50498962402344,152.33999633789062,152.49000549316406,149.36000061035156,150.08999633789062,74732300,59664.0,1.9337567404898115,1,-1.6446022013137385,2.0956111877489985
2022-10-26,1716,147.55104064941406,149.35000610351562,151.99000549316406,148.0399932861328,150.9600067138672,88194300,59688.0,-1.9627086164182295,0,18.013629983287018,2.668206151155814
2022-10-27,1717,143.0558319091797,144.8000030517578,149.0500030517578,144.1300048828125,148.07000732421875,109180200,59712.0,-3.046536903791064,0,23.795075191934178,3.4135835719603325
2022-10-28,1718,153.86407470703125,155.74000549316406,157.5,147.82000732421875,148.1999969482422,164762400,59736.0,7.555250145606562,1,50.908681244401464,6.548499659149513
2022-10-31,1719,151.4929656982422,153.33999633789062,154.24000549316406,151.9199981689453,153.16000366210938,97943200,59808.0,-1.5410357458724877,0,-40.55488388127388,1.5271243761066564
2022-11-01,1720,148.83535766601562,150.64999389648438,155.4499969482422,149.1300048828125,155.0800018310547,80379300,59832.0,-1.75427318745901,0,-17.93274060884268,4.237907770737341
2022-11-02,1721,143.28306579589844,145.02999877929688,152.1699981689453,145.0,148.9499969482422,93604600,59856.0,-3.7304980716090452,0,16.453614301194452,4.9448263234105605
2022-11-03,1722,137.20716857910156,138.8800048828125,142.8000030517578,138.75,142.05999755859375,97918500,59880.0,-4.240497792352105,0,4.608641028325522,2.918921118384009
2022-11-04,1723,136.93997192382812,138.3800048828125,142.6699981689453,134.3800048828125,142.08999633789062,140814800,59904.0,-0.3600230288167805,0,43.808166996022216,6.169067558348572
2022-11-07,1724,137.4743194580078,138.9199981689453,139.14999389648438,135.6699981689453,137.11000061035156,83374600,59976.0,0.3902249364639898,1,-40.79130886810193,2.565044427291537
2022-11-08,1725,138.0482940673828,139.5,141.42999267578125,137.49000549316406,140.41000366210938,89908500,60000.0,0.4175078021159573,1,7.8367992170277345,2.865653520403039
2022-11-09,1726,133.46646118164062,134.8699951171875,138.5500030517578,134.58999633789062,138.5,74917800,60024.0,-3.318999915994625,0,-16.673284505914342,2.942274182046576
2022-11-10,1727,145.3415985107422,146.8699951171875,146.8699951171875,139.5,141.24000549316406,118854000,60048.0,8.89745713238388,1,58.645875879964436,5.283150621639785
2022-11-11,1728,148.1421356201172,149.6999969482422,150.00999450683594,144.3699951171875,145.82000732421875,93979700,60072.0,1.9268754171310798,1,-20.92845003113063,3.9066285103565717
2022-11-14,1729,146.73690795898438,148.27999877929688,150.27999877929688,147.42999267578125,148.97000122070312,73374100,60144.0,-0.9485625904429806,0,-21.925586057414527,1.9331250390706989
2022-11-15,1730,148.47860717773438,150.0399932861328,153.58999633789062,148.55999755859375,152.22000122070312,89868300,60168.0,1.1869399253607638,1,22.479594298260565,3.385836606057419
2022-11-16,1731,147.24160766601562,148.7899932861328,149.8699951171875,147.2899932861328,149.1300048828125,64218300,60192.0,-0.833111207633952,0,-28.54176611775231,1.7516477348482515
2022-11-17,1732,149.15151977539062,150.72000122070312,151.47999572753906,146.14999389648438,146.42999267578125,80389400,60216.0,1.297135574741759,1,25.181451393138722,3.6469394824811556
2022-11-18,1733,149.715576171875,151.2899932861328,152.6999969482422,149.97000122070312,152.30999755859375,74829600,60240.0,0.3781794458686649,1,-6.916085951630436,1.820361209120395
2022-11-21,1734,146.4697265625,148.00999450683594,150.3699951171875,147.72000122070312,150.16000366210938,58724100,60312.0,-2.168020969565021,0,-21.52290002886559,1.79393032398173
2022-11-22,1735,148.61715698242188,150.17999267578125,150.4199981689453,146.92999267578125,148.1300048828125,51804100,60336.0,1.4661159715434469,1,-11.783918357199175,2.3752846029640664
2022-11-23,1736,149.49789428710938,151.07000732421875,151.8300018310547,149.33999633789062,149.4499969482422,58301400,60360.0,0.5926319695320093,1,12.542057481936752,1.6673399988106847
2022-11-25,1737,146.56871032714844,148.11000061035156,148.8800048828125,147.1199951171875,148.30999755859375,35195900,60408.0,-1.959360938875554,0,-39.63112378090406,1.1963090157956269
2022-11-28,1738,142.7191619873047,144.22000122070312,146.63999938964844,143.3800048828125,145.13999938964844,69246000,60480.0,-2.626425881856731,0,96.74450717271046,2.273674428662769
2022-11-29,1739,139.700927734375,141.1699981689453,144.80999755859375,140.35000610351562,144.2899932861328,83763800,60504.0,-2.114826671711312,0,20.965543136065623,3.177763634572729
2022-11-30,1740,146.48953247070312,148.02999877929688,148.72000122070312,140.5500030517578,141.39999389648438,111380900,60528.0,4.859389884061516,1,32.97020908793535,5.812876550373816
2022-12-01,1741,146.76661682128906,148.30999755859375,149.1300048828125,146.61000061035156,148.2100067138672,71250400,60552.0,0.18915002472865705,1,-36.02996564042847,1.7188488247526885
2022-12-02,1742,146.27182006835938,147.80999755859375,148.0,145.64999389648438,145.9600067138672,65447400,60576.0,-0.33713168918532155,0,-8.144515679911969,1.6134611754160522
2022-12-05,1743,145.1040802001953,146.6300048828125,150.9199981689453,145.77000427246094,147.77000427246094,68826400,60648.0,-0.7983172283819839,0,5.162924730394169,3.5329585961035184
2022-12-06,1744,141.42282104492188,142.91000366210938,147.3000030517578,141.9199981689453,147.07000732421875,64727200,60672.0,-2.5369986338581674,0,-5.955854148989337,3.790871584149825
2022-12-07,1745,139.4733123779297,140.94000244140625,143.3699951171875,140.0,142.19000244140625,69721100,60696.0,-1.3784907775671984,0,7.715303612700697,2.407139369419643
2022-12-08,1746,141.16549682617188,142.64999389648438,143.52000427246094,141.10000610351562,142.36000061035156,62128300,60720.0,1.213276163940069,1,-10.8902469983979,1.7150943049356937
2022-12-09,1747,140.6806182861328,142.16000366210938,145.57000732421875,140.89999389648438,142.33999633789062,76097000,60744.0,-0.34349124103753015,0,22.483634672122044,3.3144170546702183
2022-12-12,1748,142.98635864257812,144.49000549316406,144.5,141.05999755859375,142.6999969482422,70462700,60816.0,1.6389995575638139,1,-7.404102658449085,2.4386803494572127
2022-12-13,1749,143.95616149902344,145.47000122070312,149.97000122070312,144.24000549316406,149.5,93886200,60840.0,0.6782446468835079,1,33.24241052358199,3.972542643733207
2022-12-14,1750,141.7196807861328,143.2100067138672,146.66000366210938,141.16000366210938,145.35000610351562,82291200,60864.0,-1.5535811424151502,0,-12.350057835975893,3.8962877991737597
2022-12-15,1751,135.07949829101562,136.5,141.8000030517578,136.02999877929688,141.11000061035156,98931900,60888.0,-4.685431463789913,0,20.221724801679898,4.241714566080776
2022-12-16,1752,133.1102294921875,134.50999450683594,137.64999389648438,133.72999572753906,136.69000244140625,160156900,60912.0,-1.4578794821714758,0,61.88600441313672,2.9312781680872106
2022-12-19,1753,130.9925079345703,132.3699951171875,135.1999969482422,131.32000732421875,135.11000061035156,79592600,60984.0,-1.5909593911548892,0,-50.303358768807335,2.9546066156119295
2022-12-20,1754,130.9232177734375,132.3000030517578,133.25,129.88999938964844,131.38999938964844,77432800,61008.0,-0.052876080691643956,0,-2.7135688493653887,2.586804701008673
2022-12-21,1755,134.0404510498047,135.4499969482422,136.80999755859375,132.75,132.97999572753906,85928000,61032.0,2.3809477126406797,1,10.971061359010648,3.058378575211864
2022-12-22,1756,130.85394287109375,132.22999572753906,134.55999755859375,130.3000030517578,134.35000610351562,77852100,61056.0,-2.377261936693542,0,-9.398449865003256,3.2693740652820864
2022-12-23,1757,130.48779296875,131.86000061035156,132.4199981689453,129.63999938964844,130.9199981689453,63814900,61080.0,-0.27981178941416385,0,-18.03059904614005,2.1443989450672998
2022-12-27,1758,128.6768341064453,130.02999877929688,131.41000366210938,128.72000122070312,131.3800048828125,69007800,61176.0,-1.387836965405731,0,8.13744125588225,2.0898092106089834
2022-12-28,1759,124.7283706665039,126.04000091552734,131.02999877929688,125.87000274658205,129.6699981689453,85438400,61200.0,-3.068521034551308,0,23.80977222864662,4.099464463430265
2022-12-29,1760,128.26119995117188,129.61000061035156,130.47999572753906,127.7300033569336,127.98999786376952,75703700,61224.0,2.832433885189234,1,-11.393822918032171,2.152972910304234
2022-12-30,1761,128.57785034179688,129.92999267578125,129.9499969482422,127.43000030517578,128.41000366210938,77034200,61248.0,0.246888406699175,1,1.7575098707196535,1.977553666351245
2023-01-03,1762,123.76846313476562,125.06999969482422,130.89999389648438,124.16999816894533,130.27999877929688,112117500,61344.0,-3.7404704494091168,0,45.54249930550327,5.419985364244136
2023-01-04,1763,125.04503631591795,126.36000061035156,128.66000366210938,125.08000183105467,126.88999938964844,89113600,61368.0,1.0314231379827232,1,-20.517671193167885,2.862169634351464
2023-01-05,1764,123.71898651123048,125.0199966430664,127.7699966430664,124.76000213623048,127.12999725341795,80962700,61392.0,-1.0604653061194957,0,-9.146639794599254,2.4126278096317995
2023-01-06,1765,128.2711181640625,129.6199951171875,130.2899932861328,124.88999938964844,126.01000213623048,87754700,61416.0,3.6794101724815675,1,8.389048290138534,4.323800082372293
2023-01-09,1766,128.7955780029297,130.14999389648438,133.41000366210938,129.88999938964844,130.47000122070312,70790800,61488.0,0.4088865910060413,1,-19.331044377110285,2.7099886742639123
2023-01-10,1767,129.36956787109375,130.72999572753906,131.25999450683594,128.1199951171875,130.25999450683594,63896200,61512.0,0.4456410743407302,1,-9.739401165123152,2.450826966373496
2023-01-11,1768,132.10084533691406,133.49000549316406,133.50999450683594,130.4600067138672,131.25,69458900,61536.0,2.111229140844828,1,8.705838531868881,2.337871865711435
2023-01-12,1769,132.0216827392578,133.41000366210938,134.25999450683594,131.44000244140625,133.8800048828125,71379600,61560.0,-0.05993095195339082,0,2.765232389225858,2.1454595351873893
2023-01-13,1770,133.35763549804688,134.75999450683594,134.9199981689453,131.66000366210938,132.02999877929688,57809700,61584.0,1.0119112567793076,1,-19.010893868836476,2.4760704968551783
2023-01-17,1771,134.52532958984375,135.94000244140625,137.2899932861328,134.1300048828125,134.8300018310547,63646600,61680.0,0.8756366745847899,1,10.096748469547489,2.355914626321791
2023-01-18,1772,133.80294799804688,135.2100067138672,138.61000061035156,135.02999877929688,136.82000732421875,69672800,61704.0,-0.5369984658148752,0,9.468219826353641,2.6512640623704
2023-01-19,1773,133.86228942871094,135.27000427246094,136.25,133.77000427246094,134.0800018310547,58280400,61728.0,0.04437360817584057,1,-16.351287733520113,1.853925131442652
2023-01-20,1774,136.4352264404297,137.8699951171875,138.02000427246094,134.22000122070312,135.27999877929688,80223600,61752.0,1.9220749335452592,1,37.651079951407326,2.8311749494841094
2023-01-23,1775,139.6415557861328,141.11000061035156,143.32000732421875,137.89999389648438,138.1199951171875,81760300,61824.0,2.350043960188808,1,1.9155211184738619,3.9303942477350273
2023-01-24,1776,141.0467529296875,142.52999877929688,143.16000366210938,140.3000030517578,140.30999755859375,66435100,61848.0,1.0063058343160014,1,-18.744060381383143,2.038489342937851
2023-01-25,1777,140.3837432861328,141.86000061035156,142.42999267578125,138.80999755859375,140.88999938964844,65799300,61872.0,-0.47007519447381796,0,-0.9570242236408122,2.6078778048097337
2023-01-26,1778,142.46189880371094,143.9600067138672,144.25,141.89999389648438,143.1699981689453,54105100,61896.0,1.4803370185255682,1,-17.772529494994625,1.6561002146553632
2023-01-27,1779,144.411376953125,145.92999267578125,147.22999572753906,143.0800018310547,143.16000366210938,70555800,61920.0,1.3684258613779976,1,30.40508196085028,2.900470955671768
2023-01-30,1780,141.51187133789062,143.0,145.5500030517578,142.85000610351562,144.9600067138672,64015300,61992.0,-2.0078070464177533,0,-9.269967883575836,1.8900922876304582
2023-01-31,1781,142.78843688964844,144.2899932861328,144.33999633789062,142.27999877929688,142.6999969482422,65874500,62016.0,0.9020932070858745,1,2.904305689421127,1.4478476077225688
2023-02-01,1782,143.91656494140625,145.42999267578125,146.61000061035156,141.32000732421875,143.97000122070312,77663600,62040.0,0.7900751560697472,1,17.896302818237707,3.743272722875269
2023-02-02,1783,149.25051879882812,150.82000732421875,151.17999267578125,148.1699981689453,148.89999389648438,118339000,62064.0,3.706260688917107,1,52.373827636112665,2.0314466788370367
2023-02-03,1784,152.89218139648438,154.5,157.3800048828125,147.8300018310547,148.02999877929688,154357300,62088.0,2.4399897209064214,1,30.43654247543075,6.4601250987413845
2023-02-06,1785,150.15103149414062,151.72999572753906,153.10000610351562,150.77999877929688,152.57000732421875,69858300,62160.0,-1.792883024246561,0,-54.74247087763261,1.5386704755281526
2023-02-07,1786,153.04061889648438,154.64999389648438,155.22999572753906,150.63999938964844,150.63999938964844,83322600,62184.0,1.9244699473851767,1,19.27372982165325,3.0469970502443036
2023-02-08,1787,150.33905029296875,151.9199981689453,154.5800018310547,151.1699981689453,153.8800048828125,64120100,62208.0,-1.7652737376545935,0,-23.045968320719712,2.2557410223015326
2023-02-09,1788,149.2999725341797,150.8699951171875,154.3300018310547,150.4199981689453,153.77999877929688,56007100,62232.0,-0.6911552556695955,0,-12.652818694917823,2.5993908454365395
2023-02-10,1789,149.6666717529297,151.00999450683594,151.33999633789062,149.22000122070312,149.4600067138672,57450700,62256.0,0.09279472007650558,1,2.57753034883077,1.4207177991185855
2023-02-13,1790,152.4814453125,153.85000610351562,154.25999450683594,150.9199981689453,150.9499969482422,62199000,62328.0,1.880677902118011,1,8.264999382078898,2.2130906297465707
2023-02-14,1791,151.83718872070312,153.1999969482422,153.77000427246094,150.86000061035156,152.1199951171875,61707600,62352.0,-0.42249537178183916,0,-0.7900448560266282,1.928943159443219
2023-02-15,1792,153.94825744628906,155.3300018310547,155.5,152.8800048828125,153.11000061035156,65573800,62376.0,1.3903426404976438,1,6.265354672682144,1.7137591794269051
2023-02-16,1793,152.34266662597656,153.7100067138672,156.3300018310547,153.35000610351562,153.50999450683594,68167900,62400.0,-1.0429376798369527,0,3.9560007197996683,1.9432641727627191
2023-02-17,1794,151.1929931640625,152.5500030517578,153.0,150.85000610351562,152.35000610351562,59144100,62424.0,-0.7546702305912589,0,-13.23760890389758,1.4252527739435528
2023-02-21,1795,147.1591796875,148.47999572753906,151.3000030517578,148.41000366210938,150.1999969482422,58867200,62520.0,-2.6679824600448265,0,-0.4681785672619898,1.9473076735637092
2023-02-22,1796,147.58535766601562,148.91000366210938,149.9499969482422,147.16000366210938,148.8699951171875,51011300,62544.0,0.28960664530148783,1,-13.345122580995872,1.8958910143403167
2023-02-23,1797,148.0709991455078,149.39999389648438,150.33999633789062,147.24000549316406,150.08999633789062,48394200,62568.0,0.32905125399556034,1,-5.13043188470006,2.1053998431631995
2023-02-24,1798,145.40493774414062,146.7100067138672,147.19000244140625,145.72000122070312,147.11000061035156,55469600,62592.0,-1.8005269695533066,0,14.620347066384,1.0087847985100586
2023-02-27,1799,146.6041717529297,147.9199981689453,149.1699981689453,147.4499969482422,147.7100067138672,44998500,62664.0,0.8247504598905886,1,-18.877186783391263,1.1664979696858717
2023-02-28,1800,146.0987091064453,147.41000366210938,149.0800018310547,146.8300018310547,147.0500030517578,50547000,62688.0,-0.3447772533457294,0,12.330411013700449,1.5323843710012968
2023-03-01,1801,144.0174102783203,145.30999755859375,147.22999572753906,145.00999450683594,146.8300018310547,55479000,62712.0,-1.4246021649447993,0,9.757255623479132,1.5309298012548174
2023-03-02,1802,144.612060546875,145.91000366210938,146.7100067138672,143.89999389648438,144.3800048828125,52238100,62736.0,0.41291453691869595,1,-5.841669821013351,1.9527539517508372
2023-03-03,1803,149.6865234375,151.02999877929688,151.11000061035156,147.3300018310547,148.0399932861328,70732300,62760.0,3.5090089703815774,1,35.403661312337164,2.5656680460992938
2023-03-06,1804,152.4615936279297,153.8300018310547,156.3000030517578,153.4600067138672,153.7899932861328,87558000,62832.0,1.853938339660255,1,23.787859294834178,1.8506426519229342
2023-03-07,1805,150.25143432617188,151.60000610351562,154.02999877929688,151.1300048828125,153.6999969482422,56182000,62856.0,-1.4496494188358522,0,-35.83453253843166,1.91887368675271
2023-03-08,1806,151.5101318359375,152.8699951171875,153.47000122070312,151.8300018310547,152.80999755859375,47204800,62880.0,0.837723590066819,1,-15.978783240183692,1.0801550219786658
2023-03-09,1807,149.25042724609375,150.58999633789062,154.5399932861328,150.22999572753906,153.55999755859375,53833600,62904.0,-1.4914625839747453,0,14.04263973155273,2.868932757217454
2023-03-10,1808,147.1790008544922,148.5,150.94000244140625,147.61000061035156,150.2100067138672,68572400,62928.0,-1.38787196275717,0,27.378440230636624,2.2559459503322854
2023-03-13,1809,149.13148498535156,150.47000122070312,153.13999938964844,147.6999969482422,147.80999755859375,84457100,63000.0,1.3266001486216261,1,23.164859331159484,3.6831432320967243
2023-03-14,1810,151.23263549804688,152.58999633789062,153.39999389648438,150.10000610351562,151.27999877929688,73695900,63024.0,1.408915464869298,1,-12.741616749805518,2.198526088461936
2023-03-15,1811,151.62905883789062,152.99000549316406,153.25,149.9199981689453,151.19000244140625,77167900,63048.0,0.26214638237991306,1,4.7112525934278615,2.221185880286697
2023-03-16,1812,154.463623046875,155.85000610351562,156.4600067138672,151.63999938964844,152.16000366210938,76161100,63072.0,1.8694035607962345,1,-1.3046875708682015,3.178585692178381
2023-03-17,1813,153.62118530273438,155.0,156.74000549316406,154.27999877929688,156.0800018310547,98944600,63096.0,-0.545400109224925,0,29.914877805073715,1.5945078644875519
2023-03-20,1814,155.9998321533203,157.39999389648438,157.82000732421875,154.14999389648438,155.07000732421875,73641400,63168.0,1.5483831590221708,1,-25.5730984813724,2.380806729190584
2023-03-21,1815,157.86309814453125,159.27999877929688,159.39999389648438,156.5399932861328,157.32000732421875,73938300,63192.0,1.1944122971497162,1,0.40316995603015826,1.8270095394241448
2023-03-22,1816,156.426025390625,157.8300018310547,162.13999938964844,157.80999755859375,159.3000030517578,75701800,63216.0,-0.9103446505241086,0,2.385096763111938,2.7438070452076317
2023-03-23,1817,157.51620483398438,158.92999267578125,161.5500030517578,157.67999267578125,158.8300018310547,67622100,63240.0,0.6969466083539766,1,-10.67306193511911,2.4543445939485853
2023-03-24,1818,158.82447814941406,160.25,160.33999633789062,157.85000610351562,158.86000061035156,59196500,63264.0,0.8305589788276002,1,-12.459831918854935,1.577440695657688
2023-03-27,1819,156.87200927734375,158.27999877929688,160.77000427246094,157.8699951171875,159.94000244140625,52390300,63336.0,-1.2293299349161457,0,-11.497639218534882,1.8369603122624725
2023-03-28,1820,156.24758911132812,157.64999389648438,158.49000549316406,155.97999572753906,157.97000122070312,45992200,63360.0,-0.39803189769477276,0,-12.212375191590807,1.609186969083783
2023-03-29,1821,159.3398895263672,160.77000427246094,161.0500030517578,159.35000610351562,159.3699951171875,51305700,63384.0,1.9790742129842442,1,11.553045951270002,1.0668320571872771
2023-03-30,1822,160.91571044921875,162.36000061035156,162.47000122070312,161.27000427246094,161.52999877929688,49501700,63408.0,0.9889881791605992,1,-3.5161785142781454,0.7440918437720309
2023-03-31,1823,163.43312072753906,164.89999389648438,165.0,161.91000366210938,162.44000244140625,68749800,63432.0,1.5644205941022005,1,38.88371510473378,1.9084653622386114
2023-04-03,1824,164.69183349609375,166.1699981689453,166.2899932861328,164.22000122070312,164.27000427246094,56976200,63504.0,0.770166355044366,1,-17.12528618265071,1.2604993606398323
2023-04-04,1825,164.15663146972656,165.6300048828125,166.83999633789062,165.11000061035156,166.60000610351562,46278300,63528.0,-0.3249643690696802,0,-18.776085453224333,1.047783732750226
2023-04-05,1826,162.30325317382812,163.75999450683594,165.0500030517578,161.8000030517578,164.74000549316406,51511700,63552.0,-1.1290287513422759,0,11.308539855612665,2.0086526197161847
2023-04-06,1827,163.1952667236328,164.66000366210938,164.9600067138672,162.0,162.42999267578125,45390100,63576.0,0.5495903672834368,1,-11.883902103793897,1.8271646381896218
2023-04-10,1828,160.58863830566406,162.02999877929688,162.02999877929688,160.0800018310547,161.4199981689453,47716900,63672.0,-1.597233586979263,0,5.126227966010211,1.2181390092062694
2023-04-11,1829,159.36961364746094,160.8000030517578,162.36000061035156,160.50999450683594,162.35000610351562,47644200,63696.0,-0.7591160506113748,0,-0.1523569217614762,1.1525800055004272
2023-04-12,1830,158.67584228515625,160.10000610351562,162.05999755859375,159.77999877929688,161.22000122070312,50133100,63720.0,-0.43532147696344614,0,5.223930719793812,1.4269613197620707
2023-04-13,1831,164.08726501464844,165.55999755859375,165.8000030517578,161.4199981689453,161.6300048828125,68445600,63744.0,3.4103630524210393,1,36.527763094642054,2.7134214672882737
2023-04-14,1832,163.74037170410156,165.2100067138672,166.32000732421875,163.82000732421875,164.58999633789062,49386500,63768.0,-0.21139819394035975,0,-27.845617541522028,1.5260651252763107
2023-04-17,1833,163.7602081298828,165.22999572753906,165.38999938964844,164.02999877929688,165.08999633789062,41516200,63840.0,0.01209915432451858,1,-15.93613639354885,0.8291170032753885
2023-04-18,1834,164.9891815185547,166.47000122070312,167.41000366210938,165.64999389648438,166.10000610351562,49923000,63864.0,0.7504723871135432,1,20.24944479504387,1.0624870694078263
2023-04-19,1835,166.13885498046875,167.6300048828125,168.16000366210938,165.5399932861328,165.8000030517578,47720200,63888.0,0.6968244450070493,1,-4.4123950884361935,1.5827053776956022
2023-04-20,1836,165.1675262451172,166.64999389648438,167.8699951171875,165.55999755859375,166.08999633789062,52456400,63912.0,-0.5846274281344988,0,9.924937447873216,1.3952631025959112
2023-04-21,1837,163.5520782470703,165.02000427246094,166.4499969482422,164.49000549316406,165.0500030517578,58337300,63936.0,-0.9780916193947831,0,11.211024774860645,1.1915565624803746
2023-04-24,1838,163.85931396484375,165.3300018310547,165.60000610351562,163.88999938964844,165.0,41949600,64008.0,0.1878545331279513,1,-28.091289792294127,1.043386857181961
2023-04-25,1839,162.3131866455078,163.77000427246094,166.30999755859375,163.72999572753906,165.19000244140625,48714100,64032.0,-0.94356592349637,0,16.125302744245484,1.5757661383855617
2023-04-26,1840,162.30325317382812,163.75999450683594,165.27999877929688,162.8000030517578,163.05999755859375,45498800,64056.0,-0.006112087295517821,0,-6.600347743261192,1.5233388704241089
2023-04-27,1841,166.91189575195312,168.41000366210938,168.55999755859375,165.19000244140625,165.19000244140625,64902300,64080.0,2.839526936524983,1,42.64617967946407,2.040072079049006
2023-04-28,1842,168.17059326171875,169.67999267578125,169.85000610351562,167.8800048828125,168.49000549316406,55209200,64104.0,0.7541054486406518,1,-14.934909856815548,1.1734579243539283
2023-05-01,1843,168.0814208984375,169.58999633789062,170.4499969482422,168.63999938964844,169.27999877929688,52472900,64176.0,-0.05303886243240852,0,-4.956239177528388,1.0732907762954205
2023-05-02,1844,167.04074096679688,168.5399932861328,170.35000610351562,167.5399932861328,170.08999633789062,48425700,64200.0,-0.6191420923589042,0,-7.712933723884142,1.6772191297535377
2023-05-03,1845,165.96046447753906,167.4499969482422,170.9199981689453,167.16000366210938,169.5,65136000,64224.0,-0.6467285993302041,0,34.507090243403816,2.2493386123849586
2023-05-04,1846,164.31517028808594,165.7899932861328,167.0399932861328,164.30999755859375,164.88999938964844,81235400,64248.0,-0.9913429037699317,0,24.716592974699083,1.6614909427927735
2023-05-05,1847,172.02601623535156,173.57000732421875,174.3000030517578,170.75999450683594,170.97999572753906,113316400,64272.0,4.692692172716728,1,39.49140399382536,2.073090102365961
2023-05-08,1848,171.95660400390625,173.5,173.85000610351562,172.11000061035156,172.47999572753906,55962800,64344.0,-0.04033376808469935,0,-50.613679926294864,1.0109845372107968
2023-05-09,1849,170.24203491210938,171.77000427246094,173.5399932861328,171.60000610351562,173.0500030517578,45326900,64368.0,-0.9971156931060876,0,-19.005303523054597,1.1305286209878767
2023-05-10,1850,172.01608276367188,173.55999755859375,174.02999877929688,171.89999389648438,173.02000427246094,53724500,64392.0,1.0420872338650744,1,18.526746810392947,1.2390953801284934
2023-05-11,1851,172.2043914794922,173.75,174.58999633789062,172.1699981689453,173.85000610351562,49514700,64416.0,0.10947363682816125,1,-7.835903544937595,1.405586452159127
2023-05-12,1852,171.27146911621094,172.57000732421875,174.05999755859375,171.0,173.6199951171875,45497800,64440.0,-0.6791324752697836,0,-8.112540316310103,1.7894722564875731
2023-05-15,1853,170.77525329589844,172.07000732421875,173.2100067138672,171.47000122070312,173.16000366210938,37266700,64512.0,-0.2897374855299284,0,-18.091204409883556,1.0147579639452267
2023-05-16,1854,170.77525329589844,172.07000732421875,173.13999938964844,171.8000030517578,171.99000549316406,42110300,64536.0,0.0,0,12.997126120638525,0.7799745716459197
2023-05-17,1855,171.3905792236328,172.69000244140625,172.92999267578125,170.4199981689453,171.7100067138672,57951600,64560.0,0.36031562201266354,1,37.61858737648509,1.4728286197654237
2023-05-18,1856,173.73280334472656,175.0500030517578,175.24000549316406,172.5800018310547,173.0,65496700,64584.0,1.3666110237923634,1,13.019657783391647,1.5413162787617518
2023-05-19,1857,173.8419952392578,175.16000366210938,176.38999938964844,174.94000244140625,176.38999938964844,55772400,64608.0,0.06283953638037687,1,-14.847007559159465,0.8288538516099793
2023-05-22,1858,172.88919067382812,174.1999969482422,174.7100067138672,173.4499969482422,173.97999572753906,43570900,64680.0,-0.5480741572254533,0,-21.877308489503765,0.7264397738796095
2023-05-23,1859,170.26907348632812,171.55999755859375,173.3800048828125,171.27999877929688,173.1300048828125,50747300,64704.0,-1.5154991021227304,0,16.470626037102743,1.2260661597864626
2023-05-24,1860,170.54696655273438,171.83999633789062,172.4199981689453,170.52000427246094,171.08999633789062,45143500,64728.0,0.163207497832496,1,-11.042557929190322,1.1142351916954678
2023-05-25,1861,171.68832397460938,172.99000549316406,173.89999389648438,171.69000244140625,172.41000366210938,56058300,64752.0,0.6692325301335345,1,24.178010123273562,1.2871986858013722
2023-05-26,1862,174.1099395751953,175.42999267578125,175.77000427246094,173.11000061035156,173.32000732421875,54835000,64776.0,1.4104787011603337,1,-2.182192467484745,1.5365973385308354
2023-05-30,1863,175.96588134765625,177.3000030517578,178.99000549316406,176.57000732421875,176.9600067138672,55964400,64872.0,1.0659581907596527,1,2.0596334457919196,1.3705601566305083
2023-05-31,1864,175.916259765625,177.25,179.35000610351562,176.75999450683594,177.3300018310547,99625300,64896.0,-0.02820251037627397,0,78.01548841763693,1.4652702405348415
2023-06-01,1865,178.73486328125,180.08999633789062,180.1199951171875,176.92999267578125,177.6999969482422,68901800,64920.0,1.6022546335066945,1,-30.839053935094796,1.8029743816537829
2023-06-02,1866,179.58840942382812,180.9499969482422,181.77999877929688,179.25999450683594,181.02999877929688,61945900,64944.0,0.47753935689909266,1,-10.095382123543938,1.4057817414274432
2023-06-05,1867,178.22872924804688,179.5800018310547,184.9499969482422,178.0399932861328,182.6300048828125,121946500,65016.0,-0.7571125395372968,0,96.85967917166431,3.8811525065630197
2023-06-06,1868,177.8614959716797,179.2100067138672,180.1199951171875,177.42999267578125,179.97000122070312,64848400,65040.0,-0.2060335858196427,0,-46.82225402123063,1.516092291296943
2023-06-07,1869,176.48199462890625,177.82000732421875,181.2100067138672,177.32000732421875,178.44000244140625,61944600,65064.0,-0.7756259904993845,0,-4.477828288747299,2.1937735331444084
2023-06-08,1870,179.21128845214844,180.57000732421875,180.83999633789065,177.4600067138672,177.89999389648438,50214900,65088.0,1.546507640721173,1,-18.93579101326024,1.9046486510469318
2023-06-09,1871,179.59832763671875,180.9600067138672,182.22999572753903,180.6300048828125,181.5,48870700,65112.0,0.2159823746078704,1,-2.676894706551247,0.8857835362206637
2023-06-12,1872,182.4070281982422,183.7899932861328,183.88999938964844,180.97000122070312,181.27000427246097,54274900,65184.0,1.5638740424785524,1,11.058159592557493,1.6135260812559813
2023-06-13,1873,181.9306640625,183.30999755859375,184.1499938964844,182.44000244140625,182.8000030517578,54929100,65208.0,-0.2611653218746124,0,1.2053453806455616,0.9372897567392582
2023-06-14,1874,182.5658416748047,183.9499969482422,184.38999938964844,182.02000427246097,183.3699951171875,57462900,65232.0,0.3491350161869189,1,4.612855480974565,1.30205200612999
2023-06-15,1875,184.61033630371097,186.0099945068359,186.52000427246097,183.77999877929688,183.9600067138672,65433200,65256.0,1.1198682211304156,1,13.87034068938393,1.4909160471018335
2023-06-16,1876,183.52853393554688,184.9199981689453,186.9900054931641,184.27000427246097,186.72999572753903,101235600,65280.0,-0.5859880490725722,0,54.71595459185856,1.476095489031053
2023-06-20,1877,183.61785888671875,185.0099945068359,186.1000061035156,184.41000366210935,184.41000366210935,49799100,65376.0,0.04866771511016221,1,-50.80870760878584,0.9164375076434609
2023-06-21,1878,182.5757751464844,183.9600067138672,185.41000366210935,182.58999633789065,184.8999938964844,49515700,65400.0,-0.5675303087098515,0,-0.5690865899182884,1.5444478781850393
2023-06-22,1879,185.59288024902344,187.0,187.0500030517578,183.6699981689453,183.7400054931641,51245300,65424.0,1.6525294494369236,1,3.4930335227008724,1.8402596594482827
2023-06-23,1880,185.2752990722656,186.67999267578125,187.55999755859375,185.0099945068359,185.5500030517578,53079300,65448.0,-0.17112691134693048,0,3.5788647934542395,1.3783055658993717
2023-06-26,1881,183.8759002685547,185.27000427246097,188.0500030517578,185.22999572753903,186.8300018310547,48088700,65520.0,-0.7552970101992074,0,-9.402158656952897,1.5224355607969786
2023-06-27,1882,186.6448974609375,188.05999755859375,188.38999938964844,185.6699981689453,185.88999938964844,50730800,65544.0,1.5059066345298744,1,5.494222135345717,1.4649653942626395
2023-06-28,1883,187.82595825195312,189.25,189.8999938964844,187.6000061035156,187.92999267578125,51216800,65568.0,0.6327780797909854,1,0.9579979026548058,1.2260062463429235
2023-06-29,1884,188.1634063720703,189.58999633789065,190.07000732421875,188.94000244140625,189.0800018310547,46347300,65592.0,0.1796546039052327,1,-9.507622498867562,0.5980760390658592
2023-06-30,1885,192.5104522705078,193.97000122070312,194.47999572753903,191.2599945068359,191.6300048828125,85069600,65616.0,2.3102510509079632,1,83.54812470197832,1.683572787401726
2023-07-03,1886,191.0118103027344,192.4600067138672,193.8800048828125,191.7599945068359,193.77999877929688,31458200,65688.0,-0.7784680606965799,0,-63.02063251737401,1.1055540450075556
2023-07-05,1887,189.8903045654297,191.3300018310547,192.97999572753903,190.6199951171875,191.57000732421875,46920300,65736.0,-0.5871375056598072,0,49.15125468081454,1.238065612634538
2023-07-06,1888,190.36669921875,191.80999755859375,192.02000427246097,189.1999969482422,189.83999633789065,45094300,65760.0,0.2508732153585047,1,-3.8917057222566775,1.490490153120998
2023-07-07,1889,189.24517822265625,190.67999267578125,192.6699981689453,190.2400054931641,191.41000366210935,46778000,65784.0,-0.5891272077553245,0,3.733731314157218,1.2773300071569536
2023-07-10,1890,187.19078063964844,188.61000061035156,189.9900054931641,187.0399932861328,189.2599945068359,59922200,65856.0,-1.0855843008916843,0,28.099106417546714,1.5772093204250521
2023-07-11,1891,186.66476440429688,188.0800018310547,189.3000030517578,186.6000061035156,189.16000366210935,46638100,65880.0,-0.2810024800285138,0,-22.168912356355406,1.446943654838041
2023-07-12,1892,188.342041015625,189.77000427246097,191.6999969482422,188.47000122070312,189.67999267578125,60750200,65904.0,0.8985550962107736,1,30.258736955407706,1.7137983268523758
2023-07-13,1893,189.10623168945312,190.5399932861328,191.19000244140625,189.77999877929688,190.5,41342300,65928.0,0.4057485357729984,1,-31.947055318336403,0.7429674734844569
2023-07-14,1894,189.255126953125,190.69000244140625,191.17999267578125,189.6300048828125,190.22999572753903,41573900,65952.0,0.07872843526774975,1,0.5602010531586377,0.8173747577165392
2023-07-17,1895,192.53028869628903,193.9900054931641,194.32000732421875,191.80999755859375,191.8999938964844,50520200,66024.0,1.7305590274832694,1,21.51902996832147,1.3085917301355718
2023-07-18,1896,192.27224731445312,193.72999572753903,194.3300018310547,192.4199981689453,193.3500061035156,48353800,66048.0,-0.13403255748359877,0,-4.288185715812687,0.9926222223702477
2023-07-19,1897,193.6319580078125,195.1000061035156,198.22999572753903,192.6499938964844,193.1000061035156,80507300,66072.0,0.7071751438550322,1,66.4963250044464,2.8964453713156635
2023-07-20,1898,191.67677307128903,193.1300048828125,196.47000122070312,192.5,195.08999633789065,59581200,66096.0,-1.0097391896840113,0,-25.992798168613284,2.062338296469156
2023-07-21,1899,190.4956970214844,191.94000244140625,194.97000122070312,191.22999572753903,194.1000061035156,71917800,66120.0,-0.6161665258219817,0,20.705524561438835,1.955762995724155
2023-07-24,1900,191.29962158203125,192.75,194.91000366210935,192.25,193.41000366210935,45377800,66192.0,0.42200559981810937,1,-36.9032423127515,1.3836169893936783
2023-07-25,1901,192.16307067871097,193.6199951171875,194.44000244140625,192.9199981689453,193.3300018310547,37283200,66216.0,0.4513593344682265,1,-17.83823808117626,0.7878935760355069
2023-07-26,1902,193.0364532470703,194.5,195.63999938964844,193.32000732421875,193.6699981689453,47471900,66240.0,0.45450103553605903,1,27.32785812376619,1.2000786144906397
2023-07-27,1903,191.76608276367188,193.22000122070312,197.1999969482422,192.5500030517578,196.02000427246097,47460200,66264.0,-0.6580970587644619,0,-0.024646159096219922,2.4149539458768263
2023-07-28,1904,194.35643005371097,195.8300018310547,196.6300048828125,194.13999938964844,194.6699981689453,48291400,66288.0,1.3507921508448373,1,1.751362194006778,1.2825824152633791
2023-07-31,1905,194.9717712402344,196.4499969482422,196.4900054931641,195.2599945068359,196.05999755859375,38824100,66360.0,0.3165986372825502,1,-19.604525857606113,0.629934969236681
2023-08-01,1906,194.1381072998047,195.61000061035156,196.72999572753903,195.27999877929688,196.2400054931641,35175100,66384.0,-0.4275878599845129,0,-9.398801260042088,0.742521997801182
2023-08-02,1907,191.1309051513672,192.5800018310547,195.17999267578125,191.8500061035156,195.0399932861328,50389300,66408.0,-1.5489999334607263,0,43.25275550033973,1.7357239855749125
2023-08-03,1908,189.73150634765625,191.1699981689453,192.3699951171875,190.69000244140625,191.57000732421875,61235200,66432.0,-0.7321651514710981,0,21.524212481618132,0.8810072128964732
2023-08-04,1909,180.62057495117188,181.9900054931641,187.3800048828125,181.9199981689453,185.52000427246097,115799700,66456.0,-4.802004898105638,0,89.10642898202342,3.001322981982769
2023-08-07,1910,177.5042266845703,178.85000610351562,183.1300048828125,177.35000610351562,182.1300048828125,97576100,66528.0,-1.72536913834338,0,-15.73717375779039,3.2590913901199454
2023-08-08,1911,178.4470672607422,179.8000030517578,180.27000427246097,177.5800018310547,179.69000244140625,67823000,66552.0,0.5311696482092065,1,-30.492200446625763,1.5148115855779085
2023-08-09,1912,176.84918212890625,178.19000244140625,180.92999267578125,177.00999450683594,180.8699951171875,60378500,66576.0,-0.895439701348677,0,-10.976364949943228,2.2145631832071078
2023-08-10,1913,176.63082885742188,177.97000122070312,180.75,177.60000610351562,179.47999572753906,54686900,66600.0,-0.12346440186814522,0,-9.426534279586274,1.7736451510302171
2023-08-11,1914,176.69046020507812,177.7899932861328,178.6199951171875,176.5500030517578,177.32000732421875,51988100,66624.0,-0.10114509936260951,0,-4.935002715458358,1.1724678729248414
2023-08-14,1915,178.35015869140625,179.4600067138672,179.69000244140625,177.30999755859375,177.97000122070312,43675600,66696.0,0.9393180104611876,1,-15.98923599823806,1.3422846515047777
2023-08-15,1916,176.35256958007812,177.4499969482422,179.47999572753906,177.0500030517578,178.8800048828125,43622600,66720.0,-1.120032146677552,0,-0.12134922015953897,1.3724894853974554
2023-08-16,1917,175.47802734375,176.57000732421875,178.5399932861328,176.5,177.1300048828125,46964900,66744.0,-0.49590850332903447,0,7.661854176504845,1.1558035615483357
2023-08-17,1918,172.92391967773438,174.0,177.50999450683594,173.47999572753906,177.13999938964844,66062900,66768.0,-1.4555174817995509,0,40.664411081467236,2.32303370910052
2023-08-18,1919,173.41090393066406,174.49000549316406,175.10000610351562,171.9600067138672,172.3000030517578,61114200,66792.0,0.28161235239314575,1,-7.490891256665999,1.8260056216869305
2023-08-21,1920,174.7525177001953,175.83999633789062,176.1300048828125,173.74000549316406,175.07000732421875,46311900,66864.0,0.7736780344014926,1,-24.220721207182617,1.3756183458521152
2023-08-22,1921,176.13392639160156,177.22999572753906,177.67999267578125,176.25,177.05999755859375,42084200,66888.0,0.7904910251348207,1,-9.128755244332453,0.81134336214539
2023-08-23,1922,179.9998779296875,181.1199951171875,181.5500030517578,178.3300018310547,178.52000427246094,52722800,66912.0,2.1948877071738204,1,25.279320980320396,1.8056418929180924
2023-08-24,1923,175.2891845703125,176.3800048828125,181.1000061035156,176.00999450683594,180.6699981689453,54945800,66936.0,-2.617044148719283,0,4.216392149127124,2.891887822019091
2023-08-25,1924,177.50540161132812,178.61000061035156,179.14999389648438,175.82000732421875,177.3800048828125,51449600,66960.0,1.264313224744873,1,-6.362997717750951,1.8939747659804176
2023-08-28,1925,179.07562255859375,180.19000244140625,180.58999633789065,178.5500030517578,180.08999633789062,43820700,67032.0,0.8846099466185864,1,-14.827909254882442,1.14253332470764
2023-08-29,1926,182.98130798339844,184.1199951171875,184.8999938964844,179.5,179.6999969482422,53003900,67056.0,2.181027039532446,1,20.956306038013995,3.0083531456737624
2023-08-30,1927,186.489501953125,187.6499938964844,187.8500061035156,184.7400054931641,184.94000244140625,60813900,67080.0,1.9172272827023162,1,14.734764800326005,1.6834472869313541
2023-08-31,1928,186.70811462402344,187.8699951171875,189.1199951171875,187.47999572753903,187.83999633789065,60794500,67104.0,0.1172401960345626,1,-0.03190060167165276,0.8747596687765261
2023-09-01,1929,188.28829956054688,189.4600067138672,189.9199981689453,188.27999877929688,189.4900054931641,45732600,67128.0,0.8463361036912254,1,-24.77510301096316,0.8710428087323583
2023-09-05,1930,188.5268096923828,189.6999969482422,189.97999572753903,187.61000061035156,188.27999877929688,45280000,67224.0,0.12667065653462206,1,-0.9896660150527148,1.263256281369419
2023-09-06,1931,181.77879333496097,182.91000366210935,188.8500061035156,181.47000122070312,188.3999938964844,81755800,67248.0,-3.57933231173716,0,80.55609540636041,4.066790562169522
2023-09-07,1932,176.46188354492188,177.55999755859375,178.2100067138672,173.5399932861328,175.17999267578125,112488800,67272.0,-2.924939039090879,0,37.5912167699417,2.691030084364735
2023-09-08,1933,177.07803344726562,178.17999267578125,180.2400054931641,177.7899932861328,178.35000610351562,65551300,67296.0,0.3491749975851999,1,-41.72637631479756,1.3780371784413432
2023-09-11,1934,178.25076293945312,179.36000061035156,180.3000030517578,177.33999633789062,180.07000732421875,58953100,67368.0,0.6622561359722834,1,-10.065704265209085,1.6691140041682464
2023-09-12,1935,175.20968627929688,176.3000030517578,180.1300048828125,174.82000732421875,179.49000549316406,90370200,67392.0,-1.7060646455066664,0,53.29168440675724,3.0374083835529775
2023-09-13,1936,173.1326141357422,174.2100067138672,177.3000030517578,173.97999572753906,176.50999450683594,84267900,67416.0,-1.1854771989295187,0,-6.752557812199155,1.9082695745193827
2023-09-14,1937,174.6531524658203,175.74000549316406,176.10000610351562,173.5800018310547,174.0,60895800,67440.0,0.8782496529087691,1,-27.735472226078972,1.4517826050685587
2023-09-15,1938,173.9276580810547,175.00999450683594,176.5,173.82000732421875,176.47999572753906,109205100,67464.0,-0.41539260470577766,0,79.3310868729863,1.5418205976613375
2023-09-18,1939,176.86935424804688,177.97000122070312,179.3800048828125,176.1699981689453,176.47999572753906,67257600,67536.0,1.6913358132535583,1,-38.41166758695336,1.8221074798382086
2023-09-19,1940,177.96255493164062,179.07000732421875,179.6300048828125,177.1300048828125,177.52000427246094,51826900,67560.0,0.6180851244426799,1,-22.942686031021033,1.4113927234710888
2023-09-20,1941,174.40469360351562,175.49000549316406,179.6999969482422,175.39999389648438,179.25999450683594,58436200,67584.0,-1.999219123598317,0,12.752643897281146,2.4515411638472124
2023-09-21,1942,172.85433959960938,173.92999267578125,176.3000030517578,173.86000061035156,174.5500030517578,63047900,67608.0,-0.8889468166570769,0,7.891854706500423,1.4034294448639115
2023-09-22,1943,173.7090301513672,174.7899932861328,177.0800018310547,174.0500030517578,174.6699981689453,56725400,67632.0,0.49445216268977354,1,-10.028089753980707,1.7408783258658342
2023-09-25,1944,174.99105834960938,176.0800018310547,176.97000122070312,174.14999389648438,174.1999969482422,46172700,67704.0,0.738033408360006,1,-18.60313016743822,1.6192979747647747
2023-09-26,1945,170.89651489257812,171.9600067138672,175.1999969482422,171.66000366210938,174.82000732421875,64588900,67728.0,-2.3398427273646605,0,39.885473450762035,2.0622120532519816
2023-09-27,1946,169.37599182128906,170.42999267578125,173.0399932861328,169.0500030517578,172.6199951171875,66921800,67752.0,-0.8897499292564004,0,3.6119209337827307,2.360242627829702
2023-09-28,1947,169.63438415527344,170.69000244140625,172.02999877929688,167.6199951171875,169.33999633789062,56294400,67776.0,0.15256103784480057,1,-15.88032599242698,2.6309532219149787
2023-09-29,1948,170.15118408203125,171.2100067138672,173.07000732421875,170.33999633789062,172.02000427246094,51814200,67800.0,0.3046483478957418,1,-7.958518076398358,1.60268348304576
2023-10-02,1949,172.67544555664062,173.75,174.3000030517578,170.92999267578125,171.22000122070312,52164500,67872.0,1.4835542237771948,1,0.6760694944629053,1.9715734630427169
2023-10-03,1950,171.33377075195312,172.39999389648438,173.6300048828125,170.82000732421875,172.25999450683594,49594600,67896.0,-0.7769819300809333,0,-4.926530494876779,1.6450049397670004
2023-10-04,1951,172.5860137939453,173.66000366210938,174.2100067138672,170.97000122070312,171.08999633789062,53020300,67920.0,0.730864159068112,1,6.9074052416997045,1.8950725098150865
2023-10-05,1952,173.82827758789062,174.91000366210938,175.4499969482422,172.67999267578125,173.7899932861328,48527900,67944.0,0.7197972898999483,1,-8.47298110346415,1.6041257759732557
2023-10-06,1953,176.39231872558594,177.49000549316406,177.99000549316406,173.17999267578125,173.8000030517578,57224100,67968.0,1.4750453244736894,1,17.92000065941448,2.777464499832768
2023-10-09,1954,177.883056640625,178.99000549316406,179.0500030517578,175.8000030517578,176.80999755859375,42390800,68040.0,0.8451180086631815,1,-25.921421219381347,1.8486916630161592
2023-10-10,1955,177.28675842285156,178.38999938964844,179.72000122070312,177.9499969482422,178.10000610351562,43698000,68064.0,-0.335217657467779,0,3.0836879700312236,0.9946638397390666
2023-10-11,1956,178.6880340576172,179.8000030517578,179.85000610351562,177.60000610351562,178.1999969482422,47551100,68088.0,0.7904051050695804,1,8.817566021328215,1.2668918483530733
2023-10-12,1957,179.5924072265625,180.7100067138672,182.33999633789065,179.0399932861328,180.07000732421875,56743100,68112.0,0.5061199369654101,1,19.330783094397397,1.8431653125030787
2023-10-13,1958,177.74392700195312,178.85000610351562,181.92999267578125,178.13999938964844,181.4199981689453,51427100,68136.0,-1.029273721015711,0,-9.368539963449296,2.127536375389168
2023-10-16,1959,177.61471557617188,178.72000122070312,179.0800018310547,176.50999450683594,176.75,52517000,68208.0,-0.07268933652552212,0,2.1193106358320835,1.4560123529544486
2023-10-17,1960,176.05441284179688,177.14999389648438,178.4199981689453,174.8000030517578,176.64999389648438,57549400,68232.0,-0.87847320585005,0,9.582420930365409,2.0709353855764117
2023-10-18,1961,174.7525177001953,175.83999633789062,177.5800018310547,175.11000061035156,175.5800018310547,54764400,68256.0,-0.7394849583563845,0,-4.83932065321272,1.410542637253073
2023-10-19,1962,174.37489318847656,175.4600067138672,177.83999633789062,175.19000244140625,176.0399932861328,59302900,68280.0,-0.2160996541954341,0,8.28731803872589,1.5126399106996344
2023-10-20,1963,171.8108367919922,172.8800048828125,175.4199981689453,172.63999938964844,175.30999755859375,64189300,68304.0,-1.4704215959948308,0,8.239731952400309,1.6102866016712722
2023-10-23,1964,171.93008422851562,173.0,174.00999450683594,169.92999267578125,170.91000366210938,55980100,68376.0,0.06940948276166203,1,-12.789047395749764,2.400989823402833
2023-10-24,1965,172.36737060546875,173.44000244140625,173.6699981689453,171.4499969482422,173.0500030517578,43816600,68400.0,0.2543366713330997,1,-21.728257005614495,1.2948388802674082
2023-10-25,1966,170.04183959960938,171.10000610351562,173.05999755859375,170.64999389648438,171.8800048828125,57157000,68424.0,-1.3491676112499795,0,30.445995353359233,1.4122494862620822
2023-10-26,1967,165.85787963867188,166.88999938964844,171.3800048828125,165.6699981689453,170.3699951171875,70625300,68448.0,-2.460553222493822,0,23.563692985985973,3.446614822826456
2023-10-27,1968,167.1796417236328,168.22000122070312,168.9600067138672,166.8300018310547,166.91000366210938,58499100,68472.0,0.7969332110484562,1,-17.169767774437773,1.276751698995671
2023-10-30,1969,169.23684692382812,170.2899932861328,171.1699981689453,168.8699951171875,169.02000427246094,51131000,68544.0,1.2305267212035398,1,-12.59523650791209,1.3619962801335568
2023-10-31,1970,169.71388244628906,170.77000427246094,170.89999389648438,167.89999389648438,169.35000610351562,44846000,68568.0,0.28187856318813154,1,-12.291955956269195,1.7867779089078433
2023-11-01,1971,172.8940887451172,173.97000122070312,174.22999572753906,170.1199951171875,171.0,56934900,68592.0,1.8738635990994235,1,26.956473264059234,2.4159421163399286
2023-11-02,1972,176.47181701660156,177.57000732421875,177.77999877929688,175.4600067138672,175.52000427246094,77334800,68616.0,2.0693257908003027,1,35.83022012860302,1.3222341141323635
2023-11-03,1973,175.55751037597656,176.64999389648438,176.82000732421875,173.35000610351562,174.24000549316406,79763700,68640.0,-0.5181130764130404,0,3.1407593993906913,2.0017312365313797
2023-11-06,1974,178.12155151367188,179.22999572753906,179.42999267578125,176.2100067138672,176.3800048828125,63841300,68712.0,1.4605162299448304,1,-19.961962647169074,1.8273570394573169
2023-11-07,1975,180.69552612304688,181.82000732421875,182.44000244140625,178.97000122070312,179.17999267578125,70530000,68736.0,1.4450770844278482,1,10.477073618488353,1.9388731055681068
2023-11-08,1976,181.75892639160156,182.88999938964844,183.4499969482422,181.58999633789065,182.3500061035156,49340300,68760.0,0.5884897273828127,1,-30.04352757691763,1.024285835047085
2023-11-09,1977,181.28189086914065,182.41000366210935,184.1199951171875,181.80999755859375,182.9600067138672,53763500,68784.0,-0.26245050529879466,0,8.964679987758494,1.2705558493004674
2023-11-10,1978,185.4912872314453,186.3999938964844,186.57000732421875,183.52999877929688,183.97000122070312,66133400,68808.0,2.1873746802647975,1,23.007988691212432,1.656409614309224
2023-11-13,1979,183.89907836914065,184.8000030517578,186.02999877929688,184.2100067138672,185.82000732421875,43627500,68880.0,-0.8583642151915205,0,-34.031064484814024,0.9879984795053374
2023-11-14,1980,186.5261993408203,187.44000244140625,188.11000061035156,186.3000030517578,187.6999969482422,60108400,68904.0,1.428571074703422,1,37.776402498424154,0.9715499350211482
2023-11-15,1981,187.09341430664065,188.0099945068359,189.5,187.77999877929688,187.8500061035156,53790500,68928.0,0.3040930740533021,1,-10.510843742305564,0.9159661475579681
2023-11-16,1982,188.78514099121097,189.7100067138672,190.9600067138672,188.6499938964844,189.57000732421875,54412900,68952.0,0.9042137421952257,1,1.157081640810187,1.2244966298012865
2023-11-17,1983,188.76524353027344,189.69000244140625,190.3800048828125,188.57000732421875,190.25,50922700,68976.0,-0.01054465855937492,0,-6.414287788373718,0.9598544245065028
2023-11-20,1984,190.51663208007812,191.4499969482422,191.91000366210935,189.8800048828125,189.88999938964844,46505100,69048.0,0.9278267089376957,1,-8.67510952875633,1.069095600955821
2023-11-21,1985,189.71060180664065,190.63999938964844,191.52000427246097,189.7400054931641,191.41000366210935,38134500,69072.0,-0.4230856994020926,0,-17.999316204029235,0.9381251859197424
2023-11-22,1986,190.37733459472656,191.30999755859375,192.92999267578125,190.8300018310547,191.4900054931641,39617700,69096.0,0.35144679557825853,1,3.889391495889538,1.100451094993817
2023-11-24,1987,189.0438537597656,189.97000122070312,190.8999938964844,189.25,190.8699951171875,24048300,69144.0,-0.7004319455287344,0,-39.2991011593303,0.8718593904805302
2023-11-27,1988,188.86473083496097,189.7899932861328,190.6699981689453,188.8999938964844,189.9199981689453,40552600,69216.0,-0.09475597905649336,0,68.62979919578515,0.9370059976978382
2023-11-28,1989,189.4717712402344,190.3999938964844,191.0800018310547,189.3999938964844,189.77999877929688,38415400,69240.0,0.3214082048213829,1,-5.27019229346577,0.887015833531908
2023-11-29,1990,188.44679260253903,189.3699951171875,192.08999633789065,188.97000122070312,190.8999938964844,43014200,69264.0,-0.5409657627703957,0,11.971240700344143,1.6510531285564223
2023-11-30,1991,189.02395629882812,189.9499969482422,190.32000732421875,188.19000244140625,189.83999633789065,48794400,69288.0,0.30627968844576525,1,13.437887953280537,1.1318374276952816
2023-12-01,1992,190.30767822265625,191.2400054931641,191.55999755859375,189.22999572753903,190.3300018310547,45679300,69312.0,0.6791305952341897,1,-6.384134244913353,1.2313068137514236
2023-12-04,1993,188.50648498535156,189.42999267578125,190.0500030517578,187.4499969482422,189.97999572753903,43389500,69384.0,-0.9464613916503661,0,-5.012773838478257,1.3870398217363142
2023-12-05,1994,192.47705078125,193.4199981689453,194.3999938964844,190.17999267578125,190.2100067138672,66628400,69408.0,2.106321938149014,1,53.558810311250426,2.2189511953012895
2023-12-06,1995,191.38243103027344,192.32000732421875,194.7599945068359,192.11000061035156,194.4499969482422,41089700,69432.0,-0.568705850036122,0,-38.330051449532036,1.3794148602701921
2023-12-07,1996,193.3229217529297,194.27000427246097,195.0,193.58999633789065,193.6300048828125,47477700,69456.0,1.013933482726448,1,15.546475150706861,0.7283453116287765
2023-12-08,1997,194.75588989257812,195.7100067138672,195.9900054931641,193.6699981689453,194.1999969482422,53377300,69480.0,0.7412376639404528,1,12.426044227079247,1.1979177705134032
2023-12-11,1998,192.2382049560547,193.17999267578125,193.4900054931641,191.4199981689453,193.11000061035156,60943700,69552.0,-1.2927361664163084,0,14.17531422533549,1.081395540706155
2023-12-12,1999,193.76077270507812,194.7100067138672,194.72000122070312,191.72000122070312,193.0800018310547,52696900,69576.0,0.7920147510585007,1,-13.531833479096278,1.5647819637485176
2023-12-13,2000,196.9949188232422,197.9600067138672,198.0,194.8500061035156,195.08999633789065,70404200,69600.0,1.6691489332522957,1,33.602166351341346,1.6166249924626352
2023-12-14,2001,197.14418029785156,198.11000061035156,199.6199951171875,196.16000366210935,198.02000427246097,66831600,69624.0,0.0757697976345284,1,-5.074413174214043,1.763861842620108
2023-12-15,2002,196.6068115234375,197.57000732421875,198.3999938964844,197.0,197.52999877929688,128256700,69648.0,-0.2725724519050843,0,91.91026400684706,0.7106568002458901
2023-12-18,2003,194.93499755859375,195.88999938964844,196.6300048828125,194.38999938964844,196.08999633789065,55751900,69720.0,-0.8503355126233125,0,-56.53100383839597,1.1523254798072429
2023-12-19,2004,195.9798889160156,196.94000244140625,196.9499969482422,195.88999938964844,196.16000366210935,40714100,69744.0,0.5360166700849378,1,-26.972713037582572,0.5411187717068134
2023-12-20,2005,193.88018798828125,194.8300018310547,197.67999267578125,194.8300018310547,196.8999938964844,52242800,69768.0,-1.0713925988598105,0,28.316234424928965,1.4628090221945949
2023-12-21,2006,193.7308807373047,194.67999267578125,197.0800018310547,193.5,196.1000061035156,46482500,69792.0,-0.07699489496669765,0,-11.026016982244446,1.8501301452479006
2023-12-22,2007,192.65618896484375,193.6000061035156,195.41000366210935,192.97000122070312,195.17999267578125,37122800,69816.0,-0.5547496470601709,0,-20.13596514817404,1.2644465077323332
2023-12-26,2008,192.10885620117188,193.0500030517578,193.88999938964844,192.8300018310547,193.61000061035156,28919300,69912.0,-0.28409247645565516,0,-22.098279224627447,0.5497057244870288
2023-12-27,2009,192.20835876464844,193.1499938964844,193.5,191.08999633789065,192.4900054931641,48087700,69936.0,0.05179530854488856,1,66.28237889575475,1.2611877692686282
2023-12-28,2010,192.63626098632812,193.5800018310547,194.66000366210935,193.1699981689453,194.13999938964844,34049900,69960.0,0.22262901794380952,1,-29.192080303279223,0.7713441565914828
2023-12-29,2011,191.5914001464844,192.52999877929688,194.3999938964844,191.72999572753903,193.8999938964844,42628800,69984.0,-0.5424129774904141,0,25.195081336509073,1.3925823963088242
2024-01-02,2012,184.73497009277344,185.63999938964844,188.44000244140625,183.88999938964844,187.1499938964844,82488700,70080.0,-3.578662771169838,0,93.50462598055775,2.474306958975357
2024-01-03,2013,183.3517608642578,184.25,185.8800048828125,183.42999267578125,184.22000122070312,58414500,70104.0,-0.7487607165581278,0,-29.184845924350856,1.3356660878037159
2024-01-04,2014,181.02316284179688,181.91000366210935,183.08999633789065,180.8800048828125,182.1499938964844,71983600,70128.0,-1.2700115809447188,0,23.228992801444836,1.2217997542127168
2024-01-05,2015,180.29672241210935,181.17999267578125,182.7599945068359,180.1699981689453,181.9900054931641,62303300,70152.0,-0.4013033761925855,0,-13.447924249412369,1.4375292025379043
2024-01-08,2016,184.6553649902344,185.55999755859375,185.6000061035156,181.5,182.08999633789065,59144500,70224.0,2.4174881663950876,1,-5.070036418616675,2.2589565308625876
2024-01-09,2017,184.23741149902344,185.13999938964844,185.1499938964844,182.72999572753903,183.9199981689453,42841800,70248.0,-0.22634090023238018,0,-27.564186018987392,1.3243573718207307
2024-01-10,2018,185.28228759765625,186.19000244140625,186.3999938964844,183.9199981689453,184.3500061035156,46792900,70272.0,0.5671400319862574,1,9.222535000863651,1.348410043621801
2024-01-11,2019,184.6852264404297,185.58999633789065,187.0500030517578,183.6199951171875,186.5399932861328,49128400,70296.0,-0.32225473744457167,0,4.991141818523759,1.8679926074397608
2024-01-12,2020,185.01361083984375,185.9199981689453,186.7400054931641,185.19000244140625,186.05999755859375,40444700,70320.0,0.17781229460980263,1,-17.675519658690288,0.83697987543807
2024-01-16,2021,182.7347717285156,183.6300048828125,184.2599945068359,180.92999267578125,182.16000366210935,65603000,70416.0,-1.2317089655153213,0,62.20419486360389,1.8404918840746756
2024-01-17,2022,181.78939819335935,182.67999267578125,182.92999267578125,180.3000030517578,181.27000427246097,47317400,70440.0,-0.5173512943255187,0,-27.87311555873969,1.45867419828521
2024-01-18,2023,187.71041870117188,188.6300048828125,189.13999938964844,185.8300018310547,186.08999633789065,78005800,70464.0,3.2570683411353496,1,64.85647985730407,1.7811965376844792
2024-01-19,2024,190.62611389160156,191.55999755859375,191.9499969482422,188.82000732421875,189.3300018310547,68741000,70488.0,1.5533014896551123,1,-11.877065551535914,1.657657823648423
2024-01-22,2025,192.9447479248047,193.88999938964844,195.3300018310547,192.2599945068359,192.3000030517578,60133900,70560.0,1.216330058858972,1,-12.521057302046811,1.5967998605709015
2024-01-23,2026,194.2284698486328,195.17999267578125,195.75,193.8300018310547,195.02000427246097,42355600,70584.0,0.6653222395139657,1,-29.564521842089075,0.9905577830096775
2024-01-24,2027,193.55177307128903,194.5,196.3800048828125,194.33999633789065,195.4199981689453,53631300,70608.0,-0.34839261261312426,0,26.62150931635958,1.0497111162722113
2024-01-25,2028,193.223388671875,194.1699981689453,196.27000427246097,193.11000061035156,195.22000122070312,54822100,70632.0,-0.16966675118492702,0,2.220345208861252,1.636374942841781
2024-01-26,2029,191.48191833496097,192.4199981689453,194.7599945068359,191.94000244140625,194.27000427246097,44594000,70656.0,-0.9012720896651283,0,-18.656892019824124,1.4692049752841498
2024-01-29,2030,190.7952880859375,191.72999572753903,192.1999969482422,189.5800018310547,192.0099945068359,47145600,70728.0,-0.3585918553020928,0,5.721845988249541,1.3819997319771755
2024-01-30,2031,187.12326049804688,188.0399932861328,191.8000030517578,187.47000122070312,190.94000244140625,55859400,70752.0,-1.924582758897031,0,18.482742822235785,2.3097038474742946
2024-01-31,2032,183.5010223388672,184.3999938964844,187.1000061035156,184.3500061035156,187.0399932861328,55467800,70776.0,-1.935758093816553,0,-0.7010458400913744,1.4917276425018555
2024-02-01,2033,185.9490509033203,186.86000061035156,186.9499969482422,183.82000732421875,183.9900054931641,64885400,70800.0,1.3340600842145944,1,16.978499237395383,1.7027469803669482
2024-02-02,2034,184.94395446777344,185.8500061035156,187.3300018310547,179.25,179.86000061035156,102518000,70824.0,-0.5405086714850516,0,57.99856362140019,4.507671872275976
2024-02-05,2035,186.76502990722656,187.67999267578125,189.25,185.83999633789065,188.1499938964844,69668800,70896.0,0.9846577950857638,1,-32.04237304668448,1.834913758774158
2024-02-06,2036,188.3771514892578,189.3000030517578,189.30999755859375,186.77000427246097,186.86000061035156,43490800,70920.0,0.86317691773099,1,-37.574925935282366,1.3599578240772698
2024-02-07,2037,188.4866180419922,189.41000366210935,191.0500030517578,188.61000061035156,190.63999938964844,53439000,70944.0,0.05810914346444651,1,22.874263062532773,1.2936760688777253
2024-02-08,2038,187.4019317626953,188.32000732421875,189.5399932861328,187.3500061035156,189.38999938964844,40962000,70968.0,-0.5754692554861274,0,-23.34811654409701,1.168928268626366
2024-02-09,2039,188.1691436767578,188.8500061035156,189.9900054931641,188.0,188.6499938964844,45155200,70992.0,0.28143519471321987,1,10.236804843513504,1.0585135601936655
2024-02-12,2040,186.4752655029297,187.1499938964844,188.6699981689453,186.7899932861328,188.4199981689453,41781900,71064.0,-0.9001917670573678,0,-7.470457444546808,1.0064805130822125
2024-02-13,2041,184.37286376953125,185.0399932861328,186.2100067138672,183.5099945068359,185.77000427246097,56529500,71088.0,-1.127438246948953,0,35.2966236576125,1.4713161614370276
2024-02-14,2042,183.4860687255859,184.1499938964844,185.52999877929688,182.44000244140625,185.32000732421875,54630500,71112.0,-0.4809767736384307,0,-3.359307971943848,1.6937054903203206
2024-02-15,2043,183.19712829589844,183.86000061035156,184.4900054931641,181.3500061035156,183.5500030517578,65434500,71136.0,-0.15747667431140755,0,19.77649847612597,1.73145811081813
2024-02-16,2044,181.65269470214844,182.30999755859375,184.8500061035156,181.6699981689453,183.4199981689453,49701400,71160.0,-0.8430343993322875,0,-24.044044044044043,1.7504309828929556
2024-02-20,2045,180.90541076660156,181.55999755859375,182.42999267578125,180.0,181.7899932861328,53665600,71256.0,-0.4113872031395016,0,7.976032868289429,1.3499959309895833
2024-02-21,2046,181.6626892089844,182.32000732421875,182.88999938964844,180.66000366210935,181.94000244140625,41529700,71280.0,0.41859978841414236,1,-22.6139277302406,1.2343605016802057
2024-02-22,2047,183.70526123046875,184.3699951171875,184.9600067138672,182.4600067138672,183.47999572753903,52292200,71304.0,1.1243899246467626,1,25.91518840733258,1.370163273051111
2024-02-23,2048,181.86196899414065,182.52000427246097,185.0399932861328,182.22999572753903,185.0099945068359,45119700,71328.0,-1.003412102685508,0,-13.7161947670972,1.5420060497587582
2024-02-26,2049,180.50686645507812,181.16000366210935,182.7599945068359,180.6499938964844,182.2400054931641,40867400,71400.0,-0.7451241390074914,0,-9.424486421673905,1.1680048057796075
2024-02-27,2050,181.9715576171875,182.6300048828125,183.9199981689453,179.55999755859375,181.1000061035156,54318900,71424.0,0.8114380608232441,1,32.91498847492134,2.4281580917981542
2024-02-28,2051,180.7659149169922,181.4199981689453,183.1199951171875,180.1300048828125,182.5099945068359,48953900,71448.0,-0.6625454095802064,0,-9.876856858294259,1.6599068191444304
2024-02-29,2052,180.09832763671875,180.75,182.57000732421875,179.52999877929688,181.27000427246097,136682600,71472.0,-0.3693077806788292,0,179.20676391462172,1.6933150813748261
2024-03-01,2053,179.01226806640625,179.66000366210938,180.52999877929688,177.3800048828125,179.5500030517578,73488000,71496.0,-0.603040850838521,0,-46.23456094630919,1.7758449711203037
2024-03-04,2054,174.4687042236328,175.10000610351562,176.89999389648438,173.7899932861328,176.14999389648438,81510100,71568.0,-2.5381261636673647,0,10.91620400609623,1.7895165029618065
2024-03-05,2055,169.50665283203125,170.1199951171875,172.0399932861328,169.6199951171875,170.75999450683594,95132400,71592.0,-2.844095267126401,0,16.71240741944864,1.4267175089077073
2024-03-06,2056,168.51026916503906,169.1199951171875,171.24000549316406,168.67999267578125,171.05999755859375,68587700,71616.0,-0.5878203789690617,0,-27.90290164024034,1.5176742521582847
2024-03-07,2057,168.3907012939453,169.0,170.72999572753906,168.49000549316406,169.14999389648438,71765100,71640.0,-0.07095264939214196,0,4.632609053809933,1.3294499147404208
2024-03-08,2058,170.1144561767578,170.72999572753906,173.6999969482422,168.94000244140625,169.0,76114600,71664.0,1.0236661109698675,1,6.060745404103107,2.81756507520287
2024-03-11,2059,172.12718200683594,172.75,174.3800048828125,172.0500030517578,172.94000244140625,60139500,71736.0,1.183157220764297,1,-20.988220393984857,1.3542585235257176
2024-03-12,2060,172.60543823242188,173.22999572753906,174.02999877929688,171.00999450683594,173.14999389648438,59825400,71760.0,0.2778557033511264,1,-0.5222856857805547,1.7659811528385354
2024-03-13,2061,170.51303100585938,171.1300048828125,173.19000244140625,170.75999450683594,172.77000427246094,52488700,71784.0,-1.2122559005482425,0,-12.263520177048548,1.4230545869881914
2024-03-14,2062,172.37628173828125,173.0,174.30999755859375,172.0500030517578,172.91000366210938,72913500,71808.0,1.0927336316434166,1,38.91275645996186,1.3135684200807967
2024-03-15,2063,171.99765014648438,172.6199951171875,172.6199951171875,170.2899932861328,171.1699981689453,121664700,71832.0,-0.21965600162572319,0,66.86169227920755,1.368255283878989
2024-03-18,2064,173.0936737060547,173.72000122070312,177.7100067138672,173.52000427246094,175.57000732421875,75604200,71904.0,0.6372414173507979,1,-37.858557165718565,2.4147085858914066
2024-03-19,2065,175.4451904296875,176.0800018310547,176.61000061035156,173.02999877929688,174.33999633789062,55215200,71928.0,1.3585082856137465,1,-26.968078492993776,2.069006447616664
2024-03-20,2066,178.0258331298828,178.6699981689453,178.6699981689453,175.08999633789062,175.72000122070312,53423100,71952.0,1.4709202129471022,1,-3.245664237383905,2.0446638334185354
2024-03-21,2067,170.75213623046875,171.3699951171875,177.49000549316406,170.83999633789062,177.0500030517578,106181300,71976.0,-4.085746418856029,0,98.75540730507963,3.8925364655949313
2024-03-22,2068,171.6588592529297,172.27999877929688,173.0500030517578,170.05999755859375,171.75999450683594,71106600,72000.0,0.5310169154682409,1,-33.03284099930968,1.758206242554992
2024-03-25,2069,170.23403930664062,170.85000610351562,171.94000244140625,169.4499969482422,170.57000732421875,54288300,72072.0,-0.8300398687680399,0,-23.65223481364599,1.4694632859300816
2024-03-26,2070,169.09814453125,169.7100067138672,171.4199981689453,169.5800018310547,170.0,57388400,72096.0,-0.6672515943357493,0,5.710438529112172,1.0850314412213151
2024-03-27,2071,172.68515014648438,173.30999755859375,173.60000610351562,170.11000061035156,170.41000366210938,60273300,72120.0,2.1212602099510702,1,5.026974092325287,2.051616883570623
2024-03-28,2072,170.8617401123047,171.47999572753906,172.22999572753906,170.50999450683594,171.75,65672700,72144.0,-1.0559124440792766,0,8.958195419862536,1.008739238821668
2024-04-01,2073,169.4169921875,170.02999877929688,171.25,169.47999572753906,171.19000244140625,46240500,72240.0,-0.8455779008450959,0,-29.58946411522596,1.0443735644804049
2024-04-02,2074,168.23126220703125,168.83999633789062,169.33999633789062,168.22999572753906,169.0800018310547,49329500,72264.0,-0.6998779332762939,0,6.6802910868178245,0.659811352637309
2024-04-03,2075,169.03836059570312,169.64999389648438,170.67999267578125,168.5800018310547,168.7899932861328,47691700,72288.0,0.4797427008780275,1,-3.320122847383411,1.2456939268698692
2024-04-04,2076,168.21136474609375,168.82000732421875,171.9199981689453,168.82000732421875,170.2899932861328,53704400,72312.0,-0.489234660846527,0,12.607434836669684,1.8362698200652436
2024-04-05,2077,168.96861267089844,169.5800018310547,170.38999938964844,168.9499969482422,169.58999633789062,42055200,72336.0,0.4501803541427263,1,-21.691332553757235,0.8523246329784749
2024-04-08,2078,167.84268188476562,168.4499969482422,169.1999969482422,168.24000549316406,169.02999877929688,37425500,72408.0,-0.6663550363316229,0,-11.008626757214323,0.5706083117770294
2024-04-09,2079,169.0582733154297,169.6699981689453,170.0800018310547,168.35000610351562,168.6999969482422,42451200,72432.0,0.7242512572309456,1,13.428544708821534,1.027618452520469
2024-04-10,2080,167.17507934570312,167.77999877929688,169.08999633789062,167.11000061035156,168.8000030517578,49709300,72456.0,-1.113926687125033,0,17.097514322327754,1.184845742509328
2024-04-11,2081,174.40892028808594,175.0399932861328,175.4600067138672,168.16000366210938,168.33999633789062,91070300,72480.0,4.327091762818491,1,83.20575827863198,4.341105431007245
2024-04-12,2082,175.91348266601562,176.5500030517578,178.36000061035156,174.2100067138672,174.25999450683594,101593300,72504.0,0.8626655756074131,1,11.554809855682912,2.3821788281660363
2024-04-15,2083,172.0673828125,172.69000244140625,176.6300048828125,172.5,175.36000061035156,73531800,72576.0,-2.1863497839872292,0,-27.621408104668323,2.3942057291666665
2024-04-16,2084,168.7693328857422,169.3800048828125,173.75999450683594,168.27000427246094,171.75,73711200,72600.0,-1.9167279586534414,0,0.2439760756570708,3.2626077702391143
2024-04-17,2085,167.39430236816406,168.0,170.64999389648438,168.0,169.61000061035156,50901200,72624.0,-0.8147389556206863,0,-30.94509382563301,1.5773773193359375
2024-04-18,2086,166.437744140625,167.0399932861328,168.63999938964844,166.5500030517578,168.02999877929688,43122900,72648.0,-0.5714325677780852,0,-15.2811721531123,1.25487619309207
2024-04-19,2087,164.40512084960938,165.0,166.39999389648438,164.0800018310547,166.2100067138672,67772100,72672.0,-1.2212603975853775,0,57.160348677848674,1.4139395657847884
2024-04-22,2088,165.24208068847656,165.83999633789062,167.25999450683594,164.77000427246094,165.52000427246094,48116400,72744.0,0.5090886896306879,1,-29.00264268039503,1.5111914607088277
2024-04-23,2089,166.29824829101562,166.89999389648438,167.0500030517578,164.9199981689453,165.35000610351562,49537800,72768.0,0.6391688265803275,1,2.954086340623996,1.2915382648928402
2024-04-24,2090,168.41062927246094,169.02000427246094,169.3000030517578,166.2100067138672,166.5399932861328,48251800,72792.0,1.2702279529689164,1,-2.5959973999652775,1.8590916389348906
2024-04-25,2091,169.27749633789062,169.88999938964844,170.61000061035156,168.14999389648438,169.52999877929688,50558300,72816.0,0.5147290824730311,1,4.780132554640448,1.4629835284927837
2024-04-26,2092,168.6896209716797,169.3000030517578,171.33999633789062,169.17999267578125,169.8800048828125,44838400,72840.0,-0.3472813820767917,0,-11.313473752084224,1.276748880258456
2024-04-29,2093,172.8744659423828,173.5,176.02999877929688,173.10000610351562,173.3699951171875,68169400,72912.0,2.4808014604454476,1,52.03352483585497,1.6926589095722409
2024-04-30,2094,169.7158966064453,170.3300018310547,174.99000549316406,170.0,173.3300018310547,65934800,72936.0,-1.8270882818128609,0,-3.2780103682884087,2.9352973489200367
2024-05-01,2095,168.6896209716797,169.3000030517578,172.7100067138672,169.11000061035156,169.5800018310547,50383100,72960.0,-0.6047077838456816,0,-23.586482403829233,2.1287955121060187
2024-05-02,2096,172.4061737060547,173.02999877929688,173.4199981689453,170.88999938964844,172.50999450683594,94214900,72984.0,2.203187040935095,1,86.99702876559799,1.4804838131739897
2024-05-03,2097,182.7188415527344,183.3800048828125,187.0,182.66000366210935,186.6499938964844,163224100,73008.0,5.981625253732603,1,73.2465883846398,2.375997071542233
2024-05-06,2098,181.05487060546875,181.7100067138672,184.1999969482422,180.4199981689453,182.3500061035156,78569700,73080.0,-0.9106762593950823,0,-51.86390980253528,2.09511075139092
2024-05-07,2099,181.7423858642578,182.3999938964844,184.8999938964844,181.32000732421875,183.4499969482422,77305800,73104.0,0.3797188691450071,1,-1.6086353899785744,1.9744023977807759
2024-05-08,2100,182.08116149902344,182.7400054931641,183.07000732421875,181.4499969482422,182.8500061035156,45057100,73128.0,0.18640987283840005,1,-41.7157574205299,0.8928136694533333
2024-05-09,2101,183.90457153320312,184.57000732421875,184.66000366210935,182.11000061035156,182.55999755859375,48983000,73152.0,1.0014237583697128,1,8.713166182466248,1.4002542656698207
2024-05-10,2102,182.63742065429688,183.0500030517578,185.08999633789065,182.1300048828125,184.8999938964844,50759500,73176.0,-0.8235380680192916,0,3.6267684706939196,1.625208024884584
2024-05-13,2103,185.8601531982422,186.27999877929688,187.1000061035156,184.6199951171875,185.44000244140625,72044800,73248.0,1.7645428427694565,1,41.93362818782691,1.3433057371461363
2024-05-14,2104,187.0075531005859,187.42999267578125,188.3000030517578,186.2899932861328,187.5099945068359,52393600,73272.0,0.6173469529849429,1,-27.276361375144354,1.0789681883437068
2024-05-15,2105,189.2924041748047,189.72000122070312,190.6499938964844,187.3699951171875,187.91000366210935,70400000,73296.0,1.2217940748059153,1,34.36755634275943,1.7505464400772823
2024-05-16,2106,189.41212463378903,189.83999633789065,191.1000061035156,189.66000366210935,190.47000122070312,52845200,73320.0,0.0632485327932919,1,-24.93579545454545,0.7592546734163839
2024-05-17,2107,189.4420623779297,189.8699951171875,190.80999755859375,189.17999267578125,189.5099945068359,41282900,73344.0,0.015802138577503122,1,-21.879565220682295,0.8616158927577613
2024-05-20,2108,190.6094207763672,191.0399932861328,191.9199981689453,189.0099945068359,189.3300018310547,44361300,73416.0,0.6162101432736655,1,7.456840483590055,1.5396030615746923
2024-05-21,2109,191.91647338867188,192.3500061035156,192.72999572753903,190.9199981689453,191.08999633789065,42309400,73440.0,0.6857270013722605,1,-4.625428019467415,0.9480397946537024
2024-05-22,2110,190.46974182128903,190.8999938964844,192.82000732421875,190.27000427246097,192.27000427246097,34648500,73464.0,-0.7538404788252739,0,-18.106850959833988,1.3402023411458255
2024-05-23,2111,186.45880126953125,186.8800048828125,191.0,186.6300048828125,190.97999572753903,51005900,73488.0,-2.105808874908477,0,47.20954731085041,2.34152869466594
2024-05-24,2112,189.5518035888672,189.97999572753903,190.5800018310547,188.0399932861328,188.82000732421875,36294600,73512.0,1.658813550797178,1,-28.842349610535255,1.3507810229799613
2024-05-28,2113,189.56179809570312,189.9900054931641,193.0,189.1000061035156,191.5099945068359,52280100,73608.0,0.005268852431927762,1,44.04374204427104,2.0623975518803
2024-05-29,2114,189.86111450195312,190.2899932861328,192.25,189.5099945068359,189.61000061035156,53068000,73632.0,0.15789661787208864,1,1.5070743935072795,1.4458369334527392
2024-05-30,2115,190.85885620117188,191.2899932861328,192.17999267578125,190.6300048828125,190.7599945068359,49947900,73656.0,0.5255137081729533,1,-5.879437702570289,0.8130870027106102
2024-05-31,2116,191.8166961669922,192.25,192.57000732421875,189.91000366210935,191.44000244140625,75158300,73680.0,0.5018593484036549,1,50.47339327579336,1.400665373500872
2024-06-03,2117,193.59266662597656,194.02999877929688,194.9900054931641,192.52000427246097,192.8999938964844,50080500,73752.0,0.9258771283728873,1,-33.366640810130086,1.2829841917141733
2024-06-04,2118,193.91195678710935,194.3500061035156,195.32000732421875,193.02999877929688,194.63999938964844,47471400,73776.0,0.16492672588361845,1,-5.209812202354214,1.1863485258269018
2024-06-05,2119,195.42852783203125,195.8699951171875,196.8999938964844,194.8699951171875,195.3999938964844,54156800,73800.0,0.7820884826020169,1,14.083005767683288,1.0417195207893029
2024-06-06,2120,194.04165649414065,194.47999572753903,196.5,194.1699981689453,195.69000244140625,41181800,73824.0,-0.7096540686677644,0,-23.95821023398723,1.1999803538275655
2024-06-07,2121,196.4462432861328,196.88999938964844,196.94000244140625,194.13999938964844,194.6499938964844,53103900,73848.0,1.239203884745943,1,28.94992448120286,1.4422597406823259
2024-06-10,2122,192.68472290039065,193.1199951171875,197.3000030517578,192.1499938964844,196.8999938964844,97262100,73920.0,-1.9147769232301326,0,83.1543445961596,2.680202611948995
2024-06-11,2123,206.68310546875,207.1499938964844,207.16000366210935,193.6300048828125,193.6499938964844,172373300,73944.0,7.264912559045644,1,77.22555856803422,6.987552774935571
2024-06-12,2124,212.58978271484375,213.07000732421875,220.1999969482422,206.8999938964844,207.3699951171875,198134300,73968.0,2.857839054869893,1,14.944889956855256,6.4282278608533945
2024-06-13,2125,213.75714111328125,214.2400054931641,216.75,211.6000061035156,214.7400054931641,97862700,73992.0,0.5491144359726752,1,-50.60789575555571,2.433834474449403
2024-06-14,2126,212.01107788085935,212.4900054931641,215.1699981689453,211.3000030517578,213.8500061035156,70122700,74016.0,-0.8168409051202308,0,-28.34583554306186,1.8315168297652826
2024-06-17,2127,216.18165588378903,216.6699981689453,218.9499969482422,212.72000122070312,213.3699951171875,93728300,74088.0,1.9671478976528656,1,33.66327879559685,2.928730580945824
2024-06-18,2128,213.8070068359375,214.2899932861328,218.6300048828125,213.0,217.58999633789065,79943300,74112.0,-1.0984469021671939,0,-14.707404273842585,2.6431947806631455
2024-06-20,2129,209.20741271972656,209.67999267578125,214.2400054931641,208.8500061035156,213.92999267578125,86172500,74160.0,-2.1512906597537684,0,7.792022596014925,2.580799249283701
2024-06-21,2130,207.02235412597656,207.4900054931641,211.88999938964844,207.11000061035156,210.38999938964844,246421400,74184.0,-1.0444426073609403,0,185.96292320635933,2.307951699681452
2024-06-24,2131,207.67086791992188,208.13999938964844,212.6999969482422,206.58999633789065,207.72000122070312,80727000,74256.0,0.313265159417897,1,-67.24026403550991,2.9575491159592513
2024-06-25,2132,208.59878540039065,209.07000732421875,211.3800048828125,208.61000061035156,209.1499938964844,56713900,74280.0,0.4468184574312861,1,-29.74605770064539,1.3278386771278718
2024-06-26,2133,212.7693634033203,213.25,214.86000061035156,210.63999938964844,211.5,66213200,74304.0,1.9993267945406679,1,16.74950937953483,2.0034187395228935
2024-06-27,2134,213.61746215820312,214.1000061035156,215.7400054931641,212.3500061035156,214.69000244140625,49772700,74328.0,0.39859606260990166,1,-24.82964121957555,1.5964206697483916
2024-06-28,2135,210.1452789306641,210.6199951171875,216.07000732421875,210.3000030517578,215.77000427246097,82542700,74352.0,-1.6254137725925766,0,65.83930548272447,2.7437014687255417
2024-07-01,2136,216.261474609375,216.75,217.5099945068359,211.9199981689453,212.08999633789065,60402900,74424.0,2.910457233370378,1,-26.82223867162087,2.6377861391987087
2024-07-02,2137,219.77354431152344,220.27000427246097,220.3800048828125,215.1000061035156,216.1499938964844,58046200,74448.0,1.6239927439266388,1,-3.9016338619503377,2.4546716083103854
2024-07-03,2138,221.0506591796875,221.5500030517578,221.5500030517578,219.02999877929688,220.0,37369800,74472.0,0.5811044420344968,1,-35.62059187336983,1.150529282064322
2024-07-05,2139,225.8298492431641,226.33999633789065,226.4499969482422,221.6499938964844,221.6499938964844,60412400,74520.0,2.162037111330495,1,61.66102039614876,2.165577795594028
2024-07-08,2140,227.30653381347656,227.82000732421875,227.8500061035156,223.25,227.08999633789065,59085900,74592.0,0.653888402524605,1,-2.195741271659457,2.0604730586855977
2024-07-09,2141,228.16458129882812,228.67999267578125,229.3999938964844,226.3699951171875,227.92999267578125,48076100,74616.0,0.377484559702701,1,-18.633548782366017,1.3385160775076792
2024-07-10,2142,232.4548797607422,232.97999572753903,233.0800018310547,229.25,229.3000030517578,62627700,74640.0,1.8803582252402196,1,30.267846185526693,1.6706660113651854
2024-07-11,2143,227.05709838867188,227.57000732421875,232.38999938964844,225.77000427246097,231.38999938964844,64710600,74664.0,-2.3220827978926772,0,3.3258446342433245,2.932185406347608
2024-07-12,2144,230.0203857421875,230.5399932861328,232.63999938964844,228.67999267578125,228.9199981689453,53046500,74688.0,1.3050867277438316,1,-18.025022175655923,1.7316804445947398
2024-07-15,2145,233.87168884277344,234.3999938964844,237.22999572753903,233.08999633789065,236.47999572753903,62631300,74760.0,1.674330147811176,1,18.06867559593941,1.7761377385097972
2024-07-16,2146,234.2907562255859,234.82000732421875,236.27000427246097,232.3300018310547,235.0,43234300,74784.0,0.17918662059344115,1,-30.970137934227772,1.6958646797030383
2024-07-17,2147,228.3641357421875,228.8800048828125,231.4600067138672,226.63999938964844,229.4499969482422,57345900,74808.0,-2.5295980990260425,0,32.639825323874796,2.126724028061791
2024-07-18,2148,223.6747131347656,224.17999267578125,230.44000244140625,222.27000427246097,230.27999877929688,66034600,74832.0,-2.0534830945314275,0,15.151388329418491,3.6757088279579158
2024-07-19,2149,223.8044281005859,224.30999755859375,226.8000030517578,223.27999877929688,224.82000732421875,49151500,74856.0,0.05799129586043783,1,-25.567051212546154,1.5764978017311426
2024-07-22,2150,223.45523071289065,223.9600067138672,227.77999877929688,223.08999633789065,227.0099945068359,48201800,74928.0,-0.15602998017738567,0,-1.9321892515996475,2.1022916842505004
2024-07-23,2151,224.5028533935547,225.0099945068359,226.94000244140625,222.67999267578125,224.3699951171875,39960300,74952.0,0.4688282557118395,1,-17.097909206710128,1.9130635466777255
2024-07-24,2152,218.04742431640625,218.5399932861328,224.8000030517578,217.1300048828125,224.0,61777600,74976.0,-2.875428371474642,0,54.59743795717249,3.5324450773557974
2024-07-25,2153,216.99981689453125,217.4900054931641,220.8500061035156,214.6199951171875,218.92999267578125,51391200,75000.0,-0.4804556718339348,0,-16.81256636709746,2.902810142608738
2024-07-26,2154,217.46875,217.9600067138672,219.4900054931641,216.0099945068359,218.6999969482422,41601300,75024.0,0.2161024455525462,1,-19.049759491897444,1.6110416530833493
2024-07-29,2155,217.7481231689453,218.2400054931641,219.3000030517578,215.75,216.9600067138672,36311800,75096.0,0.1284633743219077,1,-12.714746894928764,1.6454243577092988
2024-07-30,2156,218.30685424804688,218.8000030517578,220.3300018310547,216.1199951171875,219.19000244140625,41643800,75120.0,0.25659711533101426,1,14.683931944987583,1.947995006933246
2024-07-31,2157,221.5794677734375,222.0800018310547,223.82000732421875,220.6300048828125,221.44000244140625,50036300,75144.0,1.4990853444005525,1,20.15305999932764,1.4458606584814329
2024-08-01,2158,217.8678436279297,218.36000061035156,224.47999572753903,217.02000427246097,224.3699951171875,62501000,75168.0,-1.6750725819666967,0,24.911314385755933,3.4374671957486056
2024-08-02,2159,219.3644561767578,219.86000061035156,225.6000061035156,217.7100067138672,219.1499938964844,105568600,75192.0,0.6869389978967133,1,68.90705748708021,3.6240866962160863
2024-08-05,2160,208.79833984375,209.27000427246097,213.5,196.0,199.08999633789065,119548600,75264.0,-4.816699858315198,0,13.242574022957587,8.928571428571429
2024-08-06,2161,206.7629241943359,207.22999572753903,209.9900054931641,201.07000732421875,205.3000030517578,69660500,75288.0,-0.9748212850733906,0,-41.73039249309486,4.436264904771272
2024-08-07,2162,209.34710693359375,209.82000732421875,213.63999938964844,206.38999938964844,206.8999938964844,63516400,75312.0,1.2498246634550902,1,-8.82006301993239,3.5127671018170594
2024-08-08,2163,212.8292236328125,213.30999755859375,214.1999969482422,208.8300018310547,213.11000061035156,47161100,75336.0,1.6633257613904107,1,-25.749727629399654,2.5714672557115974
2024-08-09,2164,215.7526397705078,216.2400054931641,216.77999877929688,211.97000122070312,212.1000061035156,42201600,75360.0,1.3735914716165532,1,-10.516082110044078,2.2691878713467486
2024-08-12,2165,217.2909393310547,217.52999877929688,219.5099945068359,215.6000061035156,216.07000732421875,38028100,75432.0,0.5965562584919315,1,-9.889435471640883,1.813538169123714
2024-08-13,2166,221.02682495117188,221.27000427246097,221.88999938964844,219.0099945068359,219.0099945068359,44155300,75456.0,1.719305619524536,1,16.112295907499984,1.3150107095786605
2024-08-14,2167,221.4763336181641,221.72000122070312,223.02999877929688,219.6999969482422,220.57000732421875,41960600,75480.0,0.20337006352115772,1,-4.9704112530092655,1.51570408616764
2024-08-15,2168,224.47303771972656,224.72000122070312,225.3500061035156,222.7599945068359,224.6000061035156,46414000,75504.0,1.353057903429189,1,10.613289609776789,1.1626915337350698
2024-08-16,2169,225.80157470703125,226.0500030517578,226.8300018310547,223.6499938964844,223.9199981689453,44340200,75528.0,0.5918484442105632,1,-4.468048433662252,1.4218681070217867
2024-08-19,2170,225.64175415039065,225.88999938964844,225.9900054931641,223.0399932861328,225.72000122070312,40687800,75600.0,-0.07078241979617816,0,-8.237220400449253,1.3226382244581476
2024-08-20,2171,226.2610626220703,226.5099945068359,227.1699981689453,225.4499969482422,225.77000427246097,30299000,75624.0,0.27446771387076296,1,-25.53296074007442,0.7629191590089023
2024-08-21,2172,226.15118408203125,226.3999938964844,227.97999572753903,225.0500030517578,226.52000427246097,34765500,75648.0,-0.04856324798868661,0,14.741410607610806,1.3019296316594011
2024-08-22,2173,224.2832489013672,224.52999877929688,228.33999633789065,223.8999938964844,227.7899932861328,43695300,75672.0,-0.8259695969967784,0,25.685809207403885,1.9830292820190938
2024-08-23,2174,226.5906982421875,226.83999633789065,228.22000122070312,224.3300018310547,225.66000366210935,38677300,75696.0,1.0288146667049247,1,-11.484072657700029,1.7340522256929491
2024-08-26,2175,226.93032836914065,227.17999267578125,227.27999877929688,223.88999938964844,226.7599945068359,30602200,75768.0,0.14988376978464224,1,-20.878137822443655,1.5141361377864089
2024-08-27,2176,227.7793884277344,228.02999877929688,228.8500061035156,224.88999938964844,226.0,35934600,75792.0,0.37415535298863656,1,17.424891020906983,1.7608638554914045
2024-08-28,2177,226.2410888671875,226.4900054931641,229.86000061035156,225.67999267578125,227.9199981689453,38052200,75816.0,-0.6753467940081359,0,5.892927707557627,1.8521836539473127
2024-08-29,2178,229.53746032714844,229.7899932861328,232.9199981689453,228.8800048828125,230.1000061035156,51906300,75840.0,1.4570125448949867,1,36.40814460136339,1.7651141209129675
2024-08-30,2179,228.7483367919922,229.0,230.3999938964844,227.47999572753903,230.19000244140625,52990800,75864.0,-0.34378924636161434,0,2.0893417562030114,1.2836285492297776
2024-09-03,2180,222.52517700195312,222.77000427246097,229.0,221.1699981689453,228.5500030517578,50190600,75960.0,-2.720522151763771,0,-5.2843135034760795,3.540264003200641
2024-09-04,2181,220.6072998046875,220.8500061035156,221.77999877929688,217.47999572753903,221.66000366210935,43840200,75984.0,-0.8618746384711162,0,-12.652568409224042,1.977194747210187
2024-09-05,2182,222.13560485839844,222.3800048828125,225.47999572753903,221.52000427246097,221.6300048828125,36615400,76008.0,0.6927773316790287,1,-16.479851825493498,1.7876450788649467
2024-09-06,2183,220.57733154296875,220.82000732421875,225.2400054931641,219.77000427246097,223.9499969482422,48423000,76032.0,-0.7015008203708928,0,32.24763350939768,2.488966243965516
2024-09-09,2184,220.6672210693359,220.91000366210935,221.27000427246097,216.7100067138672,220.82000732421875,67180000,76104.0,0.04075551802624755,1,38.73572475889557,2.104193353938919
2024-09-10,2185,219.86810302734375,220.11000061035156,221.47999572753903,216.72999572753903,218.9199981689453,51591000,76128.0,-0.36213980285900726,0,-23.204822863947605,2.1916670943746235
2024-09-11,2186,222.4152984619141,222.66000366210935,223.08999633789065,217.88999938964844,221.4600067138672,44587100,76152.0,1.1585130365211915,1,-13.575817487546281,2.386523917026207
2024-09-12,2187,222.52517700195312,222.77000427246097,223.5500030517578,219.82000732421875,222.5,37498200,76176.0,0.049402950032528814,1,-15.898993206555257,1.6968408712850176
2024-09-13,2188,222.25547790527344,222.5,224.0399932861328,221.91000366210935,223.5800018310547,36766600,76200.0,-0.1212031545013259,0,-1.951026982628501,0.959843895666231
2024-09-16,2189,216.082275390625,216.32000732421875,217.22000122070312,213.9199981689453,216.5399932861328,59357400,76272.0,-2.7775247981039364,0,61.44381041488742,1.5426341997028274
2024-09-17,2190,216.55174255371097,216.7899932861328,216.8999938964844,214.5,215.75,45519300,76296.0,0.21726421320320544,1,-23.31318420281212,1.1188782734193023
2024-09-18,2191,220.4474639892578,220.69000244140625,222.7100067138672,217.5399932861328,217.5500030517578,59894900,76320.0,1.7989802463465043,1,31.58132923836703,2.3765806689780478
2024-09-19,2192,228.61846923828125,228.8699951171875,229.82000732421875,224.6300048828125,224.9900054931641,66781300,76344.0,3.7065533487195657,1,11.497473073667376,2.3104671364423592
2024-09-20,2193,227.94920349121097,228.1999969482422,233.08999633789065,227.6199951171875,229.97000122070312,318679900,76368.0,-0.2927418111763669,0,377.19930579368776,2.403128608225735
2024-09-23,2194,226.2211151123047,226.47000122070312,229.4499969482422,225.80999755859375,227.33999633789065,54146000,76440.0,-0.7581050616453089,0,-83.00928298270459,1.6119744161034861
2024-09-24,2195,227.1201171875,227.3699951171875,229.3500061035156,225.72999572753903,228.6499938964844,43556100,76464.0,0.39740093241191765,1,-19.55804676245706,1.6036904463268553
2024-09-25,2196,226.1212158203125,226.3699951171875,227.2899932861328,224.02000427246097,224.92999267578125,42308700,76488.0,-0.43981177001151117,0,-2.8638927727689167,1.4596861669972883
2024-09-26,2197,227.26995849609375,227.52000427246097,228.5,225.41000366210935,227.3000030517578,36636700,76512.0,0.5080219022305155,1,-13.406226142613697,1.3708337197503322
2024-09-27,2198,227.53965759277344,227.7899932861328,229.52000427246097,227.3000030517578,228.4600067138672,34026000,76536.0,0.11866605511685613,1,-7.1259147248524,0.9766833219961037
2024-09-30,2199,232.7439422607422,233.0,233.0,229.6499938964844,230.0399932861328,54541900,76608.0,2.287197360475246,1,60.29477458414154,1.4587442597649813
2024-10-01,2200,225.96141052246097,226.2100067138672,229.6499938964844,223.7400054931641,229.52000427246097,63285000,76632.0,-2.9141602086406926,0,16.03006129232756,2.6414535881920678
2024-10-02,2201,226.53077697753903,226.77999877929688,227.3699951171875,223.02000427246097,225.88999938964844,32880600,76656.0,0.2519747352073054,1,-48.043612230386344,1.950493570707765
2024-10-03,2202,225.42198181152344,225.6699981689453,226.80999755859375,223.32000732421875,225.13999938964844,34044200,76680.0,-0.4894614235498862,0,3.53886486256334,1.5627754432714973
2024-10-04,2203,226.55075073242188,226.8000030517578,228.0,224.1300048828125,227.8999938964844,37245100,76704.0,0.5007333238716605,1,9.402188919111044,1.7266742662192625
2024-10-07,2204,221.4463653564453,221.69000244140625,225.69000244140625,221.3300018310547,224.5,39505400,76776.0,-2.253086658550618,0,6.068717764215958,1.969909444847713
2024-10-08,2205,225.5218811035156,225.77000427246097,225.97999572753903,223.25,224.3000030517578,31855700,76800.0,1.8404085823099159,1,-19.3636819270277,1.2228424311485036
2024-10-09,2206,229.28773498535156,229.5399932861328,229.75,224.8300018310547,225.22999572753903,33591100,76824.0,1.6698360908574017,1,5.447690680160844,2.188319231808918
2024-10-10,2207,228.7882843017578,229.0399932861328,229.5,227.1699981689453,227.77999877929688,28183500,76848.0,-0.21782696463562568,0,-16.09831175519706,1.0256644142427098
2024-10-11,2208,227.2999267578125,227.5500030517578,229.41000366210935,227.33999633789065,229.3000030517578,31759200,76872.0,-0.6505371454991304,0,12.687210601947951,0.910533719346984
2024-10-14,2209,231.0458068847656,231.3000030517578,231.72999572753903,228.6000061035156,228.6999969482422,39882100,76944.0,1.647989430765695,1,25.576525857074483,1.369199274039434
2024-10-15,2210,233.5930023193359,233.8500061035156,237.4900054931641,232.3699951171875,233.61000061035156,64751400,76968.0,1.1024656368842312,1,62.357047397203246,2.203387048054331
2024-10-16,2211,231.5252685546875,231.77999877929688,232.1199951171875,229.83999633789065,231.6000061035156,34082200,76992.0,-0.8851859184054955,0,-47.36453574748963,0.9919939156042241
2024-10-17,2212,231.89486694335935,232.1499938964844,233.8500061035156,230.52000427246097,233.42999267578125,32993800,77016.0,0.1596320300009335,1,-3.1934558215138686,1.4445608924762843
2024-10-18,2213,234.74172973632812,235.0,236.17999267578125,234.0099945068359,236.17999267578125,46431500,77040.0,1.227657195109133,1,40.727954949111655,0.9273100379829934
2024-10-21,2214,236.22010803222656,236.47999572753903,236.8500061035156,234.4499969482422,234.4499969482422,36254500,77112.0,0.629785415974049,1,-21.918309768153087,1.0236763431492992
2024-10-22,2215,235.60079956054688,235.86000061035156,236.22000122070312,232.6000061035156,233.88999938964844,38846600,77136.0,-0.2621765597043524,0,7.149733136576142,1.5563177223548725
2024-10-23,2216,230.5063934326172,230.7599945068359,235.13999938964844,227.7599945068359,234.0800018310547,52287000,77160.0,-2.1623022514703716,0,34.598652134292315,3.240255119777423
2024-10-24,2217,230.31661987304688,230.57000732421875,230.82000732421875,228.41000366210935,229.97999572753903,31109500,77184.0,-0.08233107433686104,0,-40.502419339415155,1.0551217650145313
2024-10-25,2218,231.1556854248047,231.41000366210935,233.22000122070312,229.57000732421875,229.7400054931641,38802300,77208.0,0.36431292501519774,1,24.72813770713127,1.5899262882931986
2024-10-28,2219,233.14349365234375,233.3999938964844,234.72999572753903,232.5500030517578,233.32000732421875,36087100,77280.0,0.8599413175243376,1,-6.997523342688449,0.9374296483221412
2024-10-29,2220,233.41319274902344,233.6699981689453,234.3300018310547,232.32000732421875,233.1000061035156,35417200,77304.0,0.11568306748999113,1,-1.8563420169534273,0.8651835586553035
2024-10-30,2221,229.8471221923828,230.1000061035156,233.47000122070312,229.5500030517578,232.61000061035156,47070900,77328.0,-1.5277922255336307,0,32.90406920931073,1.707688136280029
2024-10-31,2222,225.66172790527344,225.91000366210935,229.8300018310547,225.3699951171875,229.33999633789065,64370100,77352.0,-1.820948426885871,0,36.7513686800125,1.9789709413394099
